-- phpMyAdmin SQL Dump
-- version 5.1.1deb5ubuntu1
-- https://www.phpmyadmin.net/
--
-- Hôte : localhost:3306
-- Généré le : lun. 14 nov. 2022 à 20:57
-- Version du serveur : 8.0.31-0ubuntu0.22.04.1
-- Version de PHP : 8.1.2-1ubuntu2.6

SET SQL_MODE = "NO_AUTO_VALUE_ON_ZERO";
START TRANSACTION;
SET time_zone = "+00:00";


/*!40101 SET @OLD_CHARACTER_SET_CLIENT=@@CHARACTER_SET_CLIENT */;
/*!40101 SET @OLD_CHARACTER_SET_RESULTS=@@CHARACTER_SET_RESULTS */;
/*!40101 SET @OLD_COLLATION_CONNECTION=@@COLLATION_CONNECTION */;
/*!40101 SET NAMES utf8mb4 */;

--
-- Base de données : `LP1-CIASIE_Atelier1`
--

-- --------------------------------------------------------

--
-- Structure de la table `comment`
--

CREATE TABLE `comment` (
  `id` int NOT NULL,
  `id_picture` int DEFAULT NULL,
  `id_user` int DEFAULT NULL,
  `content` text NOT NULL
) ENGINE=InnoDB DEFAULT CHARSET=utf8mb3;

-- --------------------------------------------------------

--
-- Structure de la table `galery`
--

CREATE TABLE `galery` (
  `id` int NOT NULL,
  `title` varchar(64) DEFAULT NULL,
  `description` text,
  `private` tinyint(1) DEFAULT NULL,
  `created_at` timestamp NOT NULL DEFAULT CURRENT_TIMESTAMP ON UPDATE CURRENT_TIMESTAMP,
  `updated_at` timestamp NOT NULL DEFAULT '0000-00-00 00:00:00'
) ENGINE=InnoDB DEFAULT CHARSET=utf8mb3;

--
-- Déchargement des données de la table `galery`
--

INSERT INTO `galery` (`id`, `title`, `description`, `private`, `created_at`, `updated_at`) VALUES
(1, 'decision', 'Lorem ipsum dolor sit amet, consectetur adipiscing elit. Maecenas finibus nibh et justo sollicitudin accumsan. Morbi viverra sollicitudin nisi.', 0, '2022-11-14 16:59:00', '2022-11-14 16:59:00'),
(2, 'university', 'Lorem ipsum dolor sit amet, consectetur adipiscing elit. Maecenas finibus nibh et justo sollicitudin accumsan. Morbi viverra sollicitudin nisi.', 0, '2022-11-14 16:59:00', '2022-11-14 16:59:00'),
(3, 'historian', 'Lorem ipsum dolor sit amet, consectetur adipiscing elit. Maecenas finibus nibh et justo sollicitudin accumsan. Morbi viverra sollicitudin nisi.', 0, '2022-11-14 16:59:01', '2022-11-14 16:59:01'),
(4, 'awareness', 'Lorem ipsum dolor sit amet, consectetur adipiscing elit. Maecenas finibus nibh et justo sollicitudin accumsan. Morbi viverra sollicitudin nisi.', 0, '2022-11-14 16:59:01', '2022-11-14 16:59:01'),
(5, 'mood', 'Lorem ipsum dolor sit amet, consectetur adipiscing elit. Maecenas finibus nibh et justo sollicitudin accumsan. Morbi viverra sollicitudin nisi.', 0, '2022-11-14 16:59:01', '2022-11-14 16:59:01'),
(6, 'device', 'Lorem ipsum dolor sit amet, consectetur adipiscing elit. Maecenas finibus nibh et justo sollicitudin accumsan. Morbi viverra sollicitudin nisi.', 0, '2022-11-14 16:59:02', '2022-11-14 16:59:02'),
(7, 'virus', 'Lorem ipsum dolor sit amet, consectetur adipiscing elit. Maecenas finibus nibh et justo sollicitudin accumsan. Morbi viverra sollicitudin nisi.', 0, '2022-11-14 16:59:02', '2022-11-14 16:59:02'),
(8, 'politics', 'Lorem ipsum dolor sit amet, consectetur adipiscing elit. Maecenas finibus nibh et justo sollicitudin accumsan. Morbi viverra sollicitudin nisi.', 0, '2022-11-14 16:59:03', '2022-11-14 16:59:03'),
(9, 'girl', 'Lorem ipsum dolor sit amet, consectetur adipiscing elit. Maecenas finibus nibh et justo sollicitudin accumsan. Morbi viverra sollicitudin nisi.', 0, '2022-11-14 16:59:03', '2022-11-14 16:59:03'),
(10, 'football', 'Lorem ipsum dolor sit amet, consectetur adipiscing elit. Maecenas finibus nibh et justo sollicitudin accumsan. Morbi viverra sollicitudin nisi.', 0, '2022-11-14 16:59:04', '2022-11-14 16:59:04'),
(11, 'affair', 'Lorem ipsum dolor sit amet, consectetur adipiscing elit. Maecenas finibus nibh et justo sollicitudin accumsan. Morbi viverra sollicitudin nisi.', 0, '2022-11-14 16:59:04', '2022-11-14 16:59:04'),
(12, 'wealth', 'Lorem ipsum dolor sit amet, consectetur adipiscing elit. Maecenas finibus nibh et justo sollicitudin accumsan. Morbi viverra sollicitudin nisi.', 0, '2022-11-14 16:59:05', '2022-11-14 16:59:05'),
(13, 'charity', 'Lorem ipsum dolor sit amet, consectetur adipiscing elit. Maecenas finibus nibh et justo sollicitudin accumsan. Morbi viverra sollicitudin nisi.', 0, '2022-11-14 16:59:05', '2022-11-14 16:59:05'),
(14, 'dealer', 'Lorem ipsum dolor sit amet, consectetur adipiscing elit. Maecenas finibus nibh et justo sollicitudin accumsan. Morbi viverra sollicitudin nisi.', 0, '2022-11-14 16:59:06', '2022-11-14 16:59:06'),
(15, 'confusion', 'Lorem ipsum dolor sit amet, consectetur adipiscing elit. Maecenas finibus nibh et justo sollicitudin accumsan. Morbi viverra sollicitudin nisi.', 0, '2022-11-14 16:59:06', '2022-11-14 16:59:06'),
(16, 'event', 'Lorem ipsum dolor sit amet, consectetur adipiscing elit. Maecenas finibus nibh et justo sollicitudin accumsan. Morbi viverra sollicitudin nisi.', 0, '2022-11-14 16:59:06', '2022-11-14 16:59:06'),
(17, 'meat', 'Lorem ipsum dolor sit amet, consectetur adipiscing elit. Maecenas finibus nibh et justo sollicitudin accumsan. Morbi viverra sollicitudin nisi.', 0, '2022-11-14 16:59:07', '2022-11-14 16:59:07'),
(18, 'distribution', 'Lorem ipsum dolor sit amet, consectetur adipiscing elit. Maecenas finibus nibh et justo sollicitudin accumsan. Morbi viverra sollicitudin nisi.', 0, '2022-11-14 16:59:07', '2022-11-14 16:59:07'),
(19, 'atmosphere', 'Lorem ipsum dolor sit amet, consectetur adipiscing elit. Maecenas finibus nibh et justo sollicitudin accumsan. Morbi viverra sollicitudin nisi.', 0, '2022-11-14 16:59:08', '2022-11-14 16:59:08'),
(20, 'mall', 'Lorem ipsum dolor sit amet, consectetur adipiscing elit. Maecenas finibus nibh et justo sollicitudin accumsan. Morbi viverra sollicitudin nisi.', 0, '2022-11-14 16:59:08', '2022-11-14 16:59:08'),
(21, 'setting', 'Lorem ipsum dolor sit amet, consectetur adipiscing elit. Maecenas finibus nibh et justo sollicitudin accumsan. Morbi viverra sollicitudin nisi.', 0, '2022-11-14 16:59:09', '2022-11-14 16:59:09'),
(22, 'reputation', 'Lorem ipsum dolor sit amet, consectetur adipiscing elit. Maecenas finibus nibh et justo sollicitudin accumsan. Morbi viverra sollicitudin nisi.', 0, '2022-11-14 16:59:09', '2022-11-14 16:59:09'),
(23, 'satisfaction', 'Lorem ipsum dolor sit amet, consectetur adipiscing elit. Maecenas finibus nibh et justo sollicitudin accumsan. Morbi viverra sollicitudin nisi.', 0, '2022-11-14 16:59:10', '2022-11-14 16:59:10'),
(24, 'ear', 'Lorem ipsum dolor sit amet, consectetur adipiscing elit. Maecenas finibus nibh et justo sollicitudin accumsan. Morbi viverra sollicitudin nisi.', 0, '2022-11-14 16:59:10', '2022-11-14 16:59:10'),
(25, 'guest', 'Lorem ipsum dolor sit amet, consectetur adipiscing elit. Maecenas finibus nibh et justo sollicitudin accumsan. Morbi viverra sollicitudin nisi.', 0, '2022-11-14 16:59:10', '2022-11-14 16:59:10'),
(26, 'river', 'Lorem ipsum dolor sit amet, consectetur adipiscing elit. Maecenas finibus nibh et justo sollicitudin accumsan. Morbi viverra sollicitudin nisi.', 0, '2022-11-14 16:59:11', '2022-11-14 16:59:11'),
(27, 'feedback', 'Lorem ipsum dolor sit amet, consectetur adipiscing elit. Maecenas finibus nibh et justo sollicitudin accumsan. Morbi viverra sollicitudin nisi.', 0, '2022-11-14 16:59:11', '2022-11-14 16:59:11'),
(28, 'platform', 'Lorem ipsum dolor sit amet, consectetur adipiscing elit. Maecenas finibus nibh et justo sollicitudin accumsan. Morbi viverra sollicitudin nisi.', 0, '2022-11-14 16:59:12', '2022-11-14 16:59:12'),
(29, 'pie', 'Lorem ipsum dolor sit amet, consectetur adipiscing elit. Maecenas finibus nibh et justo sollicitudin accumsan. Morbi viverra sollicitudin nisi.', 0, '2022-11-14 16:59:12', '2022-11-14 16:59:12'),
(30, 'examination', 'Lorem ipsum dolor sit amet, consectetur adipiscing elit. Maecenas finibus nibh et justo sollicitudin accumsan. Morbi viverra sollicitudin nisi.', 0, '2022-11-14 16:59:13', '2022-11-14 16:59:13'),
(31, 'information', 'Lorem ipsum dolor sit amet, consectetur adipiscing elit. Maecenas finibus nibh et justo sollicitudin accumsan. Morbi viverra sollicitudin nisi.', 0, '2022-11-14 16:59:13', '2022-11-14 16:59:13'),
(32, 'length', 'Lorem ipsum dolor sit amet, consectetur adipiscing elit. Maecenas finibus nibh et justo sollicitudin accumsan. Morbi viverra sollicitudin nisi.', 0, '2022-11-14 16:59:14', '2022-11-14 16:59:14'),
(33, 'director', 'Lorem ipsum dolor sit amet, consectetur adipiscing elit. Maecenas finibus nibh et justo sollicitudin accumsan. Morbi viverra sollicitudin nisi.', 0, '2022-11-14 16:59:14', '2022-11-14 16:59:14'),
(34, 'history', 'Lorem ipsum dolor sit amet, consectetur adipiscing elit. Maecenas finibus nibh et justo sollicitudin accumsan. Morbi viverra sollicitudin nisi.', 0, '2022-11-14 16:59:14', '2022-11-14 16:59:14'),
(35, 'equipment', 'Lorem ipsum dolor sit amet, consectetur adipiscing elit. Maecenas finibus nibh et justo sollicitudin accumsan. Morbi viverra sollicitudin nisi.', 0, '2022-11-14 16:59:15', '2022-11-14 16:59:15'),
(36, 'instruction', 'Lorem ipsum dolor sit amet, consectetur adipiscing elit. Maecenas finibus nibh et justo sollicitudin accumsan. Morbi viverra sollicitudin nisi.', 0, '2022-11-14 16:59:15', '2022-11-14 16:59:15'),
(37, 'personality', 'Lorem ipsum dolor sit amet, consectetur adipiscing elit. Maecenas finibus nibh et justo sollicitudin accumsan. Morbi viverra sollicitudin nisi.', 0, '2022-11-14 16:59:16', '2022-11-14 16:59:16'),
(38, 'apartment', 'Lorem ipsum dolor sit amet, consectetur adipiscing elit. Maecenas finibus nibh et justo sollicitudin accumsan. Morbi viverra sollicitudin nisi.', 0, '2022-11-14 16:59:16', '2022-11-14 16:59:16'),
(39, 'employer', 'Lorem ipsum dolor sit amet, consectetur adipiscing elit. Maecenas finibus nibh et justo sollicitudin accumsan. Morbi viverra sollicitudin nisi.', 0, '2022-11-14 16:59:17', '2022-11-14 16:59:17'),
(40, 'wedding', 'Lorem ipsum dolor sit amet, consectetur adipiscing elit. Maecenas finibus nibh et justo sollicitudin accumsan. Morbi viverra sollicitudin nisi.', 0, '2022-11-14 16:59:17', '2022-11-14 16:59:17'),
(41, 'youth', 'Lorem ipsum dolor sit amet, consectetur adipiscing elit. Maecenas finibus nibh et justo sollicitudin accumsan. Morbi viverra sollicitudin nisi.', 0, '2022-11-14 16:59:18', '2022-11-14 16:59:18'),
(42, 'difference', 'Lorem ipsum dolor sit amet, consectetur adipiscing elit. Maecenas finibus nibh et justo sollicitudin accumsan. Morbi viverra sollicitudin nisi.', 0, '2022-11-14 16:59:18', '2022-11-14 16:59:18'),
(43, 'cancer', 'Lorem ipsum dolor sit amet, consectetur adipiscing elit. Maecenas finibus nibh et justo sollicitudin accumsan. Morbi viverra sollicitudin nisi.', 0, '2022-11-14 16:59:19', '2022-11-14 16:59:19'),
(44, 'assignment', 'Lorem ipsum dolor sit amet, consectetur adipiscing elit. Maecenas finibus nibh et justo sollicitudin accumsan. Morbi viverra sollicitudin nisi.', 0, '2022-11-14 16:59:19', '2022-11-14 16:59:19'),
(45, 'mud', 'Lorem ipsum dolor sit amet, consectetur adipiscing elit. Maecenas finibus nibh et justo sollicitudin accumsan. Morbi viverra sollicitudin nisi.', 0, '2022-11-14 16:59:19', '2022-11-14 16:59:19'),
(46, 'departure', 'Lorem ipsum dolor sit amet, consectetur adipiscing elit. Maecenas finibus nibh et justo sollicitudin accumsan. Morbi viverra sollicitudin nisi.', 0, '2022-11-14 16:59:20', '2022-11-14 16:59:20'),
(47, 'heart', 'Lorem ipsum dolor sit amet, consectetur adipiscing elit. Maecenas finibus nibh et justo sollicitudin accumsan. Morbi viverra sollicitudin nisi.', 0, '2022-11-14 16:59:20', '2022-11-14 16:59:20'),
(48, 'topic', 'Lorem ipsum dolor sit amet, consectetur adipiscing elit. Maecenas finibus nibh et justo sollicitudin accumsan. Morbi viverra sollicitudin nisi.', 0, '2022-11-14 16:59:21', '2022-11-14 16:59:21'),
(49, 'climate', 'Lorem ipsum dolor sit amet, consectetur adipiscing elit. Maecenas finibus nibh et justo sollicitudin accumsan. Morbi viverra sollicitudin nisi.', 0, '2022-11-14 16:59:21', '2022-11-14 16:59:21'),
(50, 'organization', 'Lorem ipsum dolor sit amet, consectetur adipiscing elit. Maecenas finibus nibh et justo sollicitudin accumsan. Morbi viverra sollicitudin nisi.', 0, '2022-11-14 16:59:22', '2022-11-14 16:59:22');

-- --------------------------------------------------------

--
-- Structure de la table `galery_tag`
--

CREATE TABLE `galery_tag` (
  `id_tag` int NOT NULL,
  `id_galery` int NOT NULL
) ENGINE=InnoDB DEFAULT CHARSET=utf8mb3;

--
-- Déchargement des données de la table `galery_tag`
--

INSERT INTO `galery_tag` (`id_tag`, `id_galery`) VALUES
(1, 1),
(2, 1),
(3, 1),
(7, 2),
(47, 2),
(39, 2),
(12, 3),
(27, 3),
(13, 3),
(40, 4),
(37, 4),
(17, 4),
(43, 5),
(31, 5),
(11, 5),
(3, 6),
(37, 6),
(18, 6),
(7, 7),
(20, 7),
(46, 7),
(42, 8),
(38, 8),
(37, 8),
(38, 9),
(21, 9),
(19, 9),
(48, 10),
(29, 10),
(13, 10),
(49, 11),
(22, 11),
(24, 11),
(17, 12),
(24, 12),
(28, 12),
(4, 13),
(9, 13),
(31, 13),
(1, 14),
(43, 14),
(50, 14),
(49, 15),
(43, 15),
(1, 15),
(16, 16),
(16, 16),
(19, 16),
(17, 17),
(20, 17),
(25, 17),
(16, 18),
(28, 18),
(39, 18),
(16, 19),
(40, 19),
(33, 19),
(21, 20),
(33, 20),
(21, 20),
(35, 21),
(32, 21),
(3, 21),
(13, 22),
(41, 22),
(16, 22),
(47, 23),
(6, 23),
(20, 23),
(38, 24),
(26, 24),
(21, 24),
(28, 25),
(28, 25),
(11, 25),
(49, 26),
(12, 26),
(8, 26),
(16, 27),
(36, 27),
(37, 27),
(30, 28),
(13, 28),
(3, 28),
(34, 29),
(48, 29),
(3, 29),
(43, 30),
(10, 30),
(21, 30),
(37, 31),
(20, 31),
(34, 31),
(27, 32),
(1, 32),
(23, 32),
(49, 33),
(22, 33),
(35, 33),
(30, 34),
(1, 34),
(49, 34),
(32, 35),
(16, 35),
(38, 35),
(39, 36),
(29, 36),
(50, 36),
(49, 37),
(23, 37),
(3, 37),
(38, 38),
(22, 38),
(23, 38),
(36, 39),
(2, 39),
(40, 39),
(11, 40),
(7, 40),
(21, 40),
(3, 41),
(40, 41),
(39, 41),
(47, 42),
(17, 42),
(29, 42),
(6, 43),
(5, 43),
(33, 43),
(42, 44),
(47, 44),
(2, 44),
(19, 45),
(44, 45),
(41, 45),
(44, 46),
(34, 46),
(40, 46),
(21, 47),
(49, 47),
(1, 47),
(14, 48),
(17, 48),
(5, 48),
(7, 49),
(39, 49),
(24, 49),
(26, 50),
(39, 50),
(50, 50);

-- --------------------------------------------------------

--
-- Structure de la table `organization`
--

CREATE TABLE `organization` (
  `id` int NOT NULL,
  `name` varchar(64) DEFAULT NULL,
  `created_at` timestamp NOT NULL DEFAULT CURRENT_TIMESTAMP ON UPDATE CURRENT_TIMESTAMP,
  `updated_at` timestamp NOT NULL DEFAULT '0000-00-00 00:00:00'
) ENGINE=InnoDB DEFAULT CHARSET=utf8mb3;

-- --------------------------------------------------------

--
-- Structure de la table `picture`
--

CREATE TABLE `picture` (
  `id` int NOT NULL,
  `id_galery` int DEFAULT NULL,
  `title` varchar(64) DEFAULT NULL,
  `name_file` varchar(256) DEFAULT NULL,
  `created_at` timestamp NOT NULL DEFAULT CURRENT_TIMESTAMP ON UPDATE CURRENT_TIMESTAMP,
  `updated_at` timestamp NOT NULL DEFAULT '0000-00-00 00:00:00'
) ENGINE=InnoDB DEFAULT CHARSET=utf8mb3;

--
-- Déchargement des données de la table `picture`
--

INSERT INTO `picture` (`id`, `id_galery`, `title`, `name_file`, `created_at`, `updated_at`) VALUES
(1, 1, 'decision', 'https://picsum.photos/seed/1706/2489/2040', '2022-11-14 16:59:00', '2022-11-14 16:59:00'),
(2, 1, 'university', 'https://picsum.photos/seed/1003/1196/933', '2022-11-14 16:59:00', '2022-11-14 16:59:00'),
(3, 1, 'historian', 'https://picsum.photos/seed/1198/2874/764', '2022-11-14 16:59:00', '2022-11-14 16:59:00'),
(4, 1, 'awareness', 'https://picsum.photos/seed/1703/3068/1030', '2022-11-14 16:59:00', '2022-11-14 16:59:00'),
(5, 1, 'mood', 'https://picsum.photos/seed/1516/2073/1132', '2022-11-14 16:59:00', '2022-11-14 16:59:00'),
(6, 1, 'device', 'https://picsum.photos/seed/2470/3202/1086', '2022-11-14 16:59:00', '2022-11-14 16:59:00'),
(7, 1, 'virus', 'https://picsum.photos/seed/3635/3816/1103', '2022-11-14 16:59:00', '2022-11-14 16:59:00'),
(8, 1, 'politics', 'https://picsum.photos/seed/3277/3294/1386', '2022-11-14 16:59:00', '2022-11-14 16:59:00'),
(9, 1, 'girl', 'https://picsum.photos/seed/1978/2714/1597', '2022-11-14 16:59:00', '2022-11-14 16:59:00'),
(10, 1, 'football', 'https://picsum.photos/seed/396/2659/1722', '2022-11-14 16:59:00', '2022-11-14 16:59:00'),
(11, 1, 'affair', 'https://picsum.photos/seed/4925/2939/1464', '2022-11-14 16:59:00', '2022-11-14 16:59:00'),
(12, 1, 'wealth', 'https://picsum.photos/seed/3972/2090/722', '2022-11-14 16:59:00', '2022-11-14 16:59:00'),
(13, 1, 'charity', 'https://picsum.photos/seed/1943/2253/781', '2022-11-14 16:59:00', '2022-11-14 16:59:00'),
(14, 1, 'dealer', 'https://picsum.photos/seed/539/3683/1633', '2022-11-14 16:59:00', '2022-11-14 16:59:00'),
(15, 1, 'confusion', 'https://picsum.photos/seed/3466/2012/1977', '2022-11-14 16:59:00', '2022-11-14 16:59:00'),
(16, 1, 'event', 'https://picsum.photos/seed/4080/3666/1958', '2022-11-14 16:59:00', '2022-11-14 16:59:00'),
(17, 1, 'meat', 'https://picsum.photos/seed/4577/3288/1606', '2022-11-14 16:59:00', '2022-11-14 16:59:00'),
(18, 1, 'distribution', 'https://picsum.photos/seed/10/1577/848', '2022-11-14 16:59:00', '2022-11-14 16:59:00'),
(19, 1, 'atmosphere', 'https://picsum.photos/seed/1257/1955/2013', '2022-11-14 16:59:00', '2022-11-14 16:59:00'),
(20, 1, 'mall', 'https://picsum.photos/seed/3051/799/1299', '2022-11-14 16:59:00', '2022-11-14 16:59:00'),
(21, 1, 'setting', 'https://picsum.photos/seed/3259/2195/2049', '2022-11-14 16:59:00', '2022-11-14 16:59:00'),
(22, 1, 'reputation', 'https://picsum.photos/seed/3833/3291/955', '2022-11-14 16:59:00', '2022-11-14 16:59:00'),
(23, 1, 'satisfaction', 'https://picsum.photos/seed/2691/1851/1784', '2022-11-14 16:59:00', '2022-11-14 16:59:00'),
(24, 1, 'ear', 'https://picsum.photos/seed/1106/2648/1747', '2022-11-14 16:59:00', '2022-11-14 16:59:00'),
(25, 1, 'guest', 'https://picsum.photos/seed/2176/3251/1948', '2022-11-14 16:59:00', '2022-11-14 16:59:00'),
(26, 1, 'river', 'https://picsum.photos/seed/2270/1778/1145', '2022-11-14 16:59:00', '2022-11-14 16:59:00'),
(27, 1, 'feedback', 'https://picsum.photos/seed/1038/815/1141', '2022-11-14 16:59:00', '2022-11-14 16:59:00'),
(28, 1, 'platform', 'https://picsum.photos/seed/1410/2599/840', '2022-11-14 16:59:00', '2022-11-14 16:59:00'),
(29, 1, 'pie', 'https://picsum.photos/seed/1717/1882/766', '2022-11-14 16:59:00', '2022-11-14 16:59:00'),
(30, 1, 'examination', 'https://picsum.photos/seed/2353/3816/1309', '2022-11-14 16:59:00', '2022-11-14 16:59:00'),
(31, 1, 'information', 'https://picsum.photos/seed/4171/1915/2126', '2022-11-14 16:59:00', '2022-11-14 16:59:00'),
(32, 1, 'length', 'https://picsum.photos/seed/2657/3189/1127', '2022-11-14 16:59:00', '2022-11-14 16:59:00'),
(33, 1, 'director', 'https://picsum.photos/seed/4864/820/1903', '2022-11-14 16:59:00', '2022-11-14 16:59:00'),
(34, 1, 'history', 'https://picsum.photos/seed/2860/1821/1711', '2022-11-14 16:59:00', '2022-11-14 16:59:00'),
(35, 1, 'equipment', 'https://picsum.photos/seed/4005/3442/1590', '2022-11-14 16:59:00', '2022-11-14 16:59:00'),
(36, 1, 'instruction', 'https://picsum.photos/seed/4671/3356/1782', '2022-11-14 16:59:00', '2022-11-14 16:59:00'),
(37, 1, 'personality', 'https://picsum.photos/seed/3749/838/748', '2022-11-14 16:59:00', '2022-11-14 16:59:00'),
(38, 1, 'apartment', 'https://picsum.photos/seed/86/867/1423', '2022-11-14 16:59:00', '2022-11-14 16:59:00'),
(39, 1, 'employer', 'https://picsum.photos/seed/2157/3671/1914', '2022-11-14 16:59:00', '2022-11-14 16:59:00'),
(40, 1, 'wedding', 'https://picsum.photos/seed/2697/1611/1049', '2022-11-14 16:59:00', '2022-11-14 16:59:00'),
(41, 1, 'youth', 'https://picsum.photos/seed/3380/1400/1979', '2022-11-14 16:59:00', '2022-11-14 16:59:00'),
(42, 1, 'difference', 'https://picsum.photos/seed/2032/2826/1495', '2022-11-14 16:59:00', '2022-11-14 16:59:00'),
(43, 1, 'cancer', 'https://picsum.photos/seed/4130/834/1199', '2022-11-14 16:59:00', '2022-11-14 16:59:00'),
(44, 1, 'assignment', 'https://picsum.photos/seed/4480/924/825', '2022-11-14 16:59:00', '2022-11-14 16:59:00'),
(45, 1, 'mud', 'https://picsum.photos/seed/3187/1687/2027', '2022-11-14 16:59:00', '2022-11-14 16:59:00'),
(46, 1, 'departure', 'https://picsum.photos/seed/4967/2205/1046', '2022-11-14 16:59:00', '2022-11-14 16:59:00'),
(47, 1, 'heart', 'https://picsum.photos/seed/4567/1000/1185', '2022-11-14 16:59:00', '2022-11-14 16:59:00'),
(48, 1, 'topic', 'https://picsum.photos/seed/1385/1766/1681', '2022-11-14 16:59:00', '2022-11-14 16:59:00'),
(49, 1, 'climate', 'https://picsum.photos/seed/4465/3016/1849', '2022-11-14 16:59:00', '2022-11-14 16:59:00'),
(50, 1, 'organization', 'https://picsum.photos/seed/2002/1627/1439', '2022-11-14 16:59:00', '2022-11-14 16:59:00'),
(51, 2, 'decision', 'https://picsum.photos/seed/157/3504/1575', '2022-11-14 16:59:00', '2022-11-14 16:59:00'),
(52, 2, 'university', 'https://picsum.photos/seed/4768/3430/1313', '2022-11-14 16:59:00', '2022-11-14 16:59:00'),
(53, 2, 'historian', 'https://picsum.photos/seed/1043/1601/1933', '2022-11-14 16:59:00', '2022-11-14 16:59:00'),
(54, 2, 'awareness', 'https://picsum.photos/seed/3576/3678/1009', '2022-11-14 16:59:00', '2022-11-14 16:59:00'),
(55, 2, 'mood', 'https://picsum.photos/seed/512/1913/1591', '2022-11-14 16:59:00', '2022-11-14 16:59:00'),
(56, 2, 'device', 'https://picsum.photos/seed/3888/2520/1501', '2022-11-14 16:59:00', '2022-11-14 16:59:00'),
(57, 2, 'virus', 'https://picsum.photos/seed/636/2007/1000', '2022-11-14 16:59:00', '2022-11-14 16:59:00'),
(58, 2, 'politics', 'https://picsum.photos/seed/293/3105/786', '2022-11-14 16:59:00', '2022-11-14 16:59:00'),
(59, 2, 'girl', 'https://picsum.photos/seed/1226/2055/851', '2022-11-14 16:59:00', '2022-11-14 16:59:00'),
(60, 2, 'football', 'https://picsum.photos/seed/3707/2908/1038', '2022-11-14 16:59:00', '2022-11-14 16:59:00'),
(61, 2, 'affair', 'https://picsum.photos/seed/2544/1799/792', '2022-11-14 16:59:00', '2022-11-14 16:59:00'),
(62, 2, 'wealth', 'https://picsum.photos/seed/2650/2086/1125', '2022-11-14 16:59:00', '2022-11-14 16:59:00'),
(63, 2, 'charity', 'https://picsum.photos/seed/2309/840/1465', '2022-11-14 16:59:00', '2022-11-14 16:59:00'),
(64, 2, 'dealer', 'https://picsum.photos/seed/4299/3584/949', '2022-11-14 16:59:00', '2022-11-14 16:59:00'),
(65, 2, 'confusion', 'https://picsum.photos/seed/4366/2387/1252', '2022-11-14 16:59:00', '2022-11-14 16:59:00'),
(66, 2, 'event', 'https://picsum.photos/seed/1874/1737/1779', '2022-11-14 16:59:00', '2022-11-14 16:59:00'),
(67, 2, 'meat', 'https://picsum.photos/seed/1245/2779/1148', '2022-11-14 16:59:00', '2022-11-14 16:59:00'),
(68, 2, 'distribution', 'https://picsum.photos/seed/4687/3761/1979', '2022-11-14 16:59:00', '2022-11-14 16:59:00'),
(69, 2, 'atmosphere', 'https://picsum.photos/seed/576/1028/2083', '2022-11-14 16:59:00', '2022-11-14 16:59:00'),
(70, 2, 'mall', 'https://picsum.photos/seed/4262/3586/941', '2022-11-14 16:59:00', '2022-11-14 16:59:00'),
(71, 2, 'setting', 'https://picsum.photos/seed/565/2839/1350', '2022-11-14 16:59:00', '2022-11-14 16:59:00'),
(72, 2, 'reputation', 'https://picsum.photos/seed/3/2151/1588', '2022-11-14 16:59:00', '2022-11-14 16:59:00'),
(73, 2, 'satisfaction', 'https://picsum.photos/seed/1454/3727/1649', '2022-11-14 16:59:00', '2022-11-14 16:59:00'),
(74, 2, 'ear', 'https://picsum.photos/seed/1859/3024/1043', '2022-11-14 16:59:00', '2022-11-14 16:59:00'),
(75, 2, 'guest', 'https://picsum.photos/seed/1853/2948/1105', '2022-11-14 16:59:00', '2022-11-14 16:59:00'),
(76, 2, 'river', 'https://picsum.photos/seed/3587/2185/1683', '2022-11-14 16:59:00', '2022-11-14 16:59:00'),
(77, 2, 'feedback', 'https://picsum.photos/seed/3930/3128/2087', '2022-11-14 16:59:00', '2022-11-14 16:59:00'),
(78, 2, 'platform', 'https://picsum.photos/seed/3118/1067/1453', '2022-11-14 16:59:00', '2022-11-14 16:59:00'),
(79, 2, 'pie', 'https://picsum.photos/seed/1687/755/1637', '2022-11-14 16:59:00', '2022-11-14 16:59:00'),
(80, 2, 'examination', 'https://picsum.photos/seed/2819/1882/2016', '2022-11-14 16:59:00', '2022-11-14 16:59:00'),
(81, 2, 'information', 'https://picsum.photos/seed/4036/2186/1858', '2022-11-14 16:59:00', '2022-11-14 16:59:00'),
(82, 2, 'length', 'https://picsum.photos/seed/584/959/1886', '2022-11-14 16:59:00', '2022-11-14 16:59:00'),
(83, 2, 'director', 'https://picsum.photos/seed/3185/2109/1619', '2022-11-14 16:59:00', '2022-11-14 16:59:00'),
(84, 2, 'history', 'https://picsum.photos/seed/2557/2606/1206', '2022-11-14 16:59:00', '2022-11-14 16:59:00'),
(85, 2, 'equipment', 'https://picsum.photos/seed/1461/3775/1118', '2022-11-14 16:59:00', '2022-11-14 16:59:00'),
(86, 2, 'instruction', 'https://picsum.photos/seed/1883/2419/1506', '2022-11-14 16:59:00', '2022-11-14 16:59:00'),
(87, 2, 'personality', 'https://picsum.photos/seed/3811/2654/1292', '2022-11-14 16:59:00', '2022-11-14 16:59:00'),
(88, 2, 'apartment', 'https://picsum.photos/seed/4363/2327/1657', '2022-11-14 16:59:00', '2022-11-14 16:59:00'),
(89, 2, 'employer', 'https://picsum.photos/seed/1583/3053/786', '2022-11-14 16:59:00', '2022-11-14 16:59:00'),
(90, 2, 'wedding', 'https://picsum.photos/seed/4881/2699/1163', '2022-11-14 16:59:00', '2022-11-14 16:59:00'),
(91, 2, 'youth', 'https://picsum.photos/seed/1349/2137/2070', '2022-11-14 16:59:00', '2022-11-14 16:59:00'),
(92, 2, 'difference', 'https://picsum.photos/seed/4701/795/1210', '2022-11-14 16:59:00', '2022-11-14 16:59:00'),
(93, 2, 'cancer', 'https://picsum.photos/seed/3482/3026/1306', '2022-11-14 16:59:00', '2022-11-14 16:59:00'),
(94, 2, 'assignment', 'https://picsum.photos/seed/1201/2925/1872', '2022-11-14 16:59:01', '2022-11-14 16:59:01'),
(95, 2, 'mud', 'https://picsum.photos/seed/1328/1133/1908', '2022-11-14 16:59:01', '2022-11-14 16:59:01'),
(96, 2, 'departure', 'https://picsum.photos/seed/28/929/1600', '2022-11-14 16:59:01', '2022-11-14 16:59:01'),
(97, 2, 'heart', 'https://picsum.photos/seed/1384/760/1423', '2022-11-14 16:59:01', '2022-11-14 16:59:01'),
(98, 2, 'topic', 'https://picsum.photos/seed/4838/1670/1559', '2022-11-14 16:59:01', '2022-11-14 16:59:01'),
(99, 2, 'climate', 'https://picsum.photos/seed/1804/1164/1617', '2022-11-14 16:59:01', '2022-11-14 16:59:01'),
(100, 2, 'organization', 'https://picsum.photos/seed/1027/3583/1114', '2022-11-14 16:59:01', '2022-11-14 16:59:01'),
(101, 3, 'decision', 'https://picsum.photos/seed/3815/3642/1648', '2022-11-14 16:59:01', '2022-11-14 16:59:01'),
(102, 3, 'university', 'https://picsum.photos/seed/373/1698/1932', '2022-11-14 16:59:01', '2022-11-14 16:59:01'),
(103, 3, 'historian', 'https://picsum.photos/seed/4000/2548/1910', '2022-11-14 16:59:01', '2022-11-14 16:59:01'),
(104, 3, 'awareness', 'https://picsum.photos/seed/1225/3332/1767', '2022-11-14 16:59:01', '2022-11-14 16:59:01'),
(105, 3, 'mood', 'https://picsum.photos/seed/1264/3805/1153', '2022-11-14 16:59:01', '2022-11-14 16:59:01'),
(106, 3, 'device', 'https://picsum.photos/seed/380/3702/1918', '2022-11-14 16:59:01', '2022-11-14 16:59:01'),
(107, 3, 'virus', 'https://picsum.photos/seed/4034/3628/1189', '2022-11-14 16:59:01', '2022-11-14 16:59:01'),
(108, 3, 'politics', 'https://picsum.photos/seed/1755/740/858', '2022-11-14 16:59:01', '2022-11-14 16:59:01'),
(109, 3, 'girl', 'https://picsum.photos/seed/1273/1806/771', '2022-11-14 16:59:01', '2022-11-14 16:59:01'),
(110, 3, 'football', 'https://picsum.photos/seed/871/871/1831', '2022-11-14 16:59:01', '2022-11-14 16:59:01'),
(111, 3, 'affair', 'https://picsum.photos/seed/1232/1221/2044', '2022-11-14 16:59:01', '2022-11-14 16:59:01'),
(112, 3, 'wealth', 'https://picsum.photos/seed/1115/1415/1650', '2022-11-14 16:59:01', '2022-11-14 16:59:01'),
(113, 3, 'charity', 'https://picsum.photos/seed/1938/3025/1989', '2022-11-14 16:59:01', '2022-11-14 16:59:01'),
(114, 3, 'dealer', 'https://picsum.photos/seed/488/3116/1307', '2022-11-14 16:59:01', '2022-11-14 16:59:01'),
(115, 3, 'confusion', 'https://picsum.photos/seed/938/2092/865', '2022-11-14 16:59:01', '2022-11-14 16:59:01'),
(116, 3, 'event', 'https://picsum.photos/seed/3788/2375/1855', '2022-11-14 16:59:01', '2022-11-14 16:59:01'),
(117, 3, 'meat', 'https://picsum.photos/seed/3839/1415/1715', '2022-11-14 16:59:01', '2022-11-14 16:59:01'),
(118, 3, 'distribution', 'https://picsum.photos/seed/4398/723/1471', '2022-11-14 16:59:01', '2022-11-14 16:59:01'),
(119, 3, 'atmosphere', 'https://picsum.photos/seed/3103/1321/2054', '2022-11-14 16:59:01', '2022-11-14 16:59:01'),
(120, 3, 'mall', 'https://picsum.photos/seed/2930/2730/1563', '2022-11-14 16:59:01', '2022-11-14 16:59:01'),
(121, 3, 'setting', 'https://picsum.photos/seed/816/2074/1399', '2022-11-14 16:59:01', '2022-11-14 16:59:01'),
(122, 3, 'reputation', 'https://picsum.photos/seed/1127/946/1787', '2022-11-14 16:59:01', '2022-11-14 16:59:01'),
(123, 3, 'satisfaction', 'https://picsum.photos/seed/1866/2976/913', '2022-11-14 16:59:01', '2022-11-14 16:59:01'),
(124, 3, 'ear', 'https://picsum.photos/seed/559/3746/725', '2022-11-14 16:59:01', '2022-11-14 16:59:01'),
(125, 3, 'guest', 'https://picsum.photos/seed/4084/3657/928', '2022-11-14 16:59:01', '2022-11-14 16:59:01'),
(126, 3, 'river', 'https://picsum.photos/seed/140/1089/1141', '2022-11-14 16:59:01', '2022-11-14 16:59:01'),
(127, 3, 'feedback', 'https://picsum.photos/seed/631/1693/1638', '2022-11-14 16:59:01', '2022-11-14 16:59:01'),
(128, 3, 'platform', 'https://picsum.photos/seed/2529/1874/1776', '2022-11-14 16:59:01', '2022-11-14 16:59:01'),
(129, 3, 'pie', 'https://picsum.photos/seed/4305/2298/1305', '2022-11-14 16:59:01', '2022-11-14 16:59:01'),
(130, 3, 'examination', 'https://picsum.photos/seed/2307/3451/1466', '2022-11-14 16:59:01', '2022-11-14 16:59:01'),
(131, 3, 'information', 'https://picsum.photos/seed/2539/1077/1167', '2022-11-14 16:59:01', '2022-11-14 16:59:01'),
(132, 3, 'length', 'https://picsum.photos/seed/2600/3354/1425', '2022-11-14 16:59:01', '2022-11-14 16:59:01'),
(133, 3, 'director', 'https://picsum.photos/seed/1563/1639/777', '2022-11-14 16:59:01', '2022-11-14 16:59:01'),
(134, 3, 'history', 'https://picsum.photos/seed/3394/1329/1860', '2022-11-14 16:59:01', '2022-11-14 16:59:01'),
(135, 3, 'equipment', 'https://picsum.photos/seed/2588/3360/1017', '2022-11-14 16:59:01', '2022-11-14 16:59:01'),
(136, 3, 'instruction', 'https://picsum.photos/seed/3937/1247/1847', '2022-11-14 16:59:01', '2022-11-14 16:59:01'),
(137, 3, 'personality', 'https://picsum.photos/seed/2145/2852/1512', '2022-11-14 16:59:01', '2022-11-14 16:59:01'),
(138, 3, 'apartment', 'https://picsum.photos/seed/2314/2372/1393', '2022-11-14 16:59:01', '2022-11-14 16:59:01'),
(139, 3, 'employer', 'https://picsum.photos/seed/4239/2296/1095', '2022-11-14 16:59:01', '2022-11-14 16:59:01'),
(140, 3, 'wedding', 'https://picsum.photos/seed/2350/2789/1488', '2022-11-14 16:59:01', '2022-11-14 16:59:01'),
(141, 3, 'youth', 'https://picsum.photos/seed/3865/3064/964', '2022-11-14 16:59:01', '2022-11-14 16:59:01'),
(142, 3, 'difference', 'https://picsum.photos/seed/312/3075/762', '2022-11-14 16:59:01', '2022-11-14 16:59:01'),
(143, 3, 'cancer', 'https://picsum.photos/seed/2949/3415/1802', '2022-11-14 16:59:01', '2022-11-14 16:59:01'),
(144, 3, 'assignment', 'https://picsum.photos/seed/3127/2311/1880', '2022-11-14 16:59:01', '2022-11-14 16:59:01'),
(145, 3, 'mud', 'https://picsum.photos/seed/2262/3019/1893', '2022-11-14 16:59:01', '2022-11-14 16:59:01'),
(146, 3, 'departure', 'https://picsum.photos/seed/520/752/1889', '2022-11-14 16:59:01', '2022-11-14 16:59:01'),
(147, 3, 'heart', 'https://picsum.photos/seed/175/2461/937', '2022-11-14 16:59:01', '2022-11-14 16:59:01'),
(148, 3, 'topic', 'https://picsum.photos/seed/3862/3639/2111', '2022-11-14 16:59:01', '2022-11-14 16:59:01'),
(149, 3, 'climate', 'https://picsum.photos/seed/4777/2225/887', '2022-11-14 16:59:01', '2022-11-14 16:59:01'),
(150, 3, 'organization', 'https://picsum.photos/seed/3347/3480/944', '2022-11-14 16:59:01', '2022-11-14 16:59:01'),
(151, 4, 'decision', 'https://picsum.photos/seed/3316/1752/1578', '2022-11-14 16:59:01', '2022-11-14 16:59:01'),
(152, 4, 'university', 'https://picsum.photos/seed/3328/3253/1708', '2022-11-14 16:59:01', '2022-11-14 16:59:01'),
(153, 4, 'historian', 'https://picsum.photos/seed/4380/1337/859', '2022-11-14 16:59:01', '2022-11-14 16:59:01'),
(154, 4, 'awareness', 'https://picsum.photos/seed/1334/3001/2100', '2022-11-14 16:59:01', '2022-11-14 16:59:01'),
(155, 4, 'mood', 'https://picsum.photos/seed/4172/1360/1992', '2022-11-14 16:59:01', '2022-11-14 16:59:01'),
(156, 4, 'device', 'https://picsum.photos/seed/3454/1604/1048', '2022-11-14 16:59:01', '2022-11-14 16:59:01'),
(157, 4, 'virus', 'https://picsum.photos/seed/3729/3727/1950', '2022-11-14 16:59:01', '2022-11-14 16:59:01'),
(158, 4, 'politics', 'https://picsum.photos/seed/938/1746/1220', '2022-11-14 16:59:01', '2022-11-14 16:59:01'),
(159, 4, 'girl', 'https://picsum.photos/seed/4642/3162/1464', '2022-11-14 16:59:01', '2022-11-14 16:59:01'),
(160, 4, 'football', 'https://picsum.photos/seed/2840/1690/1233', '2022-11-14 16:59:01', '2022-11-14 16:59:01'),
(161, 4, 'affair', 'https://picsum.photos/seed/1332/1632/1414', '2022-11-14 16:59:01', '2022-11-14 16:59:01'),
(162, 4, 'wealth', 'https://picsum.photos/seed/3353/2829/1689', '2022-11-14 16:59:01', '2022-11-14 16:59:01'),
(163, 4, 'charity', 'https://picsum.photos/seed/1997/3434/1727', '2022-11-14 16:59:01', '2022-11-14 16:59:01'),
(164, 4, 'dealer', 'https://picsum.photos/seed/3017/3094/1264', '2022-11-14 16:59:01', '2022-11-14 16:59:01'),
(165, 4, 'confusion', 'https://picsum.photos/seed/2857/3447/1037', '2022-11-14 16:59:01', '2022-11-14 16:59:01'),
(166, 4, 'event', 'https://picsum.photos/seed/1661/3560/1706', '2022-11-14 16:59:01', '2022-11-14 16:59:01'),
(167, 4, 'meat', 'https://picsum.photos/seed/1247/1639/1964', '2022-11-14 16:59:01', '2022-11-14 16:59:01'),
(168, 4, 'distribution', 'https://picsum.photos/seed/3765/3834/1029', '2022-11-14 16:59:01', '2022-11-14 16:59:01'),
(169, 4, 'atmosphere', 'https://picsum.photos/seed/2046/3408/2060', '2022-11-14 16:59:01', '2022-11-14 16:59:01'),
(170, 4, 'mall', 'https://picsum.photos/seed/3015/881/1155', '2022-11-14 16:59:01', '2022-11-14 16:59:01'),
(171, 4, 'setting', 'https://picsum.photos/seed/2004/836/1827', '2022-11-14 16:59:01', '2022-11-14 16:59:01'),
(172, 4, 'reputation', 'https://picsum.photos/seed/1421/2029/738', '2022-11-14 16:59:01', '2022-11-14 16:59:01'),
(173, 4, 'satisfaction', 'https://picsum.photos/seed/1797/1285/913', '2022-11-14 16:59:01', '2022-11-14 16:59:01'),
(174, 4, 'ear', 'https://picsum.photos/seed/1293/1677/1368', '2022-11-14 16:59:01', '2022-11-14 16:59:01'),
(175, 4, 'guest', 'https://picsum.photos/seed/4462/1620/1838', '2022-11-14 16:59:01', '2022-11-14 16:59:01'),
(176, 4, 'river', 'https://picsum.photos/seed/106/3412/1975', '2022-11-14 16:59:01', '2022-11-14 16:59:01'),
(177, 4, 'feedback', 'https://picsum.photos/seed/3065/3127/1185', '2022-11-14 16:59:01', '2022-11-14 16:59:01'),
(178, 4, 'platform', 'https://picsum.photos/seed/3367/1122/1718', '2022-11-14 16:59:01', '2022-11-14 16:59:01'),
(179, 4, 'pie', 'https://picsum.photos/seed/3981/983/1094', '2022-11-14 16:59:01', '2022-11-14 16:59:01'),
(180, 4, 'examination', 'https://picsum.photos/seed/1541/2043/1005', '2022-11-14 16:59:01', '2022-11-14 16:59:01'),
(181, 4, 'information', 'https://picsum.photos/seed/845/1375/822', '2022-11-14 16:59:01', '2022-11-14 16:59:01'),
(182, 4, 'length', 'https://picsum.photos/seed/1947/1361/1608', '2022-11-14 16:59:01', '2022-11-14 16:59:01'),
(183, 4, 'director', 'https://picsum.photos/seed/2056/941/1494', '2022-11-14 16:59:01', '2022-11-14 16:59:01'),
(184, 4, 'history', 'https://picsum.photos/seed/2233/2768/1370', '2022-11-14 16:59:01', '2022-11-14 16:59:01'),
(185, 4, 'equipment', 'https://picsum.photos/seed/4314/742/1563', '2022-11-14 16:59:01', '2022-11-14 16:59:01'),
(186, 4, 'instruction', 'https://picsum.photos/seed/4813/1881/1459', '2022-11-14 16:59:01', '2022-11-14 16:59:01'),
(187, 4, 'personality', 'https://picsum.photos/seed/4244/1831/918', '2022-11-14 16:59:01', '2022-11-14 16:59:01'),
(188, 4, 'apartment', 'https://picsum.photos/seed/761/1964/1427', '2022-11-14 16:59:01', '2022-11-14 16:59:01'),
(189, 4, 'employer', 'https://picsum.photos/seed/2666/2278/1691', '2022-11-14 16:59:01', '2022-11-14 16:59:01'),
(190, 4, 'wedding', 'https://picsum.photos/seed/3364/768/2098', '2022-11-14 16:59:01', '2022-11-14 16:59:01'),
(191, 4, 'youth', 'https://picsum.photos/seed/2705/1561/859', '2022-11-14 16:59:01', '2022-11-14 16:59:01'),
(192, 4, 'difference', 'https://picsum.photos/seed/2488/2377/1901', '2022-11-14 16:59:01', '2022-11-14 16:59:01'),
(193, 4, 'cancer', 'https://picsum.photos/seed/1852/3797/1320', '2022-11-14 16:59:01', '2022-11-14 16:59:01'),
(194, 4, 'assignment', 'https://picsum.photos/seed/4860/3289/949', '2022-11-14 16:59:01', '2022-11-14 16:59:01'),
(195, 4, 'mud', 'https://picsum.photos/seed/2833/1087/2033', '2022-11-14 16:59:01', '2022-11-14 16:59:01'),
(196, 4, 'departure', 'https://picsum.photos/seed/137/1101/873', '2022-11-14 16:59:01', '2022-11-14 16:59:01'),
(197, 4, 'heart', 'https://picsum.photos/seed/4740/1849/1502', '2022-11-14 16:59:01', '2022-11-14 16:59:01'),
(198, 4, 'topic', 'https://picsum.photos/seed/4694/1316/1273', '2022-11-14 16:59:01', '2022-11-14 16:59:01'),
(199, 4, 'climate', 'https://picsum.photos/seed/4386/2494/1409', '2022-11-14 16:59:01', '2022-11-14 16:59:01'),
(200, 4, 'organization', 'https://picsum.photos/seed/1101/2692/2086', '2022-11-14 16:59:01', '2022-11-14 16:59:01'),
(201, 5, 'decision', 'https://picsum.photos/seed/2363/1351/781', '2022-11-14 16:59:01', '2022-11-14 16:59:01'),
(202, 5, 'university', 'https://picsum.photos/seed/4305/1363/949', '2022-11-14 16:59:01', '2022-11-14 16:59:01'),
(203, 5, 'historian', 'https://picsum.photos/seed/62/3007/1538', '2022-11-14 16:59:01', '2022-11-14 16:59:01'),
(204, 5, 'awareness', 'https://picsum.photos/seed/4234/3349/1628', '2022-11-14 16:59:01', '2022-11-14 16:59:01'),
(205, 5, 'mood', 'https://picsum.photos/seed/417/914/1140', '2022-11-14 16:59:02', '2022-11-14 16:59:02'),
(206, 5, 'device', 'https://picsum.photos/seed/2059/917/2158', '2022-11-14 16:59:02', '2022-11-14 16:59:02'),
(207, 5, 'virus', 'https://picsum.photos/seed/1870/3373/2071', '2022-11-14 16:59:02', '2022-11-14 16:59:02'),
(208, 5, 'politics', 'https://picsum.photos/seed/2272/957/2066', '2022-11-14 16:59:02', '2022-11-14 16:59:02'),
(209, 5, 'girl', 'https://picsum.photos/seed/1785/1556/2116', '2022-11-14 16:59:02', '2022-11-14 16:59:02'),
(210, 5, 'football', 'https://picsum.photos/seed/2568/3002/1295', '2022-11-14 16:59:02', '2022-11-14 16:59:02'),
(211, 5, 'affair', 'https://picsum.photos/seed/299/3553/1540', '2022-11-14 16:59:02', '2022-11-14 16:59:02'),
(212, 5, 'wealth', 'https://picsum.photos/seed/4351/1190/2042', '2022-11-14 16:59:02', '2022-11-14 16:59:02'),
(213, 5, 'charity', 'https://picsum.photos/seed/2549/3420/895', '2022-11-14 16:59:02', '2022-11-14 16:59:02'),
(214, 5, 'dealer', 'https://picsum.photos/seed/2363/1348/1857', '2022-11-14 16:59:02', '2022-11-14 16:59:02'),
(215, 5, 'confusion', 'https://picsum.photos/seed/3340/1460/809', '2022-11-14 16:59:02', '2022-11-14 16:59:02'),
(216, 5, 'event', 'https://picsum.photos/seed/2100/3226/1404', '2022-11-14 16:59:02', '2022-11-14 16:59:02'),
(217, 5, 'meat', 'https://picsum.photos/seed/1433/1220/1533', '2022-11-14 16:59:02', '2022-11-14 16:59:02'),
(218, 5, 'distribution', 'https://picsum.photos/seed/4220/1076/917', '2022-11-14 16:59:02', '2022-11-14 16:59:02'),
(219, 5, 'atmosphere', 'https://picsum.photos/seed/1741/2152/883', '2022-11-14 16:59:02', '2022-11-14 16:59:02'),
(220, 5, 'mall', 'https://picsum.photos/seed/4113/820/952', '2022-11-14 16:59:02', '2022-11-14 16:59:02'),
(221, 5, 'setting', 'https://picsum.photos/seed/1734/1229/1808', '2022-11-14 16:59:02', '2022-11-14 16:59:02'),
(222, 5, 'reputation', 'https://picsum.photos/seed/718/2717/1652', '2022-11-14 16:59:02', '2022-11-14 16:59:02'),
(223, 5, 'satisfaction', 'https://picsum.photos/seed/872/3166/826', '2022-11-14 16:59:02', '2022-11-14 16:59:02'),
(224, 5, 'ear', 'https://picsum.photos/seed/2233/2903/722', '2022-11-14 16:59:02', '2022-11-14 16:59:02'),
(225, 5, 'guest', 'https://picsum.photos/seed/3556/1543/1815', '2022-11-14 16:59:02', '2022-11-14 16:59:02'),
(226, 5, 'river', 'https://picsum.photos/seed/3392/2473/2109', '2022-11-14 16:59:02', '2022-11-14 16:59:02'),
(227, 5, 'feedback', 'https://picsum.photos/seed/4730/3062/1993', '2022-11-14 16:59:02', '2022-11-14 16:59:02'),
(228, 5, 'platform', 'https://picsum.photos/seed/3299/2582/991', '2022-11-14 16:59:02', '2022-11-14 16:59:02'),
(229, 5, 'pie', 'https://picsum.photos/seed/714/1144/1833', '2022-11-14 16:59:02', '2022-11-14 16:59:02'),
(230, 5, 'examination', 'https://picsum.photos/seed/926/1267/1849', '2022-11-14 16:59:02', '2022-11-14 16:59:02'),
(231, 5, 'information', 'https://picsum.photos/seed/3585/2147/912', '2022-11-14 16:59:02', '2022-11-14 16:59:02'),
(232, 5, 'length', 'https://picsum.photos/seed/1441/1595/819', '2022-11-14 16:59:02', '2022-11-14 16:59:02'),
(233, 5, 'director', 'https://picsum.photos/seed/3168/3232/1532', '2022-11-14 16:59:02', '2022-11-14 16:59:02'),
(234, 5, 'history', 'https://picsum.photos/seed/4466/1291/1490', '2022-11-14 16:59:02', '2022-11-14 16:59:02'),
(235, 5, 'equipment', 'https://picsum.photos/seed/3405/2777/1669', '2022-11-14 16:59:02', '2022-11-14 16:59:02'),
(236, 5, 'instruction', 'https://picsum.photos/seed/1679/1664/2073', '2022-11-14 16:59:02', '2022-11-14 16:59:02'),
(237, 5, 'personality', 'https://picsum.photos/seed/777/3460/1324', '2022-11-14 16:59:02', '2022-11-14 16:59:02'),
(238, 5, 'apartment', 'https://picsum.photos/seed/792/3005/1823', '2022-11-14 16:59:02', '2022-11-14 16:59:02'),
(239, 5, 'employer', 'https://picsum.photos/seed/1245/1460/1525', '2022-11-14 16:59:02', '2022-11-14 16:59:02'),
(240, 5, 'wedding', 'https://picsum.photos/seed/2689/2828/1920', '2022-11-14 16:59:02', '2022-11-14 16:59:02'),
(241, 5, 'youth', 'https://picsum.photos/seed/1564/1626/1015', '2022-11-14 16:59:02', '2022-11-14 16:59:02'),
(242, 5, 'difference', 'https://picsum.photos/seed/699/1265/909', '2022-11-14 16:59:02', '2022-11-14 16:59:02'),
(243, 5, 'cancer', 'https://picsum.photos/seed/2046/3451/1894', '2022-11-14 16:59:02', '2022-11-14 16:59:02'),
(244, 5, 'assignment', 'https://picsum.photos/seed/2178/1234/1917', '2022-11-14 16:59:02', '2022-11-14 16:59:02'),
(245, 5, 'mud', 'https://picsum.photos/seed/4064/3014/1850', '2022-11-14 16:59:02', '2022-11-14 16:59:02'),
(246, 5, 'departure', 'https://picsum.photos/seed/756/1078/1868', '2022-11-14 16:59:02', '2022-11-14 16:59:02'),
(247, 5, 'heart', 'https://picsum.photos/seed/462/3795/2141', '2022-11-14 16:59:02', '2022-11-14 16:59:02'),
(248, 5, 'topic', 'https://picsum.photos/seed/511/3275/1343', '2022-11-14 16:59:02', '2022-11-14 16:59:02'),
(249, 5, 'climate', 'https://picsum.photos/seed/2502/3316/2129', '2022-11-14 16:59:02', '2022-11-14 16:59:02'),
(250, 5, 'organization', 'https://picsum.photos/seed/4484/1788/1069', '2022-11-14 16:59:02', '2022-11-14 16:59:02'),
(251, 6, 'decision', 'https://picsum.photos/seed/4362/2046/1053', '2022-11-14 16:59:02', '2022-11-14 16:59:02'),
(252, 6, 'university', 'https://picsum.photos/seed/1436/1841/970', '2022-11-14 16:59:02', '2022-11-14 16:59:02'),
(253, 6, 'historian', 'https://picsum.photos/seed/4783/764/1993', '2022-11-14 16:59:02', '2022-11-14 16:59:02'),
(254, 6, 'awareness', 'https://picsum.photos/seed/2030/2101/1116', '2022-11-14 16:59:02', '2022-11-14 16:59:02'),
(255, 6, 'mood', 'https://picsum.photos/seed/652/1921/1160', '2022-11-14 16:59:02', '2022-11-14 16:59:02'),
(256, 6, 'device', 'https://picsum.photos/seed/4025/3572/859', '2022-11-14 16:59:02', '2022-11-14 16:59:02'),
(257, 6, 'virus', 'https://picsum.photos/seed/680/2386/1557', '2022-11-14 16:59:02', '2022-11-14 16:59:02'),
(258, 6, 'politics', 'https://picsum.photos/seed/3912/3138/2100', '2022-11-14 16:59:02', '2022-11-14 16:59:02'),
(259, 6, 'girl', 'https://picsum.photos/seed/1290/3456/1794', '2022-11-14 16:59:02', '2022-11-14 16:59:02'),
(260, 6, 'football', 'https://picsum.photos/seed/3018/3525/1617', '2022-11-14 16:59:02', '2022-11-14 16:59:02'),
(261, 6, 'affair', 'https://picsum.photos/seed/4652/3575/1303', '2022-11-14 16:59:02', '2022-11-14 16:59:02'),
(262, 6, 'wealth', 'https://picsum.photos/seed/2099/911/1601', '2022-11-14 16:59:02', '2022-11-14 16:59:02'),
(263, 6, 'charity', 'https://picsum.photos/seed/4359/2326/1380', '2022-11-14 16:59:02', '2022-11-14 16:59:02'),
(264, 6, 'dealer', 'https://picsum.photos/seed/2578/1810/824', '2022-11-14 16:59:02', '2022-11-14 16:59:02'),
(265, 6, 'confusion', 'https://picsum.photos/seed/4045/3447/938', '2022-11-14 16:59:02', '2022-11-14 16:59:02'),
(266, 6, 'event', 'https://picsum.photos/seed/4365/2193/1236', '2022-11-14 16:59:02', '2022-11-14 16:59:02'),
(267, 6, 'meat', 'https://picsum.photos/seed/597/1700/1500', '2022-11-14 16:59:02', '2022-11-14 16:59:02'),
(268, 6, 'distribution', 'https://picsum.photos/seed/3041/1998/2147', '2022-11-14 16:59:02', '2022-11-14 16:59:02'),
(269, 6, 'atmosphere', 'https://picsum.photos/seed/2955/3388/1586', '2022-11-14 16:59:02', '2022-11-14 16:59:02'),
(270, 6, 'mall', 'https://picsum.photos/seed/2964/2948/1197', '2022-11-14 16:59:02', '2022-11-14 16:59:02'),
(271, 6, 'setting', 'https://picsum.photos/seed/1104/2144/1019', '2022-11-14 16:59:02', '2022-11-14 16:59:02'),
(272, 6, 'reputation', 'https://picsum.photos/seed/421/2471/1167', '2022-11-14 16:59:02', '2022-11-14 16:59:02'),
(273, 6, 'satisfaction', 'https://picsum.photos/seed/927/3619/1396', '2022-11-14 16:59:02', '2022-11-14 16:59:02'),
(274, 6, 'ear', 'https://picsum.photos/seed/201/2395/2054', '2022-11-14 16:59:02', '2022-11-14 16:59:02'),
(275, 6, 'guest', 'https://picsum.photos/seed/746/2826/974', '2022-11-14 16:59:02', '2022-11-14 16:59:02'),
(276, 6, 'river', 'https://picsum.photos/seed/3627/2473/1812', '2022-11-14 16:59:02', '2022-11-14 16:59:02'),
(277, 6, 'feedback', 'https://picsum.photos/seed/2293/3457/1086', '2022-11-14 16:59:02', '2022-11-14 16:59:02'),
(278, 6, 'platform', 'https://picsum.photos/seed/4675/2548/2022', '2022-11-14 16:59:02', '2022-11-14 16:59:02'),
(279, 6, 'pie', 'https://picsum.photos/seed/1766/1346/1180', '2022-11-14 16:59:02', '2022-11-14 16:59:02'),
(280, 6, 'examination', 'https://picsum.photos/seed/3855/1908/979', '2022-11-14 16:59:02', '2022-11-14 16:59:02'),
(281, 6, 'information', 'https://picsum.photos/seed/676/3060/1362', '2022-11-14 16:59:02', '2022-11-14 16:59:02'),
(282, 6, 'length', 'https://picsum.photos/seed/344/1901/1663', '2022-11-14 16:59:02', '2022-11-14 16:59:02'),
(283, 6, 'director', 'https://picsum.photos/seed/1505/2408/1768', '2022-11-14 16:59:02', '2022-11-14 16:59:02'),
(284, 6, 'history', 'https://picsum.photos/seed/2222/2844/1759', '2022-11-14 16:59:02', '2022-11-14 16:59:02'),
(285, 6, 'equipment', 'https://picsum.photos/seed/4295/1580/770', '2022-11-14 16:59:02', '2022-11-14 16:59:02'),
(286, 6, 'instruction', 'https://picsum.photos/seed/1122/1762/1302', '2022-11-14 16:59:02', '2022-11-14 16:59:02'),
(287, 6, 'personality', 'https://picsum.photos/seed/454/3797/1628', '2022-11-14 16:59:02', '2022-11-14 16:59:02'),
(288, 6, 'apartment', 'https://picsum.photos/seed/28/2281/1943', '2022-11-14 16:59:02', '2022-11-14 16:59:02'),
(289, 6, 'employer', 'https://picsum.photos/seed/3295/2630/1273', '2022-11-14 16:59:02', '2022-11-14 16:59:02'),
(290, 6, 'wedding', 'https://picsum.photos/seed/4347/763/1627', '2022-11-14 16:59:02', '2022-11-14 16:59:02'),
(291, 6, 'youth', 'https://picsum.photos/seed/964/2316/888', '2022-11-14 16:59:02', '2022-11-14 16:59:02'),
(292, 6, 'difference', 'https://picsum.photos/seed/1050/3008/1907', '2022-11-14 16:59:02', '2022-11-14 16:59:02'),
(293, 6, 'cancer', 'https://picsum.photos/seed/2042/778/1905', '2022-11-14 16:59:02', '2022-11-14 16:59:02'),
(294, 6, 'assignment', 'https://picsum.photos/seed/2963/3156/1674', '2022-11-14 16:59:02', '2022-11-14 16:59:02'),
(295, 6, 'mud', 'https://picsum.photos/seed/4053/1980/985', '2022-11-14 16:59:02', '2022-11-14 16:59:02'),
(296, 6, 'departure', 'https://picsum.photos/seed/2631/1257/1089', '2022-11-14 16:59:02', '2022-11-14 16:59:02'),
(297, 6, 'heart', 'https://picsum.photos/seed/752/864/1995', '2022-11-14 16:59:02', '2022-11-14 16:59:02'),
(298, 6, 'topic', 'https://picsum.photos/seed/2365/3574/1221', '2022-11-14 16:59:02', '2022-11-14 16:59:02'),
(299, 6, 'climate', 'https://picsum.photos/seed/3431/2743/1137', '2022-11-14 16:59:02', '2022-11-14 16:59:02'),
(300, 6, 'organization', 'https://picsum.photos/seed/4095/1928/1385', '2022-11-14 16:59:02', '2022-11-14 16:59:02'),
(301, 7, 'decision', 'https://picsum.photos/seed/1535/3310/808', '2022-11-14 16:59:02', '2022-11-14 16:59:02'),
(302, 7, 'university', 'https://picsum.photos/seed/3461/1298/1811', '2022-11-14 16:59:02', '2022-11-14 16:59:02'),
(303, 7, 'historian', 'https://picsum.photos/seed/3298/1804/1862', '2022-11-14 16:59:02', '2022-11-14 16:59:02'),
(304, 7, 'awareness', 'https://picsum.photos/seed/960/2424/741', '2022-11-14 16:59:02', '2022-11-14 16:59:02'),
(305, 7, 'mood', 'https://picsum.photos/seed/3327/2409/1293', '2022-11-14 16:59:02', '2022-11-14 16:59:02'),
(306, 7, 'device', 'https://picsum.photos/seed/3695/1811/1602', '2022-11-14 16:59:02', '2022-11-14 16:59:02'),
(307, 7, 'virus', 'https://picsum.photos/seed/283/926/1538', '2022-11-14 16:59:02', '2022-11-14 16:59:02'),
(308, 7, 'politics', 'https://picsum.photos/seed/4065/2678/1111', '2022-11-14 16:59:02', '2022-11-14 16:59:02'),
(309, 7, 'girl', 'https://picsum.photos/seed/1762/3247/2009', '2022-11-14 16:59:02', '2022-11-14 16:59:02'),
(310, 7, 'football', 'https://picsum.photos/seed/3797/1428/1116', '2022-11-14 16:59:02', '2022-11-14 16:59:02'),
(311, 7, 'affair', 'https://picsum.photos/seed/4527/1922/1866', '2022-11-14 16:59:02', '2022-11-14 16:59:02'),
(312, 7, 'wealth', 'https://picsum.photos/seed/204/3281/1667', '2022-11-14 16:59:02', '2022-11-14 16:59:02'),
(313, 7, 'charity', 'https://picsum.photos/seed/1671/2195/1006', '2022-11-14 16:59:02', '2022-11-14 16:59:02'),
(314, 7, 'dealer', 'https://picsum.photos/seed/4614/2777/917', '2022-11-14 16:59:02', '2022-11-14 16:59:02'),
(315, 7, 'confusion', 'https://picsum.photos/seed/1287/1463/1948', '2022-11-14 16:59:03', '2022-11-14 16:59:03'),
(316, 7, 'event', 'https://picsum.photos/seed/2466/2969/1726', '2022-11-14 16:59:03', '2022-11-14 16:59:03'),
(317, 7, 'meat', 'https://picsum.photos/seed/819/1088/1902', '2022-11-14 16:59:03', '2022-11-14 16:59:03'),
(318, 7, 'distribution', 'https://picsum.photos/seed/1755/1870/1646', '2022-11-14 16:59:03', '2022-11-14 16:59:03'),
(319, 7, 'atmosphere', 'https://picsum.photos/seed/2267/3225/852', '2022-11-14 16:59:03', '2022-11-14 16:59:03'),
(320, 7, 'mall', 'https://picsum.photos/seed/4484/2619/1580', '2022-11-14 16:59:03', '2022-11-14 16:59:03'),
(321, 7, 'setting', 'https://picsum.photos/seed/3588/2944/872', '2022-11-14 16:59:03', '2022-11-14 16:59:03'),
(322, 7, 'reputation', 'https://picsum.photos/seed/1374/2940/1739', '2022-11-14 16:59:03', '2022-11-14 16:59:03'),
(323, 7, 'satisfaction', 'https://picsum.photos/seed/410/808/1039', '2022-11-14 16:59:03', '2022-11-14 16:59:03'),
(324, 7, 'ear', 'https://picsum.photos/seed/3417/3586/1356', '2022-11-14 16:59:03', '2022-11-14 16:59:03'),
(325, 7, 'guest', 'https://picsum.photos/seed/29/3381/1884', '2022-11-14 16:59:03', '2022-11-14 16:59:03'),
(326, 7, 'river', 'https://picsum.photos/seed/4771/1227/786', '2022-11-14 16:59:03', '2022-11-14 16:59:03'),
(327, 7, 'feedback', 'https://picsum.photos/seed/4579/3066/1613', '2022-11-14 16:59:03', '2022-11-14 16:59:03'),
(328, 7, 'platform', 'https://picsum.photos/seed/2323/874/1441', '2022-11-14 16:59:03', '2022-11-14 16:59:03'),
(329, 7, 'pie', 'https://picsum.photos/seed/1661/2452/1755', '2022-11-14 16:59:03', '2022-11-14 16:59:03'),
(330, 7, 'examination', 'https://picsum.photos/seed/4545/1260/2055', '2022-11-14 16:59:03', '2022-11-14 16:59:03'),
(331, 7, 'information', 'https://picsum.photos/seed/43/1486/2095', '2022-11-14 16:59:03', '2022-11-14 16:59:03'),
(332, 7, 'length', 'https://picsum.photos/seed/398/1847/1252', '2022-11-14 16:59:03', '2022-11-14 16:59:03'),
(333, 7, 'director', 'https://picsum.photos/seed/4583/3754/2129', '2022-11-14 16:59:03', '2022-11-14 16:59:03'),
(334, 7, 'history', 'https://picsum.photos/seed/3069/2736/930', '2022-11-14 16:59:03', '2022-11-14 16:59:03'),
(335, 7, 'equipment', 'https://picsum.photos/seed/3750/1881/1252', '2022-11-14 16:59:03', '2022-11-14 16:59:03'),
(336, 7, 'instruction', 'https://picsum.photos/seed/2639/2430/1117', '2022-11-14 16:59:03', '2022-11-14 16:59:03'),
(337, 7, 'personality', 'https://picsum.photos/seed/1571/3011/1515', '2022-11-14 16:59:03', '2022-11-14 16:59:03'),
(338, 7, 'apartment', 'https://picsum.photos/seed/3765/3813/1064', '2022-11-14 16:59:03', '2022-11-14 16:59:03'),
(339, 7, 'employer', 'https://picsum.photos/seed/290/2216/1948', '2022-11-14 16:59:03', '2022-11-14 16:59:03'),
(340, 7, 'wedding', 'https://picsum.photos/seed/888/1232/1498', '2022-11-14 16:59:03', '2022-11-14 16:59:03'),
(341, 7, 'youth', 'https://picsum.photos/seed/899/1334/1300', '2022-11-14 16:59:03', '2022-11-14 16:59:03'),
(342, 7, 'difference', 'https://picsum.photos/seed/3910/3265/904', '2022-11-14 16:59:03', '2022-11-14 16:59:03'),
(343, 7, 'cancer', 'https://picsum.photos/seed/3809/3036/1362', '2022-11-14 16:59:03', '2022-11-14 16:59:03'),
(344, 7, 'assignment', 'https://picsum.photos/seed/929/3706/740', '2022-11-14 16:59:03', '2022-11-14 16:59:03'),
(345, 7, 'mud', 'https://picsum.photos/seed/1493/839/1142', '2022-11-14 16:59:03', '2022-11-14 16:59:03'),
(346, 7, 'departure', 'https://picsum.photos/seed/4868/1495/922', '2022-11-14 16:59:03', '2022-11-14 16:59:03'),
(347, 7, 'heart', 'https://picsum.photos/seed/3561/2154/1697', '2022-11-14 16:59:03', '2022-11-14 16:59:03'),
(348, 7, 'topic', 'https://picsum.photos/seed/2722/2822/1175', '2022-11-14 16:59:03', '2022-11-14 16:59:03'),
(349, 7, 'climate', 'https://picsum.photos/seed/695/2714/1044', '2022-11-14 16:59:03', '2022-11-14 16:59:03'),
(350, 7, 'organization', 'https://picsum.photos/seed/1234/2594/1627', '2022-11-14 16:59:03', '2022-11-14 16:59:03'),
(351, 8, 'decision', 'https://picsum.photos/seed/4260/751/1903', '2022-11-14 16:59:03', '2022-11-14 16:59:03'),
(352, 8, 'university', 'https://picsum.photos/seed/2069/3275/2004', '2022-11-14 16:59:03', '2022-11-14 16:59:03'),
(353, 8, 'historian', 'https://picsum.photos/seed/4146/2056/1556', '2022-11-14 16:59:03', '2022-11-14 16:59:03'),
(354, 8, 'awareness', 'https://picsum.photos/seed/1278/3618/1444', '2022-11-14 16:59:03', '2022-11-14 16:59:03'),
(355, 8, 'mood', 'https://picsum.photos/seed/1990/1692/1777', '2022-11-14 16:59:03', '2022-11-14 16:59:03'),
(356, 8, 'device', 'https://picsum.photos/seed/2947/3468/1917', '2022-11-14 16:59:03', '2022-11-14 16:59:03'),
(357, 8, 'virus', 'https://picsum.photos/seed/1308/2964/800', '2022-11-14 16:59:03', '2022-11-14 16:59:03'),
(358, 8, 'politics', 'https://picsum.photos/seed/596/1103/777', '2022-11-14 16:59:03', '2022-11-14 16:59:03'),
(359, 8, 'girl', 'https://picsum.photos/seed/3559/1172/954', '2022-11-14 16:59:03', '2022-11-14 16:59:03'),
(360, 8, 'football', 'https://picsum.photos/seed/3906/3241/1700', '2022-11-14 16:59:03', '2022-11-14 16:59:03'),
(361, 8, 'affair', 'https://picsum.photos/seed/4553/3331/1378', '2022-11-14 16:59:03', '2022-11-14 16:59:03'),
(362, 8, 'wealth', 'https://picsum.photos/seed/4267/1800/1981', '2022-11-14 16:59:03', '2022-11-14 16:59:03'),
(363, 8, 'charity', 'https://picsum.photos/seed/4254/1870/1741', '2022-11-14 16:59:03', '2022-11-14 16:59:03'),
(364, 8, 'dealer', 'https://picsum.photos/seed/2400/2988/1348', '2022-11-14 16:59:03', '2022-11-14 16:59:03'),
(365, 8, 'confusion', 'https://picsum.photos/seed/647/2125/1288', '2022-11-14 16:59:03', '2022-11-14 16:59:03'),
(366, 8, 'event', 'https://picsum.photos/seed/2446/1882/1742', '2022-11-14 16:59:03', '2022-11-14 16:59:03'),
(367, 8, 'meat', 'https://picsum.photos/seed/2526/1945/792', '2022-11-14 16:59:03', '2022-11-14 16:59:03'),
(368, 8, 'distribution', 'https://picsum.photos/seed/2555/3614/2033', '2022-11-14 16:59:03', '2022-11-14 16:59:03'),
(369, 8, 'atmosphere', 'https://picsum.photos/seed/2770/2235/1663', '2022-11-14 16:59:03', '2022-11-14 16:59:03'),
(370, 8, 'mall', 'https://picsum.photos/seed/2717/1192/1752', '2022-11-14 16:59:03', '2022-11-14 16:59:03'),
(371, 8, 'setting', 'https://picsum.photos/seed/708/2050/2072', '2022-11-14 16:59:03', '2022-11-14 16:59:03'),
(372, 8, 'reputation', 'https://picsum.photos/seed/4757/3217/919', '2022-11-14 16:59:03', '2022-11-14 16:59:03'),
(373, 8, 'satisfaction', 'https://picsum.photos/seed/2401/2323/1692', '2022-11-14 16:59:03', '2022-11-14 16:59:03'),
(374, 8, 'ear', 'https://picsum.photos/seed/2337/1311/2135', '2022-11-14 16:59:03', '2022-11-14 16:59:03'),
(375, 8, 'guest', 'https://picsum.photos/seed/936/3180/1544', '2022-11-14 16:59:03', '2022-11-14 16:59:03'),
(376, 8, 'river', 'https://picsum.photos/seed/1255/2152/1633', '2022-11-14 16:59:03', '2022-11-14 16:59:03'),
(377, 8, 'feedback', 'https://picsum.photos/seed/2055/1415/985', '2022-11-14 16:59:03', '2022-11-14 16:59:03'),
(378, 8, 'platform', 'https://picsum.photos/seed/4001/1119/948', '2022-11-14 16:59:03', '2022-11-14 16:59:03'),
(379, 8, 'pie', 'https://picsum.photos/seed/3250/3059/1061', '2022-11-14 16:59:03', '2022-11-14 16:59:03'),
(380, 8, 'examination', 'https://picsum.photos/seed/2694/2966/1471', '2022-11-14 16:59:03', '2022-11-14 16:59:03'),
(381, 8, 'information', 'https://picsum.photos/seed/3162/853/2101', '2022-11-14 16:59:03', '2022-11-14 16:59:03'),
(382, 8, 'length', 'https://picsum.photos/seed/954/2636/830', '2022-11-14 16:59:03', '2022-11-14 16:59:03'),
(383, 8, 'director', 'https://picsum.photos/seed/3996/2472/2037', '2022-11-14 16:59:03', '2022-11-14 16:59:03'),
(384, 8, 'history', 'https://picsum.photos/seed/4246/1145/1278', '2022-11-14 16:59:03', '2022-11-14 16:59:03'),
(385, 8, 'equipment', 'https://picsum.photos/seed/975/2863/1583', '2022-11-14 16:59:03', '2022-11-14 16:59:03'),
(386, 8, 'instruction', 'https://picsum.photos/seed/3223/1168/1025', '2022-11-14 16:59:03', '2022-11-14 16:59:03'),
(387, 8, 'personality', 'https://picsum.photos/seed/1187/2624/740', '2022-11-14 16:59:03', '2022-11-14 16:59:03'),
(388, 8, 'apartment', 'https://picsum.photos/seed/3643/3639/1801', '2022-11-14 16:59:03', '2022-11-14 16:59:03'),
(389, 8, 'employer', 'https://picsum.photos/seed/921/2580/1596', '2022-11-14 16:59:03', '2022-11-14 16:59:03'),
(390, 8, 'wedding', 'https://picsum.photos/seed/745/3666/2116', '2022-11-14 16:59:03', '2022-11-14 16:59:03'),
(391, 8, 'youth', 'https://picsum.photos/seed/1065/3111/1548', '2022-11-14 16:59:03', '2022-11-14 16:59:03'),
(392, 8, 'difference', 'https://picsum.photos/seed/3641/2558/1132', '2022-11-14 16:59:03', '2022-11-14 16:59:03'),
(393, 8, 'cancer', 'https://picsum.photos/seed/4401/905/2095', '2022-11-14 16:59:03', '2022-11-14 16:59:03'),
(394, 8, 'assignment', 'https://picsum.photos/seed/4054/1894/1175', '2022-11-14 16:59:03', '2022-11-14 16:59:03'),
(395, 8, 'mud', 'https://picsum.photos/seed/2398/2345/1640', '2022-11-14 16:59:03', '2022-11-14 16:59:03'),
(396, 8, 'departure', 'https://picsum.photos/seed/890/2241/1532', '2022-11-14 16:59:03', '2022-11-14 16:59:03'),
(397, 8, 'heart', 'https://picsum.photos/seed/1764/1974/1376', '2022-11-14 16:59:03', '2022-11-14 16:59:03'),
(398, 8, 'topic', 'https://picsum.photos/seed/3205/2555/1236', '2022-11-14 16:59:03', '2022-11-14 16:59:03'),
(399, 8, 'climate', 'https://picsum.photos/seed/861/2382/1943', '2022-11-14 16:59:03', '2022-11-14 16:59:03'),
(400, 8, 'organization', 'https://picsum.photos/seed/3053/3721/974', '2022-11-14 16:59:03', '2022-11-14 16:59:03'),
(401, 9, 'decision', 'https://picsum.photos/seed/1124/3045/2013', '2022-11-14 16:59:03', '2022-11-14 16:59:03'),
(402, 9, 'university', 'https://picsum.photos/seed/79/3711/1354', '2022-11-14 16:59:03', '2022-11-14 16:59:03'),
(403, 9, 'historian', 'https://picsum.photos/seed/1717/2402/1833', '2022-11-14 16:59:03', '2022-11-14 16:59:03'),
(404, 9, 'awareness', 'https://picsum.photos/seed/1790/2544/1005', '2022-11-14 16:59:03', '2022-11-14 16:59:03'),
(405, 9, 'mood', 'https://picsum.photos/seed/2530/2770/1727', '2022-11-14 16:59:03', '2022-11-14 16:59:03'),
(406, 9, 'device', 'https://picsum.photos/seed/3061/1691/1796', '2022-11-14 16:59:03', '2022-11-14 16:59:03'),
(407, 9, 'virus', 'https://picsum.photos/seed/4334/3407/1291', '2022-11-14 16:59:03', '2022-11-14 16:59:03'),
(408, 9, 'politics', 'https://picsum.photos/seed/124/3177/881', '2022-11-14 16:59:03', '2022-11-14 16:59:03'),
(409, 9, 'girl', 'https://picsum.photos/seed/1991/3123/894', '2022-11-14 16:59:03', '2022-11-14 16:59:03'),
(410, 9, 'football', 'https://picsum.photos/seed/2417/1479/1100', '2022-11-14 16:59:03', '2022-11-14 16:59:03'),
(411, 9, 'affair', 'https://picsum.photos/seed/3397/2264/2025', '2022-11-14 16:59:03', '2022-11-14 16:59:03'),
(412, 9, 'wealth', 'https://picsum.photos/seed/181/1252/1022', '2022-11-14 16:59:03', '2022-11-14 16:59:03'),
(413, 9, 'charity', 'https://picsum.photos/seed/1548/2110/1597', '2022-11-14 16:59:03', '2022-11-14 16:59:03'),
(414, 9, 'dealer', 'https://picsum.photos/seed/3640/3087/904', '2022-11-14 16:59:03', '2022-11-14 16:59:03'),
(415, 9, 'confusion', 'https://picsum.photos/seed/4510/2924/1483', '2022-11-14 16:59:03', '2022-11-14 16:59:03'),
(416, 9, 'event', 'https://picsum.photos/seed/4760/1124/1615', '2022-11-14 16:59:03', '2022-11-14 16:59:03'),
(417, 9, 'meat', 'https://picsum.photos/seed/2649/2216/766', '2022-11-14 16:59:03', '2022-11-14 16:59:03'),
(418, 9, 'distribution', 'https://picsum.photos/seed/4719/2770/1122', '2022-11-14 16:59:03', '2022-11-14 16:59:03'),
(419, 9, 'atmosphere', 'https://picsum.photos/seed/3577/3470/883', '2022-11-14 16:59:03', '2022-11-14 16:59:03'),
(420, 9, 'mall', 'https://picsum.photos/seed/1502/1758/1744', '2022-11-14 16:59:03', '2022-11-14 16:59:03'),
(421, 9, 'setting', 'https://picsum.photos/seed/2861/2475/729', '2022-11-14 16:59:03', '2022-11-14 16:59:03'),
(422, 9, 'reputation', 'https://picsum.photos/seed/3762/2924/1443', '2022-11-14 16:59:03', '2022-11-14 16:59:03'),
(423, 9, 'satisfaction', 'https://picsum.photos/seed/2624/1960/1388', '2022-11-14 16:59:03', '2022-11-14 16:59:03'),
(424, 9, 'ear', 'https://picsum.photos/seed/459/2024/2147', '2022-11-14 16:59:03', '2022-11-14 16:59:03'),
(425, 9, 'guest', 'https://picsum.photos/seed/2728/921/996', '2022-11-14 16:59:03', '2022-11-14 16:59:03'),
(426, 9, 'river', 'https://picsum.photos/seed/3686/1359/1932', '2022-11-14 16:59:03', '2022-11-14 16:59:03'),
(427, 9, 'feedback', 'https://picsum.photos/seed/3362/922/1142', '2022-11-14 16:59:04', '2022-11-14 16:59:04'),
(428, 9, 'platform', 'https://picsum.photos/seed/1949/2019/1797', '2022-11-14 16:59:04', '2022-11-14 16:59:04'),
(429, 9, 'pie', 'https://picsum.photos/seed/1233/1304/815', '2022-11-14 16:59:04', '2022-11-14 16:59:04'),
(430, 9, 'examination', 'https://picsum.photos/seed/1670/2662/1858', '2022-11-14 16:59:04', '2022-11-14 16:59:04'),
(431, 9, 'information', 'https://picsum.photos/seed/1816/2846/895', '2022-11-14 16:59:04', '2022-11-14 16:59:04'),
(432, 9, 'length', 'https://picsum.photos/seed/2723/3761/1723', '2022-11-14 16:59:04', '2022-11-14 16:59:04'),
(433, 9, 'director', 'https://picsum.photos/seed/4781/3589/1954', '2022-11-14 16:59:04', '2022-11-14 16:59:04'),
(434, 9, 'history', 'https://picsum.photos/seed/4264/1191/999', '2022-11-14 16:59:04', '2022-11-14 16:59:04'),
(435, 9, 'equipment', 'https://picsum.photos/seed/1629/1243/1083', '2022-11-14 16:59:04', '2022-11-14 16:59:04'),
(436, 9, 'instruction', 'https://picsum.photos/seed/3174/2258/1990', '2022-11-14 16:59:04', '2022-11-14 16:59:04'),
(437, 9, 'personality', 'https://picsum.photos/seed/4846/3371/998', '2022-11-14 16:59:04', '2022-11-14 16:59:04'),
(438, 9, 'apartment', 'https://picsum.photos/seed/308/1775/2090', '2022-11-14 16:59:04', '2022-11-14 16:59:04'),
(439, 9, 'employer', 'https://picsum.photos/seed/4696/1534/1692', '2022-11-14 16:59:04', '2022-11-14 16:59:04'),
(440, 9, 'wedding', 'https://picsum.photos/seed/4912/2634/736', '2022-11-14 16:59:04', '2022-11-14 16:59:04'),
(441, 9, 'youth', 'https://picsum.photos/seed/2803/3173/1998', '2022-11-14 16:59:04', '2022-11-14 16:59:04'),
(442, 9, 'difference', 'https://picsum.photos/seed/4560/2282/961', '2022-11-14 16:59:04', '2022-11-14 16:59:04'),
(443, 9, 'cancer', 'https://picsum.photos/seed/4231/1089/1872', '2022-11-14 16:59:04', '2022-11-14 16:59:04'),
(444, 9, 'assignment', 'https://picsum.photos/seed/2139/1686/1272', '2022-11-14 16:59:04', '2022-11-14 16:59:04'),
(445, 9, 'mud', 'https://picsum.photos/seed/2122/1124/1779', '2022-11-14 16:59:04', '2022-11-14 16:59:04'),
(446, 9, 'departure', 'https://picsum.photos/seed/708/2490/1663', '2022-11-14 16:59:04', '2022-11-14 16:59:04'),
(447, 9, 'heart', 'https://picsum.photos/seed/2015/2757/1853', '2022-11-14 16:59:04', '2022-11-14 16:59:04'),
(448, 9, 'topic', 'https://picsum.photos/seed/2677/1105/860', '2022-11-14 16:59:04', '2022-11-14 16:59:04'),
(449, 9, 'climate', 'https://picsum.photos/seed/3729/2330/1201', '2022-11-14 16:59:04', '2022-11-14 16:59:04'),
(450, 9, 'organization', 'https://picsum.photos/seed/641/1827/1632', '2022-11-14 16:59:04', '2022-11-14 16:59:04'),
(451, 10, 'decision', 'https://picsum.photos/seed/1359/2147/2155', '2022-11-14 16:59:04', '2022-11-14 16:59:04'),
(452, 10, 'university', 'https://picsum.photos/seed/1876/1904/2030', '2022-11-14 16:59:04', '2022-11-14 16:59:04'),
(453, 10, 'historian', 'https://picsum.photos/seed/135/2509/2078', '2022-11-14 16:59:04', '2022-11-14 16:59:04'),
(454, 10, 'awareness', 'https://picsum.photos/seed/107/2865/1474', '2022-11-14 16:59:04', '2022-11-14 16:59:04');
INSERT INTO `picture` (`id`, `id_galery`, `title`, `name_file`, `created_at`, `updated_at`) VALUES
(455, 10, 'mood', 'https://picsum.photos/seed/1848/1948/1091', '2022-11-14 16:59:04', '2022-11-14 16:59:04'),
(456, 10, 'device', 'https://picsum.photos/seed/2000/3626/746', '2022-11-14 16:59:04', '2022-11-14 16:59:04'),
(457, 10, 'virus', 'https://picsum.photos/seed/4602/3799/1673', '2022-11-14 16:59:04', '2022-11-14 16:59:04'),
(458, 10, 'politics', 'https://picsum.photos/seed/3347/1557/2106', '2022-11-14 16:59:04', '2022-11-14 16:59:04'),
(459, 10, 'girl', 'https://picsum.photos/seed/1318/3515/1063', '2022-11-14 16:59:04', '2022-11-14 16:59:04'),
(460, 10, 'football', 'https://picsum.photos/seed/3778/2618/1080', '2022-11-14 16:59:04', '2022-11-14 16:59:04'),
(461, 10, 'affair', 'https://picsum.photos/seed/4267/2653/1433', '2022-11-14 16:59:04', '2022-11-14 16:59:04'),
(462, 10, 'wealth', 'https://picsum.photos/seed/4890/2739/794', '2022-11-14 16:59:04', '2022-11-14 16:59:04'),
(463, 10, 'charity', 'https://picsum.photos/seed/974/3689/1392', '2022-11-14 16:59:04', '2022-11-14 16:59:04'),
(464, 10, 'dealer', 'https://picsum.photos/seed/3202/2215/1605', '2022-11-14 16:59:04', '2022-11-14 16:59:04'),
(465, 10, 'confusion', 'https://picsum.photos/seed/3286/939/1104', '2022-11-14 16:59:04', '2022-11-14 16:59:04'),
(466, 10, 'event', 'https://picsum.photos/seed/616/1138/1332', '2022-11-14 16:59:04', '2022-11-14 16:59:04'),
(467, 10, 'meat', 'https://picsum.photos/seed/1875/2176/1203', '2022-11-14 16:59:04', '2022-11-14 16:59:04'),
(468, 10, 'distribution', 'https://picsum.photos/seed/3154/1813/1768', '2022-11-14 16:59:04', '2022-11-14 16:59:04'),
(469, 10, 'atmosphere', 'https://picsum.photos/seed/2438/797/907', '2022-11-14 16:59:04', '2022-11-14 16:59:04'),
(470, 10, 'mall', 'https://picsum.photos/seed/4201/1466/1577', '2022-11-14 16:59:04', '2022-11-14 16:59:04'),
(471, 10, 'setting', 'https://picsum.photos/seed/4471/1044/1682', '2022-11-14 16:59:04', '2022-11-14 16:59:04'),
(472, 10, 'reputation', 'https://picsum.photos/seed/2337/2777/928', '2022-11-14 16:59:04', '2022-11-14 16:59:04'),
(473, 10, 'satisfaction', 'https://picsum.photos/seed/1187/965/1225', '2022-11-14 16:59:04', '2022-11-14 16:59:04'),
(474, 10, 'ear', 'https://picsum.photos/seed/3420/3485/1120', '2022-11-14 16:59:04', '2022-11-14 16:59:04'),
(475, 10, 'guest', 'https://picsum.photos/seed/3621/1471/943', '2022-11-14 16:59:04', '2022-11-14 16:59:04'),
(476, 10, 'river', 'https://picsum.photos/seed/1731/3257/1244', '2022-11-14 16:59:04', '2022-11-14 16:59:04'),
(477, 10, 'feedback', 'https://picsum.photos/seed/4803/3694/870', '2022-11-14 16:59:04', '2022-11-14 16:59:04'),
(478, 10, 'platform', 'https://picsum.photos/seed/4135/3625/1755', '2022-11-14 16:59:04', '2022-11-14 16:59:04'),
(479, 10, 'pie', 'https://picsum.photos/seed/3588/1890/1164', '2022-11-14 16:59:04', '2022-11-14 16:59:04'),
(480, 10, 'examination', 'https://picsum.photos/seed/822/2483/822', '2022-11-14 16:59:04', '2022-11-14 16:59:04'),
(481, 10, 'information', 'https://picsum.photos/seed/2766/3768/1943', '2022-11-14 16:59:04', '2022-11-14 16:59:04'),
(482, 10, 'length', 'https://picsum.photos/seed/3621/1522/1729', '2022-11-14 16:59:04', '2022-11-14 16:59:04'),
(483, 10, 'director', 'https://picsum.photos/seed/312/1248/1410', '2022-11-14 16:59:04', '2022-11-14 16:59:04'),
(484, 10, 'history', 'https://picsum.photos/seed/4680/2424/1596', '2022-11-14 16:59:04', '2022-11-14 16:59:04'),
(485, 10, 'equipment', 'https://picsum.photos/seed/1013/3362/1096', '2022-11-14 16:59:04', '2022-11-14 16:59:04'),
(486, 10, 'instruction', 'https://picsum.photos/seed/3578/3687/1201', '2022-11-14 16:59:04', '2022-11-14 16:59:04'),
(487, 10, 'personality', 'https://picsum.photos/seed/1892/3583/1345', '2022-11-14 16:59:04', '2022-11-14 16:59:04'),
(488, 10, 'apartment', 'https://picsum.photos/seed/538/3056/829', '2022-11-14 16:59:04', '2022-11-14 16:59:04'),
(489, 10, 'employer', 'https://picsum.photos/seed/4055/2279/1223', '2022-11-14 16:59:04', '2022-11-14 16:59:04'),
(490, 10, 'wedding', 'https://picsum.photos/seed/650/2742/853', '2022-11-14 16:59:04', '2022-11-14 16:59:04'),
(491, 10, 'youth', 'https://picsum.photos/seed/1564/1971/1403', '2022-11-14 16:59:04', '2022-11-14 16:59:04'),
(492, 10, 'difference', 'https://picsum.photos/seed/1640/892/1137', '2022-11-14 16:59:04', '2022-11-14 16:59:04'),
(493, 10, 'cancer', 'https://picsum.photos/seed/378/876/1226', '2022-11-14 16:59:04', '2022-11-14 16:59:04'),
(494, 10, 'assignment', 'https://picsum.photos/seed/296/2452/1373', '2022-11-14 16:59:04', '2022-11-14 16:59:04'),
(495, 10, 'mud', 'https://picsum.photos/seed/2879/1276/883', '2022-11-14 16:59:04', '2022-11-14 16:59:04'),
(496, 10, 'departure', 'https://picsum.photos/seed/4070/3720/1895', '2022-11-14 16:59:04', '2022-11-14 16:59:04'),
(497, 10, 'heart', 'https://picsum.photos/seed/1211/2914/1474', '2022-11-14 16:59:04', '2022-11-14 16:59:04'),
(498, 10, 'topic', 'https://picsum.photos/seed/264/2205/1366', '2022-11-14 16:59:04', '2022-11-14 16:59:04'),
(499, 10, 'climate', 'https://picsum.photos/seed/299/3392/1469', '2022-11-14 16:59:04', '2022-11-14 16:59:04'),
(500, 10, 'organization', 'https://picsum.photos/seed/1686/3058/1758', '2022-11-14 16:59:04', '2022-11-14 16:59:04'),
(501, 11, 'decision', 'https://picsum.photos/seed/4088/2039/1633', '2022-11-14 16:59:04', '2022-11-14 16:59:04'),
(502, 11, 'university', 'https://picsum.photos/seed/3211/2711/1046', '2022-11-14 16:59:04', '2022-11-14 16:59:04'),
(503, 11, 'historian', 'https://picsum.photos/seed/2477/950/898', '2022-11-14 16:59:04', '2022-11-14 16:59:04'),
(504, 11, 'awareness', 'https://picsum.photos/seed/2586/2419/1235', '2022-11-14 16:59:04', '2022-11-14 16:59:04'),
(505, 11, 'mood', 'https://picsum.photos/seed/3919/3226/1561', '2022-11-14 16:59:04', '2022-11-14 16:59:04'),
(506, 11, 'device', 'https://picsum.photos/seed/4203/2355/1430', '2022-11-14 16:59:04', '2022-11-14 16:59:04'),
(507, 11, 'virus', 'https://picsum.photos/seed/938/1365/2078', '2022-11-14 16:59:04', '2022-11-14 16:59:04'),
(508, 11, 'politics', 'https://picsum.photos/seed/155/2369/1457', '2022-11-14 16:59:04', '2022-11-14 16:59:04'),
(509, 11, 'girl', 'https://picsum.photos/seed/2736/3414/1685', '2022-11-14 16:59:04', '2022-11-14 16:59:04'),
(510, 11, 'football', 'https://picsum.photos/seed/2916/2108/1953', '2022-11-14 16:59:04', '2022-11-14 16:59:04'),
(511, 11, 'affair', 'https://picsum.photos/seed/1483/3238/1499', '2022-11-14 16:59:04', '2022-11-14 16:59:04'),
(512, 11, 'wealth', 'https://picsum.photos/seed/4819/785/1025', '2022-11-14 16:59:04', '2022-11-14 16:59:04'),
(513, 11, 'charity', 'https://picsum.photos/seed/1197/1746/1865', '2022-11-14 16:59:04', '2022-11-14 16:59:04'),
(514, 11, 'dealer', 'https://picsum.photos/seed/690/3405/2069', '2022-11-14 16:59:04', '2022-11-14 16:59:04'),
(515, 11, 'confusion', 'https://picsum.photos/seed/2768/1166/1294', '2022-11-14 16:59:04', '2022-11-14 16:59:04'),
(516, 11, 'event', 'https://picsum.photos/seed/4687/3405/1043', '2022-11-14 16:59:04', '2022-11-14 16:59:04'),
(517, 11, 'meat', 'https://picsum.photos/seed/4230/3027/1202', '2022-11-14 16:59:04', '2022-11-14 16:59:04'),
(518, 11, 'distribution', 'https://picsum.photos/seed/1871/3629/1185', '2022-11-14 16:59:04', '2022-11-14 16:59:04'),
(519, 11, 'atmosphere', 'https://picsum.photos/seed/911/1673/1465', '2022-11-14 16:59:04', '2022-11-14 16:59:04'),
(520, 11, 'mall', 'https://picsum.photos/seed/1406/863/1937', '2022-11-14 16:59:04', '2022-11-14 16:59:04'),
(521, 11, 'setting', 'https://picsum.photos/seed/3753/1297/890', '2022-11-14 16:59:04', '2022-11-14 16:59:04'),
(522, 11, 'reputation', 'https://picsum.photos/seed/2866/3674/1727', '2022-11-14 16:59:04', '2022-11-14 16:59:04'),
(523, 11, 'satisfaction', 'https://picsum.photos/seed/1490/3436/1421', '2022-11-14 16:59:04', '2022-11-14 16:59:04'),
(524, 11, 'ear', 'https://picsum.photos/seed/485/3714/1410', '2022-11-14 16:59:04', '2022-11-14 16:59:04'),
(525, 11, 'guest', 'https://picsum.photos/seed/3597/1635/868', '2022-11-14 16:59:04', '2022-11-14 16:59:04'),
(526, 11, 'river', 'https://picsum.photos/seed/4516/3188/889', '2022-11-14 16:59:04', '2022-11-14 16:59:04'),
(527, 11, 'feedback', 'https://picsum.photos/seed/2644/2570/2015', '2022-11-14 16:59:04', '2022-11-14 16:59:04'),
(528, 11, 'platform', 'https://picsum.photos/seed/3467/774/1944', '2022-11-14 16:59:04', '2022-11-14 16:59:04'),
(529, 11, 'pie', 'https://picsum.photos/seed/4887/1767/1461', '2022-11-14 16:59:04', '2022-11-14 16:59:04'),
(530, 11, 'examination', 'https://picsum.photos/seed/2036/2034/1872', '2022-11-14 16:59:04', '2022-11-14 16:59:04'),
(531, 11, 'information', 'https://picsum.photos/seed/2274/872/1902', '2022-11-14 16:59:04', '2022-11-14 16:59:04'),
(532, 11, 'length', 'https://picsum.photos/seed/483/2798/1310', '2022-11-14 16:59:04', '2022-11-14 16:59:04'),
(533, 11, 'director', 'https://picsum.photos/seed/1367/1567/727', '2022-11-14 16:59:04', '2022-11-14 16:59:04'),
(534, 11, 'history', 'https://picsum.photos/seed/2339/1726/742', '2022-11-14 16:59:04', '2022-11-14 16:59:04'),
(535, 11, 'equipment', 'https://picsum.photos/seed/3353/2823/1302', '2022-11-14 16:59:04', '2022-11-14 16:59:04'),
(536, 11, 'instruction', 'https://picsum.photos/seed/2818/2575/1980', '2022-11-14 16:59:04', '2022-11-14 16:59:04'),
(537, 11, 'personality', 'https://picsum.photos/seed/2410/2825/2159', '2022-11-14 16:59:05', '2022-11-14 16:59:05'),
(538, 11, 'apartment', 'https://picsum.photos/seed/493/3598/1051', '2022-11-14 16:59:05', '2022-11-14 16:59:05'),
(539, 11, 'employer', 'https://picsum.photos/seed/4160/1762/1939', '2022-11-14 16:59:05', '2022-11-14 16:59:05'),
(540, 11, 'wedding', 'https://picsum.photos/seed/1869/1789/749', '2022-11-14 16:59:05', '2022-11-14 16:59:05'),
(541, 11, 'youth', 'https://picsum.photos/seed/2614/3762/1593', '2022-11-14 16:59:05', '2022-11-14 16:59:05'),
(542, 11, 'difference', 'https://picsum.photos/seed/3874/2323/1237', '2022-11-14 16:59:05', '2022-11-14 16:59:05'),
(543, 11, 'cancer', 'https://picsum.photos/seed/776/2428/1472', '2022-11-14 16:59:05', '2022-11-14 16:59:05'),
(544, 11, 'assignment', 'https://picsum.photos/seed/3867/3550/1262', '2022-11-14 16:59:05', '2022-11-14 16:59:05'),
(545, 11, 'mud', 'https://picsum.photos/seed/3768/1550/863', '2022-11-14 16:59:05', '2022-11-14 16:59:05'),
(546, 11, 'departure', 'https://picsum.photos/seed/602/2637/1491', '2022-11-14 16:59:05', '2022-11-14 16:59:05'),
(547, 11, 'heart', 'https://picsum.photos/seed/4984/2809/1537', '2022-11-14 16:59:05', '2022-11-14 16:59:05'),
(548, 11, 'topic', 'https://picsum.photos/seed/4236/2925/1274', '2022-11-14 16:59:05', '2022-11-14 16:59:05'),
(549, 11, 'climate', 'https://picsum.photos/seed/3305/756/811', '2022-11-14 16:59:05', '2022-11-14 16:59:05'),
(550, 11, 'organization', 'https://picsum.photos/seed/377/3686/1879', '2022-11-14 16:59:05', '2022-11-14 16:59:05'),
(551, 12, 'decision', 'https://picsum.photos/seed/3270/967/904', '2022-11-14 16:59:05', '2022-11-14 16:59:05'),
(552, 12, 'university', 'https://picsum.photos/seed/4725/808/2054', '2022-11-14 16:59:05', '2022-11-14 16:59:05'),
(553, 12, 'historian', 'https://picsum.photos/seed/952/3175/1230', '2022-11-14 16:59:05', '2022-11-14 16:59:05'),
(554, 12, 'awareness', 'https://picsum.photos/seed/2088/1014/1365', '2022-11-14 16:59:05', '2022-11-14 16:59:05'),
(555, 12, 'mood', 'https://picsum.photos/seed/836/1691/1876', '2022-11-14 16:59:05', '2022-11-14 16:59:05'),
(556, 12, 'device', 'https://picsum.photos/seed/4552/3501/743', '2022-11-14 16:59:05', '2022-11-14 16:59:05'),
(557, 12, 'virus', 'https://picsum.photos/seed/2144/1416/1425', '2022-11-14 16:59:05', '2022-11-14 16:59:05'),
(558, 12, 'politics', 'https://picsum.photos/seed/2235/3823/1222', '2022-11-14 16:59:05', '2022-11-14 16:59:05'),
(559, 12, 'girl', 'https://picsum.photos/seed/96/3614/1761', '2022-11-14 16:59:05', '2022-11-14 16:59:05'),
(560, 12, 'football', 'https://picsum.photos/seed/3256/2699/1602', '2022-11-14 16:59:05', '2022-11-14 16:59:05'),
(561, 12, 'affair', 'https://picsum.photos/seed/1987/2472/1666', '2022-11-14 16:59:05', '2022-11-14 16:59:05'),
(562, 12, 'wealth', 'https://picsum.photos/seed/2112/722/1483', '2022-11-14 16:59:05', '2022-11-14 16:59:05'),
(563, 12, 'charity', 'https://picsum.photos/seed/1577/976/932', '2022-11-14 16:59:05', '2022-11-14 16:59:05'),
(564, 12, 'dealer', 'https://picsum.photos/seed/2539/1623/1034', '2022-11-14 16:59:05', '2022-11-14 16:59:05'),
(565, 12, 'confusion', 'https://picsum.photos/seed/4585/1862/1129', '2022-11-14 16:59:05', '2022-11-14 16:59:05'),
(566, 12, 'event', 'https://picsum.photos/seed/2082/1602/1965', '2022-11-14 16:59:05', '2022-11-14 16:59:05'),
(567, 12, 'meat', 'https://picsum.photos/seed/4482/2140/2061', '2022-11-14 16:59:05', '2022-11-14 16:59:05'),
(568, 12, 'distribution', 'https://picsum.photos/seed/4027/3793/2070', '2022-11-14 16:59:05', '2022-11-14 16:59:05'),
(569, 12, 'atmosphere', 'https://picsum.photos/seed/185/2432/2104', '2022-11-14 16:59:05', '2022-11-14 16:59:05'),
(570, 12, 'mall', 'https://picsum.photos/seed/1389/2181/1032', '2022-11-14 16:59:05', '2022-11-14 16:59:05'),
(571, 12, 'setting', 'https://picsum.photos/seed/1865/2598/1875', '2022-11-14 16:59:05', '2022-11-14 16:59:05'),
(572, 12, 'reputation', 'https://picsum.photos/seed/2970/2727/1383', '2022-11-14 16:59:05', '2022-11-14 16:59:05'),
(573, 12, 'satisfaction', 'https://picsum.photos/seed/1499/2350/1036', '2022-11-14 16:59:05', '2022-11-14 16:59:05'),
(574, 12, 'ear', 'https://picsum.photos/seed/831/1064/1218', '2022-11-14 16:59:05', '2022-11-14 16:59:05'),
(575, 12, 'guest', 'https://picsum.photos/seed/4852/2331/1041', '2022-11-14 16:59:05', '2022-11-14 16:59:05'),
(576, 12, 'river', 'https://picsum.photos/seed/1354/3063/733', '2022-11-14 16:59:05', '2022-11-14 16:59:05'),
(577, 12, 'feedback', 'https://picsum.photos/seed/3540/1415/743', '2022-11-14 16:59:05', '2022-11-14 16:59:05'),
(578, 12, 'platform', 'https://picsum.photos/seed/1292/1376/1765', '2022-11-14 16:59:05', '2022-11-14 16:59:05'),
(579, 12, 'pie', 'https://picsum.photos/seed/19/2776/1305', '2022-11-14 16:59:05', '2022-11-14 16:59:05'),
(580, 12, 'examination', 'https://picsum.photos/seed/3810/2405/897', '2022-11-14 16:59:05', '2022-11-14 16:59:05'),
(581, 12, 'information', 'https://picsum.photos/seed/4920/838/1669', '2022-11-14 16:59:05', '2022-11-14 16:59:05'),
(582, 12, 'length', 'https://picsum.photos/seed/3802/1147/1701', '2022-11-14 16:59:05', '2022-11-14 16:59:05'),
(583, 12, 'director', 'https://picsum.photos/seed/2887/3418/1482', '2022-11-14 16:59:05', '2022-11-14 16:59:05'),
(584, 12, 'history', 'https://picsum.photos/seed/2853/2328/1060', '2022-11-14 16:59:05', '2022-11-14 16:59:05'),
(585, 12, 'equipment', 'https://picsum.photos/seed/2408/2859/1353', '2022-11-14 16:59:05', '2022-11-14 16:59:05'),
(586, 12, 'instruction', 'https://picsum.photos/seed/3279/2659/1397', '2022-11-14 16:59:05', '2022-11-14 16:59:05'),
(587, 12, 'personality', 'https://picsum.photos/seed/150/2702/963', '2022-11-14 16:59:05', '2022-11-14 16:59:05'),
(588, 12, 'apartment', 'https://picsum.photos/seed/655/766/1287', '2022-11-14 16:59:05', '2022-11-14 16:59:05'),
(589, 12, 'employer', 'https://picsum.photos/seed/2897/2531/1896', '2022-11-14 16:59:05', '2022-11-14 16:59:05'),
(590, 12, 'wedding', 'https://picsum.photos/seed/4379/1609/2020', '2022-11-14 16:59:05', '2022-11-14 16:59:05'),
(591, 12, 'youth', 'https://picsum.photos/seed/2796/2034/1636', '2022-11-14 16:59:05', '2022-11-14 16:59:05'),
(592, 12, 'difference', 'https://picsum.photos/seed/1750/1749/1177', '2022-11-14 16:59:05', '2022-11-14 16:59:05'),
(593, 12, 'cancer', 'https://picsum.photos/seed/553/3662/1880', '2022-11-14 16:59:05', '2022-11-14 16:59:05'),
(594, 12, 'assignment', 'https://picsum.photos/seed/537/744/1050', '2022-11-14 16:59:05', '2022-11-14 16:59:05'),
(595, 12, 'mud', 'https://picsum.photos/seed/3892/2249/1963', '2022-11-14 16:59:05', '2022-11-14 16:59:05'),
(596, 12, 'departure', 'https://picsum.photos/seed/1759/3664/1769', '2022-11-14 16:59:05', '2022-11-14 16:59:05'),
(597, 12, 'heart', 'https://picsum.photos/seed/160/1716/1808', '2022-11-14 16:59:05', '2022-11-14 16:59:05'),
(598, 12, 'topic', 'https://picsum.photos/seed/4897/3031/1205', '2022-11-14 16:59:05', '2022-11-14 16:59:05'),
(599, 12, 'climate', 'https://picsum.photos/seed/3880/1605/1175', '2022-11-14 16:59:05', '2022-11-14 16:59:05'),
(600, 12, 'organization', 'https://picsum.photos/seed/4683/2876/1414', '2022-11-14 16:59:05', '2022-11-14 16:59:05'),
(601, 13, 'decision', 'https://picsum.photos/seed/4683/3455/1038', '2022-11-14 16:59:05', '2022-11-14 16:59:05'),
(602, 13, 'university', 'https://picsum.photos/seed/3448/1681/776', '2022-11-14 16:59:05', '2022-11-14 16:59:05'),
(603, 13, 'historian', 'https://picsum.photos/seed/3823/3535/1000', '2022-11-14 16:59:05', '2022-11-14 16:59:05'),
(604, 13, 'awareness', 'https://picsum.photos/seed/4463/3008/1938', '2022-11-14 16:59:05', '2022-11-14 16:59:05'),
(605, 13, 'mood', 'https://picsum.photos/seed/8/3750/892', '2022-11-14 16:59:05', '2022-11-14 16:59:05'),
(606, 13, 'device', 'https://picsum.photos/seed/1115/2162/1760', '2022-11-14 16:59:05', '2022-11-14 16:59:05'),
(607, 13, 'virus', 'https://picsum.photos/seed/3678/3765/984', '2022-11-14 16:59:05', '2022-11-14 16:59:05'),
(608, 13, 'politics', 'https://picsum.photos/seed/4147/2453/906', '2022-11-14 16:59:05', '2022-11-14 16:59:05'),
(609, 13, 'girl', 'https://picsum.photos/seed/254/2882/917', '2022-11-14 16:59:05', '2022-11-14 16:59:05'),
(610, 13, 'football', 'https://picsum.photos/seed/3249/2721/2088', '2022-11-14 16:59:05', '2022-11-14 16:59:05'),
(611, 13, 'affair', 'https://picsum.photos/seed/2213/3769/1320', '2022-11-14 16:59:05', '2022-11-14 16:59:05'),
(612, 13, 'wealth', 'https://picsum.photos/seed/2499/2556/2130', '2022-11-14 16:59:05', '2022-11-14 16:59:05'),
(613, 13, 'charity', 'https://picsum.photos/seed/3541/3301/931', '2022-11-14 16:59:05', '2022-11-14 16:59:05'),
(614, 13, 'dealer', 'https://picsum.photos/seed/3891/1087/1865', '2022-11-14 16:59:05', '2022-11-14 16:59:05'),
(615, 13, 'confusion', 'https://picsum.photos/seed/2655/980/1479', '2022-11-14 16:59:05', '2022-11-14 16:59:05'),
(616, 13, 'event', 'https://picsum.photos/seed/1472/3429/785', '2022-11-14 16:59:05', '2022-11-14 16:59:05'),
(617, 13, 'meat', 'https://picsum.photos/seed/1106/3651/821', '2022-11-14 16:59:05', '2022-11-14 16:59:05'),
(618, 13, 'distribution', 'https://picsum.photos/seed/1189/1418/1494', '2022-11-14 16:59:05', '2022-11-14 16:59:05'),
(619, 13, 'atmosphere', 'https://picsum.photos/seed/2748/2424/1117', '2022-11-14 16:59:05', '2022-11-14 16:59:05'),
(620, 13, 'mall', 'https://picsum.photos/seed/4723/918/1336', '2022-11-14 16:59:05', '2022-11-14 16:59:05'),
(621, 13, 'setting', 'https://picsum.photos/seed/4479/3213/939', '2022-11-14 16:59:05', '2022-11-14 16:59:05'),
(622, 13, 'reputation', 'https://picsum.photos/seed/3805/2651/1524', '2022-11-14 16:59:05', '2022-11-14 16:59:05'),
(623, 13, 'satisfaction', 'https://picsum.photos/seed/2357/1856/1977', '2022-11-14 16:59:05', '2022-11-14 16:59:05'),
(624, 13, 'ear', 'https://picsum.photos/seed/1457/1665/1287', '2022-11-14 16:59:05', '2022-11-14 16:59:05'),
(625, 13, 'guest', 'https://picsum.photos/seed/1266/1326/1996', '2022-11-14 16:59:05', '2022-11-14 16:59:05'),
(626, 13, 'river', 'https://picsum.photos/seed/3541/2676/1189', '2022-11-14 16:59:05', '2022-11-14 16:59:05'),
(627, 13, 'feedback', 'https://picsum.photos/seed/3041/3452/1320', '2022-11-14 16:59:05', '2022-11-14 16:59:05'),
(628, 13, 'platform', 'https://picsum.photos/seed/2745/1437/1896', '2022-11-14 16:59:05', '2022-11-14 16:59:05'),
(629, 13, 'pie', 'https://picsum.photos/seed/1844/2246/807', '2022-11-14 16:59:05', '2022-11-14 16:59:05'),
(630, 13, 'examination', 'https://picsum.photos/seed/183/2727/1994', '2022-11-14 16:59:05', '2022-11-14 16:59:05'),
(631, 13, 'information', 'https://picsum.photos/seed/3009/3610/1679', '2022-11-14 16:59:05', '2022-11-14 16:59:05'),
(632, 13, 'length', 'https://picsum.photos/seed/449/2154/1668', '2022-11-14 16:59:05', '2022-11-14 16:59:05'),
(633, 13, 'director', 'https://picsum.photos/seed/2598/991/918', '2022-11-14 16:59:05', '2022-11-14 16:59:05'),
(634, 13, 'history', 'https://picsum.photos/seed/2309/1338/1096', '2022-11-14 16:59:05', '2022-11-14 16:59:05'),
(635, 13, 'equipment', 'https://picsum.photos/seed/2199/3264/1641', '2022-11-14 16:59:05', '2022-11-14 16:59:05'),
(636, 13, 'instruction', 'https://picsum.photos/seed/233/1793/1461', '2022-11-14 16:59:05', '2022-11-14 16:59:05'),
(637, 13, 'personality', 'https://picsum.photos/seed/3537/2782/2148', '2022-11-14 16:59:05', '2022-11-14 16:59:05'),
(638, 13, 'apartment', 'https://picsum.photos/seed/4618/2279/1946', '2022-11-14 16:59:05', '2022-11-14 16:59:05'),
(639, 13, 'employer', 'https://picsum.photos/seed/572/2261/1654', '2022-11-14 16:59:05', '2022-11-14 16:59:05'),
(640, 13, 'wedding', 'https://picsum.photos/seed/2037/1664/1952', '2022-11-14 16:59:05', '2022-11-14 16:59:05'),
(641, 13, 'youth', 'https://picsum.photos/seed/4360/1499/2028', '2022-11-14 16:59:05', '2022-11-14 16:59:05'),
(642, 13, 'difference', 'https://picsum.photos/seed/200/2702/1711', '2022-11-14 16:59:05', '2022-11-14 16:59:05'),
(643, 13, 'cancer', 'https://picsum.photos/seed/2077/2683/751', '2022-11-14 16:59:05', '2022-11-14 16:59:05'),
(644, 13, 'assignment', 'https://picsum.photos/seed/2825/1791/2129', '2022-11-14 16:59:05', '2022-11-14 16:59:05'),
(645, 13, 'mud', 'https://picsum.photos/seed/4996/1098/1394', '2022-11-14 16:59:05', '2022-11-14 16:59:05'),
(646, 13, 'departure', 'https://picsum.photos/seed/2363/1966/1452', '2022-11-14 16:59:05', '2022-11-14 16:59:05'),
(647, 13, 'heart', 'https://picsum.photos/seed/616/3285/2036', '2022-11-14 16:59:05', '2022-11-14 16:59:05'),
(648, 13, 'topic', 'https://picsum.photos/seed/4227/3700/1123', '2022-11-14 16:59:06', '2022-11-14 16:59:06'),
(649, 13, 'climate', 'https://picsum.photos/seed/1100/1102/1008', '2022-11-14 16:59:06', '2022-11-14 16:59:06'),
(650, 13, 'organization', 'https://picsum.photos/seed/4188/1705/1906', '2022-11-14 16:59:06', '2022-11-14 16:59:06'),
(651, 14, 'decision', 'https://picsum.photos/seed/3207/1862/1788', '2022-11-14 16:59:06', '2022-11-14 16:59:06'),
(652, 14, 'university', 'https://picsum.photos/seed/2240/2001/1074', '2022-11-14 16:59:06', '2022-11-14 16:59:06'),
(653, 14, 'historian', 'https://picsum.photos/seed/1798/3072/797', '2022-11-14 16:59:06', '2022-11-14 16:59:06'),
(654, 14, 'awareness', 'https://picsum.photos/seed/1152/3718/1838', '2022-11-14 16:59:06', '2022-11-14 16:59:06'),
(655, 14, 'mood', 'https://picsum.photos/seed/1574/1030/1902', '2022-11-14 16:59:06', '2022-11-14 16:59:06'),
(656, 14, 'device', 'https://picsum.photos/seed/4082/2073/1747', '2022-11-14 16:59:06', '2022-11-14 16:59:06'),
(657, 14, 'virus', 'https://picsum.photos/seed/1386/2574/1524', '2022-11-14 16:59:06', '2022-11-14 16:59:06'),
(658, 14, 'politics', 'https://picsum.photos/seed/3332/2200/1093', '2022-11-14 16:59:06', '2022-11-14 16:59:06'),
(659, 14, 'girl', 'https://picsum.photos/seed/3342/1483/1977', '2022-11-14 16:59:06', '2022-11-14 16:59:06'),
(660, 14, 'football', 'https://picsum.photos/seed/522/1494/761', '2022-11-14 16:59:06', '2022-11-14 16:59:06'),
(661, 14, 'affair', 'https://picsum.photos/seed/2816/1649/1199', '2022-11-14 16:59:06', '2022-11-14 16:59:06'),
(662, 14, 'wealth', 'https://picsum.photos/seed/1283/1736/947', '2022-11-14 16:59:06', '2022-11-14 16:59:06'),
(663, 14, 'charity', 'https://picsum.photos/seed/2262/3310/1866', '2022-11-14 16:59:06', '2022-11-14 16:59:06'),
(664, 14, 'dealer', 'https://picsum.photos/seed/3949/1085/1620', '2022-11-14 16:59:06', '2022-11-14 16:59:06'),
(665, 14, 'confusion', 'https://picsum.photos/seed/2859/3725/969', '2022-11-14 16:59:06', '2022-11-14 16:59:06'),
(666, 14, 'event', 'https://picsum.photos/seed/474/1504/1892', '2022-11-14 16:59:06', '2022-11-14 16:59:06'),
(667, 14, 'meat', 'https://picsum.photos/seed/4737/2039/770', '2022-11-14 16:59:06', '2022-11-14 16:59:06'),
(668, 14, 'distribution', 'https://picsum.photos/seed/2426/1623/882', '2022-11-14 16:59:06', '2022-11-14 16:59:06'),
(669, 14, 'atmosphere', 'https://picsum.photos/seed/4538/3755/956', '2022-11-14 16:59:06', '2022-11-14 16:59:06'),
(670, 14, 'mall', 'https://picsum.photos/seed/2865/2420/1302', '2022-11-14 16:59:06', '2022-11-14 16:59:06'),
(671, 14, 'setting', 'https://picsum.photos/seed/3143/2206/1141', '2022-11-14 16:59:06', '2022-11-14 16:59:06'),
(672, 14, 'reputation', 'https://picsum.photos/seed/238/1510/1604', '2022-11-14 16:59:06', '2022-11-14 16:59:06'),
(673, 14, 'satisfaction', 'https://picsum.photos/seed/1149/2742/1705', '2022-11-14 16:59:06', '2022-11-14 16:59:06'),
(674, 14, 'ear', 'https://picsum.photos/seed/4522/3166/1247', '2022-11-14 16:59:06', '2022-11-14 16:59:06'),
(675, 14, 'guest', 'https://picsum.photos/seed/3604/2097/1630', '2022-11-14 16:59:06', '2022-11-14 16:59:06'),
(676, 14, 'river', 'https://picsum.photos/seed/692/2751/1214', '2022-11-14 16:59:06', '2022-11-14 16:59:06'),
(677, 14, 'feedback', 'https://picsum.photos/seed/3378/2054/1014', '2022-11-14 16:59:06', '2022-11-14 16:59:06'),
(678, 14, 'platform', 'https://picsum.photos/seed/439/2203/1283', '2022-11-14 16:59:06', '2022-11-14 16:59:06'),
(679, 14, 'pie', 'https://picsum.photos/seed/2403/3248/1830', '2022-11-14 16:59:06', '2022-11-14 16:59:06'),
(680, 14, 'examination', 'https://picsum.photos/seed/391/2963/862', '2022-11-14 16:59:06', '2022-11-14 16:59:06'),
(681, 14, 'information', 'https://picsum.photos/seed/1781/1060/1329', '2022-11-14 16:59:06', '2022-11-14 16:59:06'),
(682, 14, 'length', 'https://picsum.photos/seed/1393/3148/757', '2022-11-14 16:59:06', '2022-11-14 16:59:06'),
(683, 14, 'director', 'https://picsum.photos/seed/4340/1639/839', '2022-11-14 16:59:06', '2022-11-14 16:59:06'),
(684, 14, 'history', 'https://picsum.photos/seed/79/2563/1821', '2022-11-14 16:59:06', '2022-11-14 16:59:06'),
(685, 14, 'equipment', 'https://picsum.photos/seed/3375/1694/2038', '2022-11-14 16:59:06', '2022-11-14 16:59:06'),
(686, 14, 'instruction', 'https://picsum.photos/seed/1818/3220/1686', '2022-11-14 16:59:06', '2022-11-14 16:59:06'),
(687, 14, 'personality', 'https://picsum.photos/seed/2643/1330/2039', '2022-11-14 16:59:06', '2022-11-14 16:59:06'),
(688, 14, 'apartment', 'https://picsum.photos/seed/3780/2326/2058', '2022-11-14 16:59:06', '2022-11-14 16:59:06'),
(689, 14, 'employer', 'https://picsum.photos/seed/3626/2685/814', '2022-11-14 16:59:06', '2022-11-14 16:59:06'),
(690, 14, 'wedding', 'https://picsum.photos/seed/1676/2420/1917', '2022-11-14 16:59:06', '2022-11-14 16:59:06'),
(691, 14, 'youth', 'https://picsum.photos/seed/3137/2470/1283', '2022-11-14 16:59:06', '2022-11-14 16:59:06'),
(692, 14, 'difference', 'https://picsum.photos/seed/4880/2522/1171', '2022-11-14 16:59:06', '2022-11-14 16:59:06'),
(693, 14, 'cancer', 'https://picsum.photos/seed/3390/1616/1441', '2022-11-14 16:59:06', '2022-11-14 16:59:06'),
(694, 14, 'assignment', 'https://picsum.photos/seed/266/839/2037', '2022-11-14 16:59:06', '2022-11-14 16:59:06'),
(695, 14, 'mud', 'https://picsum.photos/seed/2364/2626/2132', '2022-11-14 16:59:06', '2022-11-14 16:59:06'),
(696, 14, 'departure', 'https://picsum.photos/seed/2920/1453/1127', '2022-11-14 16:59:06', '2022-11-14 16:59:06'),
(697, 14, 'heart', 'https://picsum.photos/seed/4978/2077/772', '2022-11-14 16:59:06', '2022-11-14 16:59:06'),
(698, 14, 'topic', 'https://picsum.photos/seed/968/1661/1675', '2022-11-14 16:59:06', '2022-11-14 16:59:06'),
(699, 14, 'climate', 'https://picsum.photos/seed/1602/2472/2148', '2022-11-14 16:59:06', '2022-11-14 16:59:06'),
(700, 14, 'organization', 'https://picsum.photos/seed/1669/916/1348', '2022-11-14 16:59:06', '2022-11-14 16:59:06'),
(701, 15, 'decision', 'https://picsum.photos/seed/4976/3752/1448', '2022-11-14 16:59:06', '2022-11-14 16:59:06'),
(702, 15, 'university', 'https://picsum.photos/seed/2667/3641/1256', '2022-11-14 16:59:06', '2022-11-14 16:59:06'),
(703, 15, 'historian', 'https://picsum.photos/seed/2188/1126/1380', '2022-11-14 16:59:06', '2022-11-14 16:59:06'),
(704, 15, 'awareness', 'https://picsum.photos/seed/2874/1503/1758', '2022-11-14 16:59:06', '2022-11-14 16:59:06'),
(705, 15, 'mood', 'https://picsum.photos/seed/2103/3817/917', '2022-11-14 16:59:06', '2022-11-14 16:59:06'),
(706, 15, 'device', 'https://picsum.photos/seed/3113/936/1724', '2022-11-14 16:59:06', '2022-11-14 16:59:06'),
(707, 15, 'virus', 'https://picsum.photos/seed/763/2089/981', '2022-11-14 16:59:06', '2022-11-14 16:59:06'),
(708, 15, 'politics', 'https://picsum.photos/seed/1593/2181/1871', '2022-11-14 16:59:06', '2022-11-14 16:59:06'),
(709, 15, 'girl', 'https://picsum.photos/seed/903/2056/1710', '2022-11-14 16:59:06', '2022-11-14 16:59:06'),
(710, 15, 'football', 'https://picsum.photos/seed/984/1355/1201', '2022-11-14 16:59:06', '2022-11-14 16:59:06'),
(711, 15, 'affair', 'https://picsum.photos/seed/4975/1016/1138', '2022-11-14 16:59:06', '2022-11-14 16:59:06'),
(712, 15, 'wealth', 'https://picsum.photos/seed/4934/3298/1106', '2022-11-14 16:59:06', '2022-11-14 16:59:06'),
(713, 15, 'charity', 'https://picsum.photos/seed/3597/2476/2135', '2022-11-14 16:59:06', '2022-11-14 16:59:06'),
(714, 15, 'dealer', 'https://picsum.photos/seed/766/1346/1410', '2022-11-14 16:59:06', '2022-11-14 16:59:06'),
(715, 15, 'confusion', 'https://picsum.photos/seed/2066/3380/1225', '2022-11-14 16:59:06', '2022-11-14 16:59:06'),
(716, 15, 'event', 'https://picsum.photos/seed/1003/2403/853', '2022-11-14 16:59:06', '2022-11-14 16:59:06'),
(717, 15, 'meat', 'https://picsum.photos/seed/1098/3698/1891', '2022-11-14 16:59:06', '2022-11-14 16:59:06'),
(718, 15, 'distribution', 'https://picsum.photos/seed/2856/3767/1640', '2022-11-14 16:59:06', '2022-11-14 16:59:06'),
(719, 15, 'atmosphere', 'https://picsum.photos/seed/4850/751/1314', '2022-11-14 16:59:06', '2022-11-14 16:59:06'),
(720, 15, 'mall', 'https://picsum.photos/seed/3224/3180/1981', '2022-11-14 16:59:06', '2022-11-14 16:59:06'),
(721, 15, 'setting', 'https://picsum.photos/seed/1664/3673/1232', '2022-11-14 16:59:06', '2022-11-14 16:59:06'),
(722, 15, 'reputation', 'https://picsum.photos/seed/728/3174/1723', '2022-11-14 16:59:06', '2022-11-14 16:59:06'),
(723, 15, 'satisfaction', 'https://picsum.photos/seed/1422/3079/1851', '2022-11-14 16:59:06', '2022-11-14 16:59:06'),
(724, 15, 'ear', 'https://picsum.photos/seed/1620/2445/1660', '2022-11-14 16:59:06', '2022-11-14 16:59:06'),
(725, 15, 'guest', 'https://picsum.photos/seed/745/3346/1158', '2022-11-14 16:59:06', '2022-11-14 16:59:06'),
(726, 15, 'river', 'https://picsum.photos/seed/515/866/907', '2022-11-14 16:59:06', '2022-11-14 16:59:06'),
(727, 15, 'feedback', 'https://picsum.photos/seed/2068/2416/1889', '2022-11-14 16:59:06', '2022-11-14 16:59:06'),
(728, 15, 'platform', 'https://picsum.photos/seed/338/1148/1448', '2022-11-14 16:59:06', '2022-11-14 16:59:06'),
(729, 15, 'pie', 'https://picsum.photos/seed/1752/1756/1039', '2022-11-14 16:59:06', '2022-11-14 16:59:06'),
(730, 15, 'examination', 'https://picsum.photos/seed/786/2332/1004', '2022-11-14 16:59:06', '2022-11-14 16:59:06'),
(731, 15, 'information', 'https://picsum.photos/seed/4601/2733/1958', '2022-11-14 16:59:06', '2022-11-14 16:59:06'),
(732, 15, 'length', 'https://picsum.photos/seed/1627/1795/1407', '2022-11-14 16:59:06', '2022-11-14 16:59:06'),
(733, 15, 'director', 'https://picsum.photos/seed/3811/2259/1823', '2022-11-14 16:59:06', '2022-11-14 16:59:06'),
(734, 15, 'history', 'https://picsum.photos/seed/2730/3778/1673', '2022-11-14 16:59:06', '2022-11-14 16:59:06'),
(735, 15, 'equipment', 'https://picsum.photos/seed/3395/3580/2068', '2022-11-14 16:59:06', '2022-11-14 16:59:06'),
(736, 15, 'instruction', 'https://picsum.photos/seed/1047/3535/1717', '2022-11-14 16:59:06', '2022-11-14 16:59:06'),
(737, 15, 'personality', 'https://picsum.photos/seed/4282/2169/1026', '2022-11-14 16:59:06', '2022-11-14 16:59:06'),
(738, 15, 'apartment', 'https://picsum.photos/seed/2330/2779/1856', '2022-11-14 16:59:06', '2022-11-14 16:59:06'),
(739, 15, 'employer', 'https://picsum.photos/seed/475/965/1128', '2022-11-14 16:59:06', '2022-11-14 16:59:06'),
(740, 15, 'wedding', 'https://picsum.photos/seed/2307/3668/750', '2022-11-14 16:59:06', '2022-11-14 16:59:06'),
(741, 15, 'youth', 'https://picsum.photos/seed/447/3667/1952', '2022-11-14 16:59:06', '2022-11-14 16:59:06'),
(742, 15, 'difference', 'https://picsum.photos/seed/3573/3223/1060', '2022-11-14 16:59:06', '2022-11-14 16:59:06'),
(743, 15, 'cancer', 'https://picsum.photos/seed/3750/2913/2027', '2022-11-14 16:59:06', '2022-11-14 16:59:06'),
(744, 15, 'assignment', 'https://picsum.photos/seed/2684/851/1017', '2022-11-14 16:59:06', '2022-11-14 16:59:06'),
(745, 15, 'mud', 'https://picsum.photos/seed/1574/1736/2120', '2022-11-14 16:59:06', '2022-11-14 16:59:06'),
(746, 15, 'departure', 'https://picsum.photos/seed/1734/2285/2002', '2022-11-14 16:59:06', '2022-11-14 16:59:06'),
(747, 15, 'heart', 'https://picsum.photos/seed/3882/1367/720', '2022-11-14 16:59:06', '2022-11-14 16:59:06'),
(748, 15, 'topic', 'https://picsum.photos/seed/1530/3415/1374', '2022-11-14 16:59:06', '2022-11-14 16:59:06'),
(749, 15, 'climate', 'https://picsum.photos/seed/4983/837/1006', '2022-11-14 16:59:06', '2022-11-14 16:59:06'),
(750, 15, 'organization', 'https://picsum.photos/seed/1747/3227/1960', '2022-11-14 16:59:06', '2022-11-14 16:59:06'),
(751, 16, 'decision', 'https://picsum.photos/seed/2272/2353/1050', '2022-11-14 16:59:06', '2022-11-14 16:59:06'),
(752, 16, 'university', 'https://picsum.photos/seed/3334/2431/1313', '2022-11-14 16:59:06', '2022-11-14 16:59:06'),
(753, 16, 'historian', 'https://picsum.photos/seed/793/2673/1928', '2022-11-14 16:59:06', '2022-11-14 16:59:06'),
(754, 16, 'awareness', 'https://picsum.photos/seed/3350/2163/1740', '2022-11-14 16:59:06', '2022-11-14 16:59:06'),
(755, 16, 'mood', 'https://picsum.photos/seed/324/2883/1398', '2022-11-14 16:59:06', '2022-11-14 16:59:06'),
(756, 16, 'device', 'https://picsum.photos/seed/1512/3423/1223', '2022-11-14 16:59:06', '2022-11-14 16:59:06'),
(757, 16, 'virus', 'https://picsum.photos/seed/3258/1790/1701', '2022-11-14 16:59:06', '2022-11-14 16:59:06'),
(758, 16, 'politics', 'https://picsum.photos/seed/1603/730/2122', '2022-11-14 16:59:06', '2022-11-14 16:59:06'),
(759, 16, 'girl', 'https://picsum.photos/seed/760/3428/1983', '2022-11-14 16:59:06', '2022-11-14 16:59:06'),
(760, 16, 'football', 'https://picsum.photos/seed/3951/2442/973', '2022-11-14 16:59:07', '2022-11-14 16:59:07'),
(761, 16, 'affair', 'https://picsum.photos/seed/2702/3472/1124', '2022-11-14 16:59:07', '2022-11-14 16:59:07'),
(762, 16, 'wealth', 'https://picsum.photos/seed/1322/2405/1695', '2022-11-14 16:59:07', '2022-11-14 16:59:07'),
(763, 16, 'charity', 'https://picsum.photos/seed/4691/1390/991', '2022-11-14 16:59:07', '2022-11-14 16:59:07'),
(764, 16, 'dealer', 'https://picsum.photos/seed/3575/886/1076', '2022-11-14 16:59:07', '2022-11-14 16:59:07'),
(765, 16, 'confusion', 'https://picsum.photos/seed/4411/2874/998', '2022-11-14 16:59:07', '2022-11-14 16:59:07'),
(766, 16, 'event', 'https://picsum.photos/seed/3941/3088/1951', '2022-11-14 16:59:07', '2022-11-14 16:59:07'),
(767, 16, 'meat', 'https://picsum.photos/seed/1010/1203/1004', '2022-11-14 16:59:07', '2022-11-14 16:59:07'),
(768, 16, 'distribution', 'https://picsum.photos/seed/4515/2788/1116', '2022-11-14 16:59:07', '2022-11-14 16:59:07'),
(769, 16, 'atmosphere', 'https://picsum.photos/seed/385/2300/1672', '2022-11-14 16:59:07', '2022-11-14 16:59:07'),
(770, 16, 'mall', 'https://picsum.photos/seed/4762/1943/1902', '2022-11-14 16:59:07', '2022-11-14 16:59:07'),
(771, 16, 'setting', 'https://picsum.photos/seed/3256/1556/1105', '2022-11-14 16:59:07', '2022-11-14 16:59:07'),
(772, 16, 'reputation', 'https://picsum.photos/seed/979/1909/1969', '2022-11-14 16:59:07', '2022-11-14 16:59:07'),
(773, 16, 'satisfaction', 'https://picsum.photos/seed/1615/2069/834', '2022-11-14 16:59:07', '2022-11-14 16:59:07'),
(774, 16, 'ear', 'https://picsum.photos/seed/953/1339/1160', '2022-11-14 16:59:07', '2022-11-14 16:59:07'),
(775, 16, 'guest', 'https://picsum.photos/seed/111/2703/1042', '2022-11-14 16:59:07', '2022-11-14 16:59:07'),
(776, 16, 'river', 'https://picsum.photos/seed/3092/3473/1572', '2022-11-14 16:59:07', '2022-11-14 16:59:07'),
(777, 16, 'feedback', 'https://picsum.photos/seed/2281/3005/1866', '2022-11-14 16:59:07', '2022-11-14 16:59:07'),
(778, 16, 'platform', 'https://picsum.photos/seed/4540/3782/1713', '2022-11-14 16:59:07', '2022-11-14 16:59:07'),
(779, 16, 'pie', 'https://picsum.photos/seed/4363/3374/1486', '2022-11-14 16:59:07', '2022-11-14 16:59:07'),
(780, 16, 'examination', 'https://picsum.photos/seed/590/3130/1450', '2022-11-14 16:59:07', '2022-11-14 16:59:07'),
(781, 16, 'information', 'https://picsum.photos/seed/536/2595/1252', '2022-11-14 16:59:07', '2022-11-14 16:59:07'),
(782, 16, 'length', 'https://picsum.photos/seed/4105/2938/1475', '2022-11-14 16:59:07', '2022-11-14 16:59:07'),
(783, 16, 'director', 'https://picsum.photos/seed/645/1308/869', '2022-11-14 16:59:07', '2022-11-14 16:59:07'),
(784, 16, 'history', 'https://picsum.photos/seed/4852/2077/1218', '2022-11-14 16:59:07', '2022-11-14 16:59:07'),
(785, 16, 'equipment', 'https://picsum.photos/seed/1053/1927/1862', '2022-11-14 16:59:07', '2022-11-14 16:59:07'),
(786, 16, 'instruction', 'https://picsum.photos/seed/3120/1483/1734', '2022-11-14 16:59:07', '2022-11-14 16:59:07'),
(787, 16, 'personality', 'https://picsum.photos/seed/4072/2877/1600', '2022-11-14 16:59:07', '2022-11-14 16:59:07'),
(788, 16, 'apartment', 'https://picsum.photos/seed/4086/3752/1262', '2022-11-14 16:59:07', '2022-11-14 16:59:07'),
(789, 16, 'employer', 'https://picsum.photos/seed/2769/1724/1827', '2022-11-14 16:59:07', '2022-11-14 16:59:07'),
(790, 16, 'wedding', 'https://picsum.photos/seed/2932/1144/1813', '2022-11-14 16:59:07', '2022-11-14 16:59:07'),
(791, 16, 'youth', 'https://picsum.photos/seed/3448/1041/2089', '2022-11-14 16:59:07', '2022-11-14 16:59:07'),
(792, 16, 'difference', 'https://picsum.photos/seed/2654/3193/1405', '2022-11-14 16:59:07', '2022-11-14 16:59:07'),
(793, 16, 'cancer', 'https://picsum.photos/seed/1008/2426/1016', '2022-11-14 16:59:07', '2022-11-14 16:59:07'),
(794, 16, 'assignment', 'https://picsum.photos/seed/922/2014/1302', '2022-11-14 16:59:07', '2022-11-14 16:59:07'),
(795, 16, 'mud', 'https://picsum.photos/seed/2759/3752/2008', '2022-11-14 16:59:07', '2022-11-14 16:59:07'),
(796, 16, 'departure', 'https://picsum.photos/seed/481/1746/1896', '2022-11-14 16:59:07', '2022-11-14 16:59:07'),
(797, 16, 'heart', 'https://picsum.photos/seed/4130/2967/1088', '2022-11-14 16:59:07', '2022-11-14 16:59:07'),
(798, 16, 'topic', 'https://picsum.photos/seed/470/3361/748', '2022-11-14 16:59:07', '2022-11-14 16:59:07'),
(799, 16, 'climate', 'https://picsum.photos/seed/1863/1681/1566', '2022-11-14 16:59:07', '2022-11-14 16:59:07'),
(800, 16, 'organization', 'https://picsum.photos/seed/2467/2645/819', '2022-11-14 16:59:07', '2022-11-14 16:59:07'),
(801, 17, 'decision', 'https://picsum.photos/seed/3674/3489/949', '2022-11-14 16:59:07', '2022-11-14 16:59:07'),
(802, 17, 'university', 'https://picsum.photos/seed/4474/3387/866', '2022-11-14 16:59:07', '2022-11-14 16:59:07'),
(803, 17, 'historian', 'https://picsum.photos/seed/541/1575/1846', '2022-11-14 16:59:07', '2022-11-14 16:59:07'),
(804, 17, 'awareness', 'https://picsum.photos/seed/4313/1391/872', '2022-11-14 16:59:07', '2022-11-14 16:59:07'),
(805, 17, 'mood', 'https://picsum.photos/seed/1555/848/1740', '2022-11-14 16:59:07', '2022-11-14 16:59:07'),
(806, 17, 'device', 'https://picsum.photos/seed/2398/3648/1050', '2022-11-14 16:59:07', '2022-11-14 16:59:07'),
(807, 17, 'virus', 'https://picsum.photos/seed/4608/3126/1115', '2022-11-14 16:59:07', '2022-11-14 16:59:07'),
(808, 17, 'politics', 'https://picsum.photos/seed/3192/2607/1053', '2022-11-14 16:59:07', '2022-11-14 16:59:07'),
(809, 17, 'girl', 'https://picsum.photos/seed/3043/2394/1585', '2022-11-14 16:59:07', '2022-11-14 16:59:07'),
(810, 17, 'football', 'https://picsum.photos/seed/2313/1596/957', '2022-11-14 16:59:07', '2022-11-14 16:59:07'),
(811, 17, 'affair', 'https://picsum.photos/seed/2515/2039/1219', '2022-11-14 16:59:07', '2022-11-14 16:59:07'),
(812, 17, 'wealth', 'https://picsum.photos/seed/4241/1527/1157', '2022-11-14 16:59:07', '2022-11-14 16:59:07'),
(813, 17, 'charity', 'https://picsum.photos/seed/203/3178/1328', '2022-11-14 16:59:07', '2022-11-14 16:59:07'),
(814, 17, 'dealer', 'https://picsum.photos/seed/919/1026/994', '2022-11-14 16:59:07', '2022-11-14 16:59:07'),
(815, 17, 'confusion', 'https://picsum.photos/seed/2380/3045/2013', '2022-11-14 16:59:07', '2022-11-14 16:59:07'),
(816, 17, 'event', 'https://picsum.photos/seed/14/1511/1884', '2022-11-14 16:59:07', '2022-11-14 16:59:07'),
(817, 17, 'meat', 'https://picsum.photos/seed/4509/957/1972', '2022-11-14 16:59:07', '2022-11-14 16:59:07'),
(818, 17, 'distribution', 'https://picsum.photos/seed/3360/2285/2131', '2022-11-14 16:59:07', '2022-11-14 16:59:07'),
(819, 17, 'atmosphere', 'https://picsum.photos/seed/106/803/800', '2022-11-14 16:59:07', '2022-11-14 16:59:07'),
(820, 17, 'mall', 'https://picsum.photos/seed/1686/2564/1866', '2022-11-14 16:59:07', '2022-11-14 16:59:07'),
(821, 17, 'setting', 'https://picsum.photos/seed/3793/1905/1532', '2022-11-14 16:59:07', '2022-11-14 16:59:07'),
(822, 17, 'reputation', 'https://picsum.photos/seed/1746/2773/936', '2022-11-14 16:59:07', '2022-11-14 16:59:07'),
(823, 17, 'satisfaction', 'https://picsum.photos/seed/4030/2318/1814', '2022-11-14 16:59:07', '2022-11-14 16:59:07'),
(824, 17, 'ear', 'https://picsum.photos/seed/2623/2312/1004', '2022-11-14 16:59:07', '2022-11-14 16:59:07'),
(825, 17, 'guest', 'https://picsum.photos/seed/1290/3605/953', '2022-11-14 16:59:07', '2022-11-14 16:59:07'),
(826, 17, 'river', 'https://picsum.photos/seed/2131/986/2034', '2022-11-14 16:59:07', '2022-11-14 16:59:07'),
(827, 17, 'feedback', 'https://picsum.photos/seed/1808/2272/1908', '2022-11-14 16:59:07', '2022-11-14 16:59:07'),
(828, 17, 'platform', 'https://picsum.photos/seed/4351/3448/737', '2022-11-14 16:59:07', '2022-11-14 16:59:07'),
(829, 17, 'pie', 'https://picsum.photos/seed/1976/2931/899', '2022-11-14 16:59:07', '2022-11-14 16:59:07'),
(830, 17, 'examination', 'https://picsum.photos/seed/1542/2403/1216', '2022-11-14 16:59:07', '2022-11-14 16:59:07'),
(831, 17, 'information', 'https://picsum.photos/seed/2455/1720/775', '2022-11-14 16:59:07', '2022-11-14 16:59:07'),
(832, 17, 'length', 'https://picsum.photos/seed/3091/1471/1433', '2022-11-14 16:59:07', '2022-11-14 16:59:07'),
(833, 17, 'director', 'https://picsum.photos/seed/3394/3476/1094', '2022-11-14 16:59:07', '2022-11-14 16:59:07'),
(834, 17, 'history', 'https://picsum.photos/seed/3937/3331/1452', '2022-11-14 16:59:07', '2022-11-14 16:59:07'),
(835, 17, 'equipment', 'https://picsum.photos/seed/1329/999/821', '2022-11-14 16:59:07', '2022-11-14 16:59:07'),
(836, 17, 'instruction', 'https://picsum.photos/seed/1508/1676/1450', '2022-11-14 16:59:07', '2022-11-14 16:59:07'),
(837, 17, 'personality', 'https://picsum.photos/seed/3679/2067/2109', '2022-11-14 16:59:07', '2022-11-14 16:59:07'),
(838, 17, 'apartment', 'https://picsum.photos/seed/4518/2651/1837', '2022-11-14 16:59:07', '2022-11-14 16:59:07'),
(839, 17, 'employer', 'https://picsum.photos/seed/936/3507/952', '2022-11-14 16:59:07', '2022-11-14 16:59:07'),
(840, 17, 'wedding', 'https://picsum.photos/seed/3196/2998/1577', '2022-11-14 16:59:07', '2022-11-14 16:59:07'),
(841, 17, 'youth', 'https://picsum.photos/seed/3827/2552/1525', '2022-11-14 16:59:07', '2022-11-14 16:59:07'),
(842, 17, 'difference', 'https://picsum.photos/seed/1514/2332/1538', '2022-11-14 16:59:07', '2022-11-14 16:59:07'),
(843, 17, 'cancer', 'https://picsum.photos/seed/3454/2109/1378', '2022-11-14 16:59:07', '2022-11-14 16:59:07'),
(844, 17, 'assignment', 'https://picsum.photos/seed/4978/1716/1317', '2022-11-14 16:59:07', '2022-11-14 16:59:07'),
(845, 17, 'mud', 'https://picsum.photos/seed/1392/2006/1705', '2022-11-14 16:59:07', '2022-11-14 16:59:07'),
(846, 17, 'departure', 'https://picsum.photos/seed/2756/2825/1230', '2022-11-14 16:59:07', '2022-11-14 16:59:07'),
(847, 17, 'heart', 'https://picsum.photos/seed/4607/1555/1635', '2022-11-14 16:59:07', '2022-11-14 16:59:07'),
(848, 17, 'topic', 'https://picsum.photos/seed/2958/3722/980', '2022-11-14 16:59:07', '2022-11-14 16:59:07'),
(849, 17, 'climate', 'https://picsum.photos/seed/4549/1046/1860', '2022-11-14 16:59:07', '2022-11-14 16:59:07'),
(850, 17, 'organization', 'https://picsum.photos/seed/597/2406/1377', '2022-11-14 16:59:07', '2022-11-14 16:59:07'),
(851, 18, 'decision', 'https://picsum.photos/seed/3426/1851/742', '2022-11-14 16:59:07', '2022-11-14 16:59:07'),
(852, 18, 'university', 'https://picsum.photos/seed/1436/1983/770', '2022-11-14 16:59:07', '2022-11-14 16:59:07'),
(853, 18, 'historian', 'https://picsum.photos/seed/782/2362/1999', '2022-11-14 16:59:07', '2022-11-14 16:59:07'),
(854, 18, 'awareness', 'https://picsum.photos/seed/4590/3797/741', '2022-11-14 16:59:07', '2022-11-14 16:59:07'),
(855, 18, 'mood', 'https://picsum.photos/seed/786/1988/1103', '2022-11-14 16:59:07', '2022-11-14 16:59:07'),
(856, 18, 'device', 'https://picsum.photos/seed/4845/3788/1240', '2022-11-14 16:59:07', '2022-11-14 16:59:07'),
(857, 18, 'virus', 'https://picsum.photos/seed/4278/1412/1742', '2022-11-14 16:59:07', '2022-11-14 16:59:07'),
(858, 18, 'politics', 'https://picsum.photos/seed/2338/3101/1677', '2022-11-14 16:59:07', '2022-11-14 16:59:07'),
(859, 18, 'girl', 'https://picsum.photos/seed/2074/3104/1818', '2022-11-14 16:59:07', '2022-11-14 16:59:07'),
(860, 18, 'football', 'https://picsum.photos/seed/3580/2287/1965', '2022-11-14 16:59:07', '2022-11-14 16:59:07'),
(861, 18, 'affair', 'https://picsum.photos/seed/4147/2768/1853', '2022-11-14 16:59:07', '2022-11-14 16:59:07'),
(862, 18, 'wealth', 'https://picsum.photos/seed/2641/1863/1978', '2022-11-14 16:59:07', '2022-11-14 16:59:07'),
(863, 18, 'charity', 'https://picsum.photos/seed/4970/2810/2144', '2022-11-14 16:59:07', '2022-11-14 16:59:07'),
(864, 18, 'dealer', 'https://picsum.photos/seed/4067/2139/1149', '2022-11-14 16:59:07', '2022-11-14 16:59:07'),
(865, 18, 'confusion', 'https://picsum.photos/seed/2881/1441/1321', '2022-11-14 16:59:07', '2022-11-14 16:59:07'),
(866, 18, 'event', 'https://picsum.photos/seed/4194/3382/963', '2022-11-14 16:59:07', '2022-11-14 16:59:07'),
(867, 18, 'meat', 'https://picsum.photos/seed/1600/2653/906', '2022-11-14 16:59:07', '2022-11-14 16:59:07'),
(868, 18, 'distribution', 'https://picsum.photos/seed/928/2747/1248', '2022-11-14 16:59:07', '2022-11-14 16:59:07'),
(869, 18, 'atmosphere', 'https://picsum.photos/seed/2198/3448/880', '2022-11-14 16:59:07', '2022-11-14 16:59:07'),
(870, 18, 'mall', 'https://picsum.photos/seed/4884/1261/1700', '2022-11-14 16:59:07', '2022-11-14 16:59:07'),
(871, 18, 'setting', 'https://picsum.photos/seed/3366/2381/1050', '2022-11-14 16:59:07', '2022-11-14 16:59:07'),
(872, 18, 'reputation', 'https://picsum.photos/seed/3059/774/911', '2022-11-14 16:59:08', '2022-11-14 16:59:08'),
(873, 18, 'satisfaction', 'https://picsum.photos/seed/81/3452/1467', '2022-11-14 16:59:08', '2022-11-14 16:59:08'),
(874, 18, 'ear', 'https://picsum.photos/seed/4209/3541/1378', '2022-11-14 16:59:08', '2022-11-14 16:59:08'),
(875, 18, 'guest', 'https://picsum.photos/seed/3840/1683/2044', '2022-11-14 16:59:08', '2022-11-14 16:59:08'),
(876, 18, 'river', 'https://picsum.photos/seed/3868/2315/1511', '2022-11-14 16:59:08', '2022-11-14 16:59:08'),
(877, 18, 'feedback', 'https://picsum.photos/seed/3135/3515/1210', '2022-11-14 16:59:08', '2022-11-14 16:59:08'),
(878, 18, 'platform', 'https://picsum.photos/seed/647/1348/798', '2022-11-14 16:59:08', '2022-11-14 16:59:08'),
(879, 18, 'pie', 'https://picsum.photos/seed/4160/1435/1622', '2022-11-14 16:59:08', '2022-11-14 16:59:08'),
(880, 18, 'examination', 'https://picsum.photos/seed/4278/3312/2097', '2022-11-14 16:59:08', '2022-11-14 16:59:08'),
(881, 18, 'information', 'https://picsum.photos/seed/2137/2564/1669', '2022-11-14 16:59:08', '2022-11-14 16:59:08'),
(882, 18, 'length', 'https://picsum.photos/seed/4644/1599/1794', '2022-11-14 16:59:08', '2022-11-14 16:59:08'),
(883, 18, 'director', 'https://picsum.photos/seed/2582/1273/932', '2022-11-14 16:59:08', '2022-11-14 16:59:08'),
(884, 18, 'history', 'https://picsum.photos/seed/2498/3127/1331', '2022-11-14 16:59:08', '2022-11-14 16:59:08'),
(885, 18, 'equipment', 'https://picsum.photos/seed/1675/1009/1293', '2022-11-14 16:59:08', '2022-11-14 16:59:08'),
(886, 18, 'instruction', 'https://picsum.photos/seed/4092/3089/1540', '2022-11-14 16:59:08', '2022-11-14 16:59:08'),
(887, 18, 'personality', 'https://picsum.photos/seed/1043/2079/721', '2022-11-14 16:59:08', '2022-11-14 16:59:08'),
(888, 18, 'apartment', 'https://picsum.photos/seed/3212/3760/1693', '2022-11-14 16:59:08', '2022-11-14 16:59:08'),
(889, 18, 'employer', 'https://picsum.photos/seed/147/874/1273', '2022-11-14 16:59:08', '2022-11-14 16:59:08'),
(890, 18, 'wedding', 'https://picsum.photos/seed/4503/3255/739', '2022-11-14 16:59:08', '2022-11-14 16:59:08'),
(891, 18, 'youth', 'https://picsum.photos/seed/4071/3838/2115', '2022-11-14 16:59:08', '2022-11-14 16:59:08'),
(892, 18, 'difference', 'https://picsum.photos/seed/2856/1097/1032', '2022-11-14 16:59:08', '2022-11-14 16:59:08'),
(893, 18, 'cancer', 'https://picsum.photos/seed/3669/1434/2043', '2022-11-14 16:59:08', '2022-11-14 16:59:08'),
(894, 18, 'assignment', 'https://picsum.photos/seed/1389/3697/2023', '2022-11-14 16:59:08', '2022-11-14 16:59:08'),
(895, 18, 'mud', 'https://picsum.photos/seed/4384/1223/933', '2022-11-14 16:59:08', '2022-11-14 16:59:08'),
(896, 18, 'departure', 'https://picsum.photos/seed/1605/3108/918', '2022-11-14 16:59:08', '2022-11-14 16:59:08'),
(897, 18, 'heart', 'https://picsum.photos/seed/2393/1480/1281', '2022-11-14 16:59:08', '2022-11-14 16:59:08'),
(898, 18, 'topic', 'https://picsum.photos/seed/1618/2812/2101', '2022-11-14 16:59:08', '2022-11-14 16:59:08'),
(899, 18, 'climate', 'https://picsum.photos/seed/1420/3433/1961', '2022-11-14 16:59:08', '2022-11-14 16:59:08'),
(900, 18, 'organization', 'https://picsum.photos/seed/3567/3615/1982', '2022-11-14 16:59:08', '2022-11-14 16:59:08'),
(901, 19, 'decision', 'https://picsum.photos/seed/630/1690/902', '2022-11-14 16:59:08', '2022-11-14 16:59:08'),
(902, 19, 'university', 'https://picsum.photos/seed/3655/2370/1079', '2022-11-14 16:59:08', '2022-11-14 16:59:08'),
(903, 19, 'historian', 'https://picsum.photos/seed/708/3624/848', '2022-11-14 16:59:08', '2022-11-14 16:59:08');
INSERT INTO `picture` (`id`, `id_galery`, `title`, `name_file`, `created_at`, `updated_at`) VALUES
(904, 19, 'awareness', 'https://picsum.photos/seed/4681/2235/1805', '2022-11-14 16:59:08', '2022-11-14 16:59:08'),
(905, 19, 'mood', 'https://picsum.photos/seed/1126/2665/1956', '2022-11-14 16:59:08', '2022-11-14 16:59:08'),
(906, 19, 'device', 'https://picsum.photos/seed/1320/3509/1705', '2022-11-14 16:59:08', '2022-11-14 16:59:08'),
(907, 19, 'virus', 'https://picsum.photos/seed/3230/3117/739', '2022-11-14 16:59:08', '2022-11-14 16:59:08'),
(908, 19, 'politics', 'https://picsum.photos/seed/1781/1938/1489', '2022-11-14 16:59:08', '2022-11-14 16:59:08'),
(909, 19, 'girl', 'https://picsum.photos/seed/1369/993/1144', '2022-11-14 16:59:08', '2022-11-14 16:59:08'),
(910, 19, 'football', 'https://picsum.photos/seed/3902/1135/823', '2022-11-14 16:59:08', '2022-11-14 16:59:08'),
(911, 19, 'affair', 'https://picsum.photos/seed/4250/3431/1185', '2022-11-14 16:59:08', '2022-11-14 16:59:08'),
(912, 19, 'wealth', 'https://picsum.photos/seed/4513/1930/1195', '2022-11-14 16:59:08', '2022-11-14 16:59:08'),
(913, 19, 'charity', 'https://picsum.photos/seed/660/3603/1114', '2022-11-14 16:59:08', '2022-11-14 16:59:08'),
(914, 19, 'dealer', 'https://picsum.photos/seed/3726/3223/1551', '2022-11-14 16:59:08', '2022-11-14 16:59:08'),
(915, 19, 'confusion', 'https://picsum.photos/seed/2244/1956/1474', '2022-11-14 16:59:08', '2022-11-14 16:59:08'),
(916, 19, 'event', 'https://picsum.photos/seed/4279/2057/1228', '2022-11-14 16:59:08', '2022-11-14 16:59:08'),
(917, 19, 'meat', 'https://picsum.photos/seed/4047/1762/1586', '2022-11-14 16:59:08', '2022-11-14 16:59:08'),
(918, 19, 'distribution', 'https://picsum.photos/seed/3832/3068/1849', '2022-11-14 16:59:08', '2022-11-14 16:59:08'),
(919, 19, 'atmosphere', 'https://picsum.photos/seed/4866/1224/1583', '2022-11-14 16:59:08', '2022-11-14 16:59:08'),
(920, 19, 'mall', 'https://picsum.photos/seed/2811/900/1409', '2022-11-14 16:59:08', '2022-11-14 16:59:08'),
(921, 19, 'setting', 'https://picsum.photos/seed/2153/1936/812', '2022-11-14 16:59:08', '2022-11-14 16:59:08'),
(922, 19, 'reputation', 'https://picsum.photos/seed/4595/2082/2110', '2022-11-14 16:59:08', '2022-11-14 16:59:08'),
(923, 19, 'satisfaction', 'https://picsum.photos/seed/4446/2021/2072', '2022-11-14 16:59:08', '2022-11-14 16:59:08'),
(924, 19, 'ear', 'https://picsum.photos/seed/3534/981/2034', '2022-11-14 16:59:08', '2022-11-14 16:59:08'),
(925, 19, 'guest', 'https://picsum.photos/seed/4350/821/1178', '2022-11-14 16:59:08', '2022-11-14 16:59:08'),
(926, 19, 'river', 'https://picsum.photos/seed/4312/3052/1539', '2022-11-14 16:59:08', '2022-11-14 16:59:08'),
(927, 19, 'feedback', 'https://picsum.photos/seed/4426/3830/1086', '2022-11-14 16:59:08', '2022-11-14 16:59:08'),
(928, 19, 'platform', 'https://picsum.photos/seed/634/1809/778', '2022-11-14 16:59:08', '2022-11-14 16:59:08'),
(929, 19, 'pie', 'https://picsum.photos/seed/455/3490/738', '2022-11-14 16:59:08', '2022-11-14 16:59:08'),
(930, 19, 'examination', 'https://picsum.photos/seed/4480/3804/2073', '2022-11-14 16:59:08', '2022-11-14 16:59:08'),
(931, 19, 'information', 'https://picsum.photos/seed/3406/3814/885', '2022-11-14 16:59:08', '2022-11-14 16:59:08'),
(932, 19, 'length', 'https://picsum.photos/seed/2839/3591/1913', '2022-11-14 16:59:08', '2022-11-14 16:59:08'),
(933, 19, 'director', 'https://picsum.photos/seed/3322/2785/1085', '2022-11-14 16:59:08', '2022-11-14 16:59:08'),
(934, 19, 'history', 'https://picsum.photos/seed/1862/1460/1898', '2022-11-14 16:59:08', '2022-11-14 16:59:08'),
(935, 19, 'equipment', 'https://picsum.photos/seed/532/3590/1564', '2022-11-14 16:59:08', '2022-11-14 16:59:08'),
(936, 19, 'instruction', 'https://picsum.photos/seed/4125/1201/1774', '2022-11-14 16:59:08', '2022-11-14 16:59:08'),
(937, 19, 'personality', 'https://picsum.photos/seed/1612/2597/847', '2022-11-14 16:59:08', '2022-11-14 16:59:08'),
(938, 19, 'apartment', 'https://picsum.photos/seed/4902/2869/1805', '2022-11-14 16:59:08', '2022-11-14 16:59:08'),
(939, 19, 'employer', 'https://picsum.photos/seed/3187/2100/1373', '2022-11-14 16:59:08', '2022-11-14 16:59:08'),
(940, 19, 'wedding', 'https://picsum.photos/seed/2318/2036/1514', '2022-11-14 16:59:08', '2022-11-14 16:59:08'),
(941, 19, 'youth', 'https://picsum.photos/seed/828/1854/1946', '2022-11-14 16:59:08', '2022-11-14 16:59:08'),
(942, 19, 'difference', 'https://picsum.photos/seed/5/2333/1074', '2022-11-14 16:59:08', '2022-11-14 16:59:08'),
(943, 19, 'cancer', 'https://picsum.photos/seed/791/2916/1507', '2022-11-14 16:59:08', '2022-11-14 16:59:08'),
(944, 19, 'assignment', 'https://picsum.photos/seed/3749/1174/1907', '2022-11-14 16:59:08', '2022-11-14 16:59:08'),
(945, 19, 'mud', 'https://picsum.photos/seed/3280/2214/1023', '2022-11-14 16:59:08', '2022-11-14 16:59:08'),
(946, 19, 'departure', 'https://picsum.photos/seed/286/1294/1149', '2022-11-14 16:59:08', '2022-11-14 16:59:08'),
(947, 19, 'heart', 'https://picsum.photos/seed/4005/1998/1980', '2022-11-14 16:59:08', '2022-11-14 16:59:08'),
(948, 19, 'topic', 'https://picsum.photos/seed/3075/1073/1486', '2022-11-14 16:59:08', '2022-11-14 16:59:08'),
(949, 19, 'climate', 'https://picsum.photos/seed/518/3710/764', '2022-11-14 16:59:08', '2022-11-14 16:59:08'),
(950, 19, 'organization', 'https://picsum.photos/seed/3174/3353/1159', '2022-11-14 16:59:08', '2022-11-14 16:59:08'),
(951, 20, 'decision', 'https://picsum.photos/seed/3929/3211/1051', '2022-11-14 16:59:08', '2022-11-14 16:59:08'),
(952, 20, 'university', 'https://picsum.photos/seed/251/1951/891', '2022-11-14 16:59:08', '2022-11-14 16:59:08'),
(953, 20, 'historian', 'https://picsum.photos/seed/3239/1903/1600', '2022-11-14 16:59:08', '2022-11-14 16:59:08'),
(954, 20, 'awareness', 'https://picsum.photos/seed/4828/1218/744', '2022-11-14 16:59:08', '2022-11-14 16:59:08'),
(955, 20, 'mood', 'https://picsum.photos/seed/4750/3737/1019', '2022-11-14 16:59:08', '2022-11-14 16:59:08'),
(956, 20, 'device', 'https://picsum.photos/seed/4113/1438/1330', '2022-11-14 16:59:08', '2022-11-14 16:59:08'),
(957, 20, 'virus', 'https://picsum.photos/seed/4123/1313/1331', '2022-11-14 16:59:08', '2022-11-14 16:59:08'),
(958, 20, 'politics', 'https://picsum.photos/seed/440/1061/2088', '2022-11-14 16:59:08', '2022-11-14 16:59:08'),
(959, 20, 'girl', 'https://picsum.photos/seed/1879/3405/839', '2022-11-14 16:59:08', '2022-11-14 16:59:08'),
(960, 20, 'football', 'https://picsum.photos/seed/1566/2441/754', '2022-11-14 16:59:08', '2022-11-14 16:59:08'),
(961, 20, 'affair', 'https://picsum.photos/seed/4628/3047/1892', '2022-11-14 16:59:08', '2022-11-14 16:59:08'),
(962, 20, 'wealth', 'https://picsum.photos/seed/614/2505/942', '2022-11-14 16:59:08', '2022-11-14 16:59:08'),
(963, 20, 'charity', 'https://picsum.photos/seed/2397/1143/1050', '2022-11-14 16:59:08', '2022-11-14 16:59:08'),
(964, 20, 'dealer', 'https://picsum.photos/seed/1232/749/1902', '2022-11-14 16:59:08', '2022-11-14 16:59:08'),
(965, 20, 'confusion', 'https://picsum.photos/seed/4481/918/784', '2022-11-14 16:59:08', '2022-11-14 16:59:08'),
(966, 20, 'event', 'https://picsum.photos/seed/1734/3117/1390', '2022-11-14 16:59:08', '2022-11-14 16:59:08'),
(967, 20, 'meat', 'https://picsum.photos/seed/2307/2929/1007', '2022-11-14 16:59:08', '2022-11-14 16:59:08'),
(968, 20, 'distribution', 'https://picsum.photos/seed/3145/3712/1322', '2022-11-14 16:59:08', '2022-11-14 16:59:08'),
(969, 20, 'atmosphere', 'https://picsum.photos/seed/1468/3274/1915', '2022-11-14 16:59:08', '2022-11-14 16:59:08'),
(970, 20, 'mall', 'https://picsum.photos/seed/206/1213/1839', '2022-11-14 16:59:08', '2022-11-14 16:59:08'),
(971, 20, 'setting', 'https://picsum.photos/seed/4003/1851/2108', '2022-11-14 16:59:08', '2022-11-14 16:59:08'),
(972, 20, 'reputation', 'https://picsum.photos/seed/748/3597/1308', '2022-11-14 16:59:08', '2022-11-14 16:59:08'),
(973, 20, 'satisfaction', 'https://picsum.photos/seed/4598/1326/1735', '2022-11-14 16:59:08', '2022-11-14 16:59:08'),
(974, 20, 'ear', 'https://picsum.photos/seed/1551/1446/1786', '2022-11-14 16:59:08', '2022-11-14 16:59:08'),
(975, 20, 'guest', 'https://picsum.photos/seed/2437/1392/1584', '2022-11-14 16:59:08', '2022-11-14 16:59:08'),
(976, 20, 'river', 'https://picsum.photos/seed/4494/3201/1526', '2022-11-14 16:59:08', '2022-11-14 16:59:08'),
(977, 20, 'feedback', 'https://picsum.photos/seed/113/2747/896', '2022-11-14 16:59:08', '2022-11-14 16:59:08'),
(978, 20, 'platform', 'https://picsum.photos/seed/843/2084/1927', '2022-11-14 16:59:08', '2022-11-14 16:59:08'),
(979, 20, 'pie', 'https://picsum.photos/seed/935/1005/1035', '2022-11-14 16:59:08', '2022-11-14 16:59:08'),
(980, 20, 'examination', 'https://picsum.photos/seed/1459/921/1471', '2022-11-14 16:59:08', '2022-11-14 16:59:08'),
(981, 20, 'information', 'https://picsum.photos/seed/3026/1857/1835', '2022-11-14 16:59:08', '2022-11-14 16:59:08'),
(982, 20, 'length', 'https://picsum.photos/seed/3885/2489/2026', '2022-11-14 16:59:08', '2022-11-14 16:59:08'),
(983, 20, 'director', 'https://picsum.photos/seed/1474/2961/1082', '2022-11-14 16:59:08', '2022-11-14 16:59:08'),
(984, 20, 'history', 'https://picsum.photos/seed/3328/3790/1546', '2022-11-14 16:59:08', '2022-11-14 16:59:08'),
(985, 20, 'equipment', 'https://picsum.photos/seed/3358/2889/2085', '2022-11-14 16:59:08', '2022-11-14 16:59:08'),
(986, 20, 'instruction', 'https://picsum.photos/seed/4143/3520/1035', '2022-11-14 16:59:09', '2022-11-14 16:59:09'),
(987, 20, 'personality', 'https://picsum.photos/seed/2637/2342/935', '2022-11-14 16:59:09', '2022-11-14 16:59:09'),
(988, 20, 'apartment', 'https://picsum.photos/seed/1696/3101/1780', '2022-11-14 16:59:09', '2022-11-14 16:59:09'),
(989, 20, 'employer', 'https://picsum.photos/seed/2154/2844/1636', '2022-11-14 16:59:09', '2022-11-14 16:59:09'),
(990, 20, 'wedding', 'https://picsum.photos/seed/3770/2851/818', '2022-11-14 16:59:09', '2022-11-14 16:59:09'),
(991, 20, 'youth', 'https://picsum.photos/seed/2694/761/1431', '2022-11-14 16:59:09', '2022-11-14 16:59:09'),
(992, 20, 'difference', 'https://picsum.photos/seed/4401/1343/1568', '2022-11-14 16:59:09', '2022-11-14 16:59:09'),
(993, 20, 'cancer', 'https://picsum.photos/seed/3883/815/1260', '2022-11-14 16:59:09', '2022-11-14 16:59:09'),
(994, 20, 'assignment', 'https://picsum.photos/seed/2702/1265/1695', '2022-11-14 16:59:09', '2022-11-14 16:59:09'),
(995, 20, 'mud', 'https://picsum.photos/seed/448/1630/1204', '2022-11-14 16:59:09', '2022-11-14 16:59:09'),
(996, 20, 'departure', 'https://picsum.photos/seed/4896/2233/1997', '2022-11-14 16:59:09', '2022-11-14 16:59:09'),
(997, 20, 'heart', 'https://picsum.photos/seed/4562/1071/991', '2022-11-14 16:59:09', '2022-11-14 16:59:09'),
(998, 20, 'topic', 'https://picsum.photos/seed/3093/1320/1646', '2022-11-14 16:59:09', '2022-11-14 16:59:09'),
(999, 20, 'climate', 'https://picsum.photos/seed/1278/2973/724', '2022-11-14 16:59:09', '2022-11-14 16:59:09'),
(1000, 20, 'organization', 'https://picsum.photos/seed/2843/2598/760', '2022-11-14 16:59:09', '2022-11-14 16:59:09'),
(1001, 21, 'decision', 'https://picsum.photos/seed/622/1659/1896', '2022-11-14 16:59:09', '2022-11-14 16:59:09'),
(1002, 21, 'university', 'https://picsum.photos/seed/234/2285/1237', '2022-11-14 16:59:09', '2022-11-14 16:59:09'),
(1003, 21, 'historian', 'https://picsum.photos/seed/1987/782/1230', '2022-11-14 16:59:09', '2022-11-14 16:59:09'),
(1004, 21, 'awareness', 'https://picsum.photos/seed/2462/1334/1815', '2022-11-14 16:59:09', '2022-11-14 16:59:09'),
(1005, 21, 'mood', 'https://picsum.photos/seed/4190/1820/1849', '2022-11-14 16:59:09', '2022-11-14 16:59:09'),
(1006, 21, 'device', 'https://picsum.photos/seed/3623/3666/1301', '2022-11-14 16:59:09', '2022-11-14 16:59:09'),
(1007, 21, 'virus', 'https://picsum.photos/seed/301/3590/844', '2022-11-14 16:59:09', '2022-11-14 16:59:09'),
(1008, 21, 'politics', 'https://picsum.photos/seed/3212/1325/1184', '2022-11-14 16:59:09', '2022-11-14 16:59:09'),
(1009, 21, 'girl', 'https://picsum.photos/seed/4510/1448/776', '2022-11-14 16:59:09', '2022-11-14 16:59:09'),
(1010, 21, 'football', 'https://picsum.photos/seed/2565/763/1302', '2022-11-14 16:59:09', '2022-11-14 16:59:09'),
(1011, 21, 'affair', 'https://picsum.photos/seed/429/1583/814', '2022-11-14 16:59:09', '2022-11-14 16:59:09'),
(1012, 21, 'wealth', 'https://picsum.photos/seed/3789/1655/966', '2022-11-14 16:59:09', '2022-11-14 16:59:09'),
(1013, 21, 'charity', 'https://picsum.photos/seed/4522/1157/1484', '2022-11-14 16:59:09', '2022-11-14 16:59:09'),
(1014, 21, 'dealer', 'https://picsum.photos/seed/3606/815/991', '2022-11-14 16:59:09', '2022-11-14 16:59:09'),
(1015, 21, 'confusion', 'https://picsum.photos/seed/4736/846/1941', '2022-11-14 16:59:09', '2022-11-14 16:59:09'),
(1016, 21, 'event', 'https://picsum.photos/seed/3363/1137/1225', '2022-11-14 16:59:09', '2022-11-14 16:59:09'),
(1017, 21, 'meat', 'https://picsum.photos/seed/3307/2216/1131', '2022-11-14 16:59:09', '2022-11-14 16:59:09'),
(1018, 21, 'distribution', 'https://picsum.photos/seed/380/1764/1109', '2022-11-14 16:59:09', '2022-11-14 16:59:09'),
(1019, 21, 'atmosphere', 'https://picsum.photos/seed/3735/3461/742', '2022-11-14 16:59:09', '2022-11-14 16:59:09'),
(1020, 21, 'mall', 'https://picsum.photos/seed/1219/1754/1509', '2022-11-14 16:59:09', '2022-11-14 16:59:09'),
(1021, 21, 'setting', 'https://picsum.photos/seed/2702/3066/1166', '2022-11-14 16:59:09', '2022-11-14 16:59:09'),
(1022, 21, 'reputation', 'https://picsum.photos/seed/1199/3139/1194', '2022-11-14 16:59:09', '2022-11-14 16:59:09'),
(1023, 21, 'satisfaction', 'https://picsum.photos/seed/1725/1391/1549', '2022-11-14 16:59:09', '2022-11-14 16:59:09'),
(1024, 21, 'ear', 'https://picsum.photos/seed/3750/2560/782', '2022-11-14 16:59:09', '2022-11-14 16:59:09'),
(1025, 21, 'guest', 'https://picsum.photos/seed/1249/1117/2045', '2022-11-14 16:59:09', '2022-11-14 16:59:09'),
(1026, 21, 'river', 'https://picsum.photos/seed/1979/1689/1195', '2022-11-14 16:59:09', '2022-11-14 16:59:09'),
(1027, 21, 'feedback', 'https://picsum.photos/seed/3613/1842/2062', '2022-11-14 16:59:09', '2022-11-14 16:59:09'),
(1028, 21, 'platform', 'https://picsum.photos/seed/614/2505/1119', '2022-11-14 16:59:09', '2022-11-14 16:59:09'),
(1029, 21, 'pie', 'https://picsum.photos/seed/733/2634/1648', '2022-11-14 16:59:09', '2022-11-14 16:59:09'),
(1030, 21, 'examination', 'https://picsum.photos/seed/3105/1100/1076', '2022-11-14 16:59:09', '2022-11-14 16:59:09'),
(1031, 21, 'information', 'https://picsum.photos/seed/1015/3158/1997', '2022-11-14 16:59:09', '2022-11-14 16:59:09'),
(1032, 21, 'length', 'https://picsum.photos/seed/2083/1465/2092', '2022-11-14 16:59:09', '2022-11-14 16:59:09'),
(1033, 21, 'director', 'https://picsum.photos/seed/1154/3071/1490', '2022-11-14 16:59:09', '2022-11-14 16:59:09'),
(1034, 21, 'history', 'https://picsum.photos/seed/1166/2149/1379', '2022-11-14 16:59:09', '2022-11-14 16:59:09'),
(1035, 21, 'equipment', 'https://picsum.photos/seed/1193/1661/1057', '2022-11-14 16:59:09', '2022-11-14 16:59:09'),
(1036, 21, 'instruction', 'https://picsum.photos/seed/2399/2198/1263', '2022-11-14 16:59:09', '2022-11-14 16:59:09'),
(1037, 21, 'personality', 'https://picsum.photos/seed/64/1429/887', '2022-11-14 16:59:09', '2022-11-14 16:59:09'),
(1038, 21, 'apartment', 'https://picsum.photos/seed/2407/1076/994', '2022-11-14 16:59:09', '2022-11-14 16:59:09'),
(1039, 21, 'employer', 'https://picsum.photos/seed/2450/2606/728', '2022-11-14 16:59:09', '2022-11-14 16:59:09'),
(1040, 21, 'wedding', 'https://picsum.photos/seed/724/3800/885', '2022-11-14 16:59:09', '2022-11-14 16:59:09'),
(1041, 21, 'youth', 'https://picsum.photos/seed/4482/1956/2063', '2022-11-14 16:59:09', '2022-11-14 16:59:09'),
(1042, 21, 'difference', 'https://picsum.photos/seed/751/988/1240', '2022-11-14 16:59:09', '2022-11-14 16:59:09'),
(1043, 21, 'cancer', 'https://picsum.photos/seed/278/1741/1488', '2022-11-14 16:59:09', '2022-11-14 16:59:09'),
(1044, 21, 'assignment', 'https://picsum.photos/seed/589/1606/1801', '2022-11-14 16:59:09', '2022-11-14 16:59:09'),
(1045, 21, 'mud', 'https://picsum.photos/seed/2254/1701/1361', '2022-11-14 16:59:09', '2022-11-14 16:59:09'),
(1046, 21, 'departure', 'https://picsum.photos/seed/4624/3753/1056', '2022-11-14 16:59:09', '2022-11-14 16:59:09'),
(1047, 21, 'heart', 'https://picsum.photos/seed/2172/2905/1073', '2022-11-14 16:59:09', '2022-11-14 16:59:09'),
(1048, 21, 'topic', 'https://picsum.photos/seed/2134/2137/1498', '2022-11-14 16:59:09', '2022-11-14 16:59:09'),
(1049, 21, 'climate', 'https://picsum.photos/seed/4070/3043/1933', '2022-11-14 16:59:09', '2022-11-14 16:59:09'),
(1050, 21, 'organization', 'https://picsum.photos/seed/2067/3060/1803', '2022-11-14 16:59:09', '2022-11-14 16:59:09'),
(1051, 22, 'decision', 'https://picsum.photos/seed/3507/3743/2115', '2022-11-14 16:59:09', '2022-11-14 16:59:09'),
(1052, 22, 'university', 'https://picsum.photos/seed/774/1862/1077', '2022-11-14 16:59:09', '2022-11-14 16:59:09'),
(1053, 22, 'historian', 'https://picsum.photos/seed/4242/3262/1550', '2022-11-14 16:59:09', '2022-11-14 16:59:09'),
(1054, 22, 'awareness', 'https://picsum.photos/seed/588/2745/2072', '2022-11-14 16:59:09', '2022-11-14 16:59:09'),
(1055, 22, 'mood', 'https://picsum.photos/seed/2388/3375/2000', '2022-11-14 16:59:09', '2022-11-14 16:59:09'),
(1056, 22, 'device', 'https://picsum.photos/seed/1552/1648/999', '2022-11-14 16:59:09', '2022-11-14 16:59:09'),
(1057, 22, 'virus', 'https://picsum.photos/seed/3748/2118/1783', '2022-11-14 16:59:09', '2022-11-14 16:59:09'),
(1058, 22, 'politics', 'https://picsum.photos/seed/952/2460/1458', '2022-11-14 16:59:09', '2022-11-14 16:59:09'),
(1059, 22, 'girl', 'https://picsum.photos/seed/4466/3012/1071', '2022-11-14 16:59:09', '2022-11-14 16:59:09'),
(1060, 22, 'football', 'https://picsum.photos/seed/4486/2429/1518', '2022-11-14 16:59:09', '2022-11-14 16:59:09'),
(1061, 22, 'affair', 'https://picsum.photos/seed/548/3319/737', '2022-11-14 16:59:09', '2022-11-14 16:59:09'),
(1062, 22, 'wealth', 'https://picsum.photos/seed/607/1518/1198', '2022-11-14 16:59:09', '2022-11-14 16:59:09'),
(1063, 22, 'charity', 'https://picsum.photos/seed/3424/1928/1855', '2022-11-14 16:59:09', '2022-11-14 16:59:09'),
(1064, 22, 'dealer', 'https://picsum.photos/seed/2251/3548/1113', '2022-11-14 16:59:09', '2022-11-14 16:59:09'),
(1065, 22, 'confusion', 'https://picsum.photos/seed/607/1436/897', '2022-11-14 16:59:09', '2022-11-14 16:59:09'),
(1066, 22, 'event', 'https://picsum.photos/seed/3173/1506/1709', '2022-11-14 16:59:09', '2022-11-14 16:59:09'),
(1067, 22, 'meat', 'https://picsum.photos/seed/1254/2967/956', '2022-11-14 16:59:09', '2022-11-14 16:59:09'),
(1068, 22, 'distribution', 'https://picsum.photos/seed/3282/3292/1149', '2022-11-14 16:59:09', '2022-11-14 16:59:09'),
(1069, 22, 'atmosphere', 'https://picsum.photos/seed/2777/2061/1418', '2022-11-14 16:59:09', '2022-11-14 16:59:09'),
(1070, 22, 'mall', 'https://picsum.photos/seed/3232/3173/2114', '2022-11-14 16:59:09', '2022-11-14 16:59:09'),
(1071, 22, 'setting', 'https://picsum.photos/seed/4325/1916/2030', '2022-11-14 16:59:09', '2022-11-14 16:59:09'),
(1072, 22, 'reputation', 'https://picsum.photos/seed/2253/1008/1404', '2022-11-14 16:59:09', '2022-11-14 16:59:09'),
(1073, 22, 'satisfaction', 'https://picsum.photos/seed/4422/1217/1774', '2022-11-14 16:59:09', '2022-11-14 16:59:09'),
(1074, 22, 'ear', 'https://picsum.photos/seed/3019/3157/757', '2022-11-14 16:59:09', '2022-11-14 16:59:09'),
(1075, 22, 'guest', 'https://picsum.photos/seed/4524/3034/1609', '2022-11-14 16:59:09', '2022-11-14 16:59:09'),
(1076, 22, 'river', 'https://picsum.photos/seed/953/3686/871', '2022-11-14 16:59:09', '2022-11-14 16:59:09'),
(1077, 22, 'feedback', 'https://picsum.photos/seed/3008/1539/2089', '2022-11-14 16:59:09', '2022-11-14 16:59:09'),
(1078, 22, 'platform', 'https://picsum.photos/seed/2951/2875/1573', '2022-11-14 16:59:09', '2022-11-14 16:59:09'),
(1079, 22, 'pie', 'https://picsum.photos/seed/2159/3593/1728', '2022-11-14 16:59:09', '2022-11-14 16:59:09'),
(1080, 22, 'examination', 'https://picsum.photos/seed/3315/906/1533', '2022-11-14 16:59:09', '2022-11-14 16:59:09'),
(1081, 22, 'information', 'https://picsum.photos/seed/1684/1235/1972', '2022-11-14 16:59:09', '2022-11-14 16:59:09'),
(1082, 22, 'length', 'https://picsum.photos/seed/3215/1813/724', '2022-11-14 16:59:09', '2022-11-14 16:59:09'),
(1083, 22, 'director', 'https://picsum.photos/seed/3437/3732/1187', '2022-11-14 16:59:09', '2022-11-14 16:59:09'),
(1084, 22, 'history', 'https://picsum.photos/seed/2548/1066/2101', '2022-11-14 16:59:09', '2022-11-14 16:59:09'),
(1085, 22, 'equipment', 'https://picsum.photos/seed/2180/1894/870', '2022-11-14 16:59:09', '2022-11-14 16:59:09'),
(1086, 22, 'instruction', 'https://picsum.photos/seed/3159/1956/2062', '2022-11-14 16:59:09', '2022-11-14 16:59:09'),
(1087, 22, 'personality', 'https://picsum.photos/seed/2805/2394/1583', '2022-11-14 16:59:09', '2022-11-14 16:59:09'),
(1088, 22, 'apartment', 'https://picsum.photos/seed/105/3422/1729', '2022-11-14 16:59:09', '2022-11-14 16:59:09'),
(1089, 22, 'employer', 'https://picsum.photos/seed/4611/2111/1772', '2022-11-14 16:59:09', '2022-11-14 16:59:09'),
(1090, 22, 'wedding', 'https://picsum.photos/seed/145/3648/1091', '2022-11-14 16:59:09', '2022-11-14 16:59:09'),
(1091, 22, 'youth', 'https://picsum.photos/seed/1468/3108/1125', '2022-11-14 16:59:09', '2022-11-14 16:59:09'),
(1092, 22, 'difference', 'https://picsum.photos/seed/3249/1798/1173', '2022-11-14 16:59:09', '2022-11-14 16:59:09'),
(1093, 22, 'cancer', 'https://picsum.photos/seed/1419/3792/1896', '2022-11-14 16:59:09', '2022-11-14 16:59:09'),
(1094, 22, 'assignment', 'https://picsum.photos/seed/4159/2627/2049', '2022-11-14 16:59:09', '2022-11-14 16:59:09'),
(1095, 22, 'mud', 'https://picsum.photos/seed/187/3346/986', '2022-11-14 16:59:09', '2022-11-14 16:59:09'),
(1096, 22, 'departure', 'https://picsum.photos/seed/1507/1273/1461', '2022-11-14 16:59:09', '2022-11-14 16:59:09'),
(1097, 22, 'heart', 'https://picsum.photos/seed/2142/916/2135', '2022-11-14 16:59:09', '2022-11-14 16:59:09'),
(1098, 22, 'topic', 'https://picsum.photos/seed/2515/2868/1454', '2022-11-14 16:59:09', '2022-11-14 16:59:09'),
(1099, 22, 'climate', 'https://picsum.photos/seed/4110/1701/1793', '2022-11-14 16:59:09', '2022-11-14 16:59:09'),
(1100, 22, 'organization', 'https://picsum.photos/seed/1301/1769/1668', '2022-11-14 16:59:10', '2022-11-14 16:59:10'),
(1101, 23, 'decision', 'https://picsum.photos/seed/4512/2164/729', '2022-11-14 16:59:10', '2022-11-14 16:59:10'),
(1102, 23, 'university', 'https://picsum.photos/seed/3394/3824/1290', '2022-11-14 16:59:10', '2022-11-14 16:59:10'),
(1103, 23, 'historian', 'https://picsum.photos/seed/499/3518/1658', '2022-11-14 16:59:10', '2022-11-14 16:59:10'),
(1104, 23, 'awareness', 'https://picsum.photos/seed/298/1765/1010', '2022-11-14 16:59:10', '2022-11-14 16:59:10'),
(1105, 23, 'mood', 'https://picsum.photos/seed/4757/2069/1775', '2022-11-14 16:59:10', '2022-11-14 16:59:10'),
(1106, 23, 'device', 'https://picsum.photos/seed/596/2078/1033', '2022-11-14 16:59:10', '2022-11-14 16:59:10'),
(1107, 23, 'virus', 'https://picsum.photos/seed/483/1777/1704', '2022-11-14 16:59:10', '2022-11-14 16:59:10'),
(1108, 23, 'politics', 'https://picsum.photos/seed/1698/1333/907', '2022-11-14 16:59:10', '2022-11-14 16:59:10'),
(1109, 23, 'girl', 'https://picsum.photos/seed/4089/2932/1271', '2022-11-14 16:59:10', '2022-11-14 16:59:10'),
(1110, 23, 'football', 'https://picsum.photos/seed/3271/1874/1251', '2022-11-14 16:59:10', '2022-11-14 16:59:10'),
(1111, 23, 'affair', 'https://picsum.photos/seed/391/1192/891', '2022-11-14 16:59:10', '2022-11-14 16:59:10'),
(1112, 23, 'wealth', 'https://picsum.photos/seed/4038/3441/1654', '2022-11-14 16:59:10', '2022-11-14 16:59:10'),
(1113, 23, 'charity', 'https://picsum.photos/seed/582/3674/939', '2022-11-14 16:59:10', '2022-11-14 16:59:10'),
(1114, 23, 'dealer', 'https://picsum.photos/seed/4169/2760/1092', '2022-11-14 16:59:10', '2022-11-14 16:59:10'),
(1115, 23, 'confusion', 'https://picsum.photos/seed/1892/3829/1747', '2022-11-14 16:59:10', '2022-11-14 16:59:10'),
(1116, 23, 'event', 'https://picsum.photos/seed/3266/1407/1919', '2022-11-14 16:59:10', '2022-11-14 16:59:10'),
(1117, 23, 'meat', 'https://picsum.photos/seed/2731/1407/1236', '2022-11-14 16:59:10', '2022-11-14 16:59:10'),
(1118, 23, 'distribution', 'https://picsum.photos/seed/1234/3427/933', '2022-11-14 16:59:10', '2022-11-14 16:59:10'),
(1119, 23, 'atmosphere', 'https://picsum.photos/seed/4600/3171/1198', '2022-11-14 16:59:10', '2022-11-14 16:59:10'),
(1120, 23, 'mall', 'https://picsum.photos/seed/4262/2220/1123', '2022-11-14 16:59:10', '2022-11-14 16:59:10'),
(1121, 23, 'setting', 'https://picsum.photos/seed/1673/1455/1391', '2022-11-14 16:59:10', '2022-11-14 16:59:10'),
(1122, 23, 'reputation', 'https://picsum.photos/seed/2681/1594/1206', '2022-11-14 16:59:10', '2022-11-14 16:59:10'),
(1123, 23, 'satisfaction', 'https://picsum.photos/seed/136/3644/968', '2022-11-14 16:59:10', '2022-11-14 16:59:10'),
(1124, 23, 'ear', 'https://picsum.photos/seed/2616/2144/1419', '2022-11-14 16:59:10', '2022-11-14 16:59:10'),
(1125, 23, 'guest', 'https://picsum.photos/seed/1730/2017/1741', '2022-11-14 16:59:10', '2022-11-14 16:59:10'),
(1126, 23, 'river', 'https://picsum.photos/seed/2874/836/1228', '2022-11-14 16:59:10', '2022-11-14 16:59:10'),
(1127, 23, 'feedback', 'https://picsum.photos/seed/1538/3248/1959', '2022-11-14 16:59:10', '2022-11-14 16:59:10'),
(1128, 23, 'platform', 'https://picsum.photos/seed/3257/2373/1512', '2022-11-14 16:59:10', '2022-11-14 16:59:10'),
(1129, 23, 'pie', 'https://picsum.photos/seed/612/3118/1263', '2022-11-14 16:59:10', '2022-11-14 16:59:10'),
(1130, 23, 'examination', 'https://picsum.photos/seed/3133/3127/1385', '2022-11-14 16:59:10', '2022-11-14 16:59:10'),
(1131, 23, 'information', 'https://picsum.photos/seed/2207/2251/1900', '2022-11-14 16:59:10', '2022-11-14 16:59:10'),
(1132, 23, 'length', 'https://picsum.photos/seed/3276/1575/2153', '2022-11-14 16:59:10', '2022-11-14 16:59:10'),
(1133, 23, 'director', 'https://picsum.photos/seed/3175/986/750', '2022-11-14 16:59:10', '2022-11-14 16:59:10'),
(1134, 23, 'history', 'https://picsum.photos/seed/2275/1278/1328', '2022-11-14 16:59:10', '2022-11-14 16:59:10'),
(1135, 23, 'equipment', 'https://picsum.photos/seed/3161/3214/1837', '2022-11-14 16:59:10', '2022-11-14 16:59:10'),
(1136, 23, 'instruction', 'https://picsum.photos/seed/121/2319/1960', '2022-11-14 16:59:10', '2022-11-14 16:59:10'),
(1137, 23, 'personality', 'https://picsum.photos/seed/2646/1392/1532', '2022-11-14 16:59:10', '2022-11-14 16:59:10'),
(1138, 23, 'apartment', 'https://picsum.photos/seed/3998/1590/1360', '2022-11-14 16:59:10', '2022-11-14 16:59:10'),
(1139, 23, 'employer', 'https://picsum.photos/seed/1181/3691/1169', '2022-11-14 16:59:10', '2022-11-14 16:59:10'),
(1140, 23, 'wedding', 'https://picsum.photos/seed/2396/2523/2151', '2022-11-14 16:59:10', '2022-11-14 16:59:10'),
(1141, 23, 'youth', 'https://picsum.photos/seed/4034/2319/978', '2022-11-14 16:59:10', '2022-11-14 16:59:10'),
(1142, 23, 'difference', 'https://picsum.photos/seed/3081/1748/2150', '2022-11-14 16:59:10', '2022-11-14 16:59:10'),
(1143, 23, 'cancer', 'https://picsum.photos/seed/2984/1741/720', '2022-11-14 16:59:10', '2022-11-14 16:59:10'),
(1144, 23, 'assignment', 'https://picsum.photos/seed/3448/3542/832', '2022-11-14 16:59:10', '2022-11-14 16:59:10'),
(1145, 23, 'mud', 'https://picsum.photos/seed/2924/3107/1117', '2022-11-14 16:59:10', '2022-11-14 16:59:10'),
(1146, 23, 'departure', 'https://picsum.photos/seed/18/2299/1128', '2022-11-14 16:59:10', '2022-11-14 16:59:10'),
(1147, 23, 'heart', 'https://picsum.photos/seed/4805/984/757', '2022-11-14 16:59:10', '2022-11-14 16:59:10'),
(1148, 23, 'topic', 'https://picsum.photos/seed/2896/2448/975', '2022-11-14 16:59:10', '2022-11-14 16:59:10'),
(1149, 23, 'climate', 'https://picsum.photos/seed/1545/1869/1714', '2022-11-14 16:59:10', '2022-11-14 16:59:10'),
(1150, 23, 'organization', 'https://picsum.photos/seed/1524/2931/1195', '2022-11-14 16:59:10', '2022-11-14 16:59:10'),
(1151, 24, 'decision', 'https://picsum.photos/seed/1036/2217/1548', '2022-11-14 16:59:10', '2022-11-14 16:59:10'),
(1152, 24, 'university', 'https://picsum.photos/seed/1696/1864/1050', '2022-11-14 16:59:10', '2022-11-14 16:59:10'),
(1153, 24, 'historian', 'https://picsum.photos/seed/1086/3802/2055', '2022-11-14 16:59:10', '2022-11-14 16:59:10'),
(1154, 24, 'awareness', 'https://picsum.photos/seed/1643/3395/2094', '2022-11-14 16:59:10', '2022-11-14 16:59:10'),
(1155, 24, 'mood', 'https://picsum.photos/seed/1607/2574/1862', '2022-11-14 16:59:10', '2022-11-14 16:59:10'),
(1156, 24, 'device', 'https://picsum.photos/seed/2828/3094/2088', '2022-11-14 16:59:10', '2022-11-14 16:59:10'),
(1157, 24, 'virus', 'https://picsum.photos/seed/4807/1431/1410', '2022-11-14 16:59:10', '2022-11-14 16:59:10'),
(1158, 24, 'politics', 'https://picsum.photos/seed/1672/774/1760', '2022-11-14 16:59:10', '2022-11-14 16:59:10'),
(1159, 24, 'girl', 'https://picsum.photos/seed/2272/2755/1310', '2022-11-14 16:59:10', '2022-11-14 16:59:10'),
(1160, 24, 'football', 'https://picsum.photos/seed/130/3676/1836', '2022-11-14 16:59:10', '2022-11-14 16:59:10'),
(1161, 24, 'affair', 'https://picsum.photos/seed/1391/3152/1007', '2022-11-14 16:59:10', '2022-11-14 16:59:10'),
(1162, 24, 'wealth', 'https://picsum.photos/seed/1919/3670/1821', '2022-11-14 16:59:10', '2022-11-14 16:59:10'),
(1163, 24, 'charity', 'https://picsum.photos/seed/1676/1963/1317', '2022-11-14 16:59:10', '2022-11-14 16:59:10'),
(1164, 24, 'dealer', 'https://picsum.photos/seed/1844/2486/1030', '2022-11-14 16:59:10', '2022-11-14 16:59:10'),
(1165, 24, 'confusion', 'https://picsum.photos/seed/4352/1360/2132', '2022-11-14 16:59:10', '2022-11-14 16:59:10'),
(1166, 24, 'event', 'https://picsum.photos/seed/3106/887/880', '2022-11-14 16:59:10', '2022-11-14 16:59:10'),
(1167, 24, 'meat', 'https://picsum.photos/seed/3264/3758/1294', '2022-11-14 16:59:10', '2022-11-14 16:59:10'),
(1168, 24, 'distribution', 'https://picsum.photos/seed/15/2740/885', '2022-11-14 16:59:10', '2022-11-14 16:59:10'),
(1169, 24, 'atmosphere', 'https://picsum.photos/seed/3261/2609/919', '2022-11-14 16:59:10', '2022-11-14 16:59:10'),
(1170, 24, 'mall', 'https://picsum.photos/seed/3097/779/948', '2022-11-14 16:59:10', '2022-11-14 16:59:10'),
(1171, 24, 'setting', 'https://picsum.photos/seed/3117/1186/1768', '2022-11-14 16:59:10', '2022-11-14 16:59:10'),
(1172, 24, 'reputation', 'https://picsum.photos/seed/2200/3595/1950', '2022-11-14 16:59:10', '2022-11-14 16:59:10'),
(1173, 24, 'satisfaction', 'https://picsum.photos/seed/4814/1226/751', '2022-11-14 16:59:10', '2022-11-14 16:59:10'),
(1174, 24, 'ear', 'https://picsum.photos/seed/4358/2811/1248', '2022-11-14 16:59:10', '2022-11-14 16:59:10'),
(1175, 24, 'guest', 'https://picsum.photos/seed/1603/968/2038', '2022-11-14 16:59:10', '2022-11-14 16:59:10'),
(1176, 24, 'river', 'https://picsum.photos/seed/984/913/1504', '2022-11-14 16:59:10', '2022-11-14 16:59:10'),
(1177, 24, 'feedback', 'https://picsum.photos/seed/3495/3483/1194', '2022-11-14 16:59:10', '2022-11-14 16:59:10'),
(1178, 24, 'platform', 'https://picsum.photos/seed/1052/3251/1571', '2022-11-14 16:59:10', '2022-11-14 16:59:10'),
(1179, 24, 'pie', 'https://picsum.photos/seed/507/3589/2126', '2022-11-14 16:59:10', '2022-11-14 16:59:10'),
(1180, 24, 'examination', 'https://picsum.photos/seed/3475/1324/2151', '2022-11-14 16:59:10', '2022-11-14 16:59:10'),
(1181, 24, 'information', 'https://picsum.photos/seed/4063/3334/1470', '2022-11-14 16:59:10', '2022-11-14 16:59:10'),
(1182, 24, 'length', 'https://picsum.photos/seed/1742/748/1223', '2022-11-14 16:59:10', '2022-11-14 16:59:10'),
(1183, 24, 'director', 'https://picsum.photos/seed/2816/1498/1405', '2022-11-14 16:59:10', '2022-11-14 16:59:10'),
(1184, 24, 'history', 'https://picsum.photos/seed/4059/1816/1934', '2022-11-14 16:59:10', '2022-11-14 16:59:10'),
(1185, 24, 'equipment', 'https://picsum.photos/seed/3760/3183/1200', '2022-11-14 16:59:10', '2022-11-14 16:59:10'),
(1186, 24, 'instruction', 'https://picsum.photos/seed/1982/755/888', '2022-11-14 16:59:10', '2022-11-14 16:59:10'),
(1187, 24, 'personality', 'https://picsum.photos/seed/1785/3129/1535', '2022-11-14 16:59:10', '2022-11-14 16:59:10'),
(1188, 24, 'apartment', 'https://picsum.photos/seed/1415/1904/781', '2022-11-14 16:59:10', '2022-11-14 16:59:10'),
(1189, 24, 'employer', 'https://picsum.photos/seed/3717/1727/1420', '2022-11-14 16:59:10', '2022-11-14 16:59:10'),
(1190, 24, 'wedding', 'https://picsum.photos/seed/4558/3564/1931', '2022-11-14 16:59:10', '2022-11-14 16:59:10'),
(1191, 24, 'youth', 'https://picsum.photos/seed/1690/3570/1997', '2022-11-14 16:59:10', '2022-11-14 16:59:10'),
(1192, 24, 'difference', 'https://picsum.photos/seed/563/2716/1526', '2022-11-14 16:59:10', '2022-11-14 16:59:10'),
(1193, 24, 'cancer', 'https://picsum.photos/seed/149/802/1217', '2022-11-14 16:59:10', '2022-11-14 16:59:10'),
(1194, 24, 'assignment', 'https://picsum.photos/seed/4919/3210/1097', '2022-11-14 16:59:10', '2022-11-14 16:59:10'),
(1195, 24, 'mud', 'https://picsum.photos/seed/2158/2469/1144', '2022-11-14 16:59:10', '2022-11-14 16:59:10'),
(1196, 24, 'departure', 'https://picsum.photos/seed/4915/1333/724', '2022-11-14 16:59:10', '2022-11-14 16:59:10'),
(1197, 24, 'heart', 'https://picsum.photos/seed/3069/1148/1595', '2022-11-14 16:59:10', '2022-11-14 16:59:10'),
(1198, 24, 'topic', 'https://picsum.photos/seed/3444/724/2133', '2022-11-14 16:59:10', '2022-11-14 16:59:10'),
(1199, 24, 'climate', 'https://picsum.photos/seed/3453/3828/1791', '2022-11-14 16:59:10', '2022-11-14 16:59:10'),
(1200, 24, 'organization', 'https://picsum.photos/seed/722/1529/1523', '2022-11-14 16:59:10', '2022-11-14 16:59:10'),
(1201, 25, 'decision', 'https://picsum.photos/seed/3324/2798/2149', '2022-11-14 16:59:10', '2022-11-14 16:59:10'),
(1202, 25, 'university', 'https://picsum.photos/seed/4512/896/2124', '2022-11-14 16:59:10', '2022-11-14 16:59:10'),
(1203, 25, 'historian', 'https://picsum.photos/seed/4815/1247/1243', '2022-11-14 16:59:10', '2022-11-14 16:59:10'),
(1204, 25, 'awareness', 'https://picsum.photos/seed/854/1935/1063', '2022-11-14 16:59:10', '2022-11-14 16:59:10'),
(1205, 25, 'mood', 'https://picsum.photos/seed/2245/1679/1622', '2022-11-14 16:59:10', '2022-11-14 16:59:10'),
(1206, 25, 'device', 'https://picsum.photos/seed/1081/2416/1414', '2022-11-14 16:59:10', '2022-11-14 16:59:10'),
(1207, 25, 'virus', 'https://picsum.photos/seed/1959/1542/1604', '2022-11-14 16:59:10', '2022-11-14 16:59:10'),
(1208, 25, 'politics', 'https://picsum.photos/seed/1380/1180/910', '2022-11-14 16:59:10', '2022-11-14 16:59:10'),
(1209, 25, 'girl', 'https://picsum.photos/seed/1272/2060/1831', '2022-11-14 16:59:11', '2022-11-14 16:59:11'),
(1210, 25, 'football', 'https://picsum.photos/seed/806/2406/1127', '2022-11-14 16:59:11', '2022-11-14 16:59:11'),
(1211, 25, 'affair', 'https://picsum.photos/seed/4944/2866/967', '2022-11-14 16:59:11', '2022-11-14 16:59:11'),
(1212, 25, 'wealth', 'https://picsum.photos/seed/4995/2959/781', '2022-11-14 16:59:11', '2022-11-14 16:59:11'),
(1213, 25, 'charity', 'https://picsum.photos/seed/2585/970/1978', '2022-11-14 16:59:11', '2022-11-14 16:59:11'),
(1214, 25, 'dealer', 'https://picsum.photos/seed/4460/2050/1207', '2022-11-14 16:59:11', '2022-11-14 16:59:11'),
(1215, 25, 'confusion', 'https://picsum.photos/seed/2473/2099/1523', '2022-11-14 16:59:11', '2022-11-14 16:59:11'),
(1216, 25, 'event', 'https://picsum.photos/seed/284/2567/1036', '2022-11-14 16:59:11', '2022-11-14 16:59:11'),
(1217, 25, 'meat', 'https://picsum.photos/seed/1166/1376/1851', '2022-11-14 16:59:11', '2022-11-14 16:59:11'),
(1218, 25, 'distribution', 'https://picsum.photos/seed/1555/1825/1222', '2022-11-14 16:59:11', '2022-11-14 16:59:11'),
(1219, 25, 'atmosphere', 'https://picsum.photos/seed/4865/3218/1320', '2022-11-14 16:59:11', '2022-11-14 16:59:11'),
(1220, 25, 'mall', 'https://picsum.photos/seed/4848/1737/1361', '2022-11-14 16:59:11', '2022-11-14 16:59:11'),
(1221, 25, 'setting', 'https://picsum.photos/seed/4459/848/1382', '2022-11-14 16:59:11', '2022-11-14 16:59:11'),
(1222, 25, 'reputation', 'https://picsum.photos/seed/4679/1867/1372', '2022-11-14 16:59:11', '2022-11-14 16:59:11'),
(1223, 25, 'satisfaction', 'https://picsum.photos/seed/4880/3562/1908', '2022-11-14 16:59:11', '2022-11-14 16:59:11'),
(1224, 25, 'ear', 'https://picsum.photos/seed/4576/1274/1578', '2022-11-14 16:59:11', '2022-11-14 16:59:11'),
(1225, 25, 'guest', 'https://picsum.photos/seed/4482/2198/1080', '2022-11-14 16:59:11', '2022-11-14 16:59:11'),
(1226, 25, 'river', 'https://picsum.photos/seed/2154/3786/1300', '2022-11-14 16:59:11', '2022-11-14 16:59:11'),
(1227, 25, 'feedback', 'https://picsum.photos/seed/2923/1099/1849', '2022-11-14 16:59:11', '2022-11-14 16:59:11'),
(1228, 25, 'platform', 'https://picsum.photos/seed/1841/3360/2011', '2022-11-14 16:59:11', '2022-11-14 16:59:11'),
(1229, 25, 'pie', 'https://picsum.photos/seed/2408/2241/765', '2022-11-14 16:59:11', '2022-11-14 16:59:11'),
(1230, 25, 'examination', 'https://picsum.photos/seed/1549/3347/788', '2022-11-14 16:59:11', '2022-11-14 16:59:11'),
(1231, 25, 'information', 'https://picsum.photos/seed/1547/2700/1606', '2022-11-14 16:59:11', '2022-11-14 16:59:11'),
(1232, 25, 'length', 'https://picsum.photos/seed/3275/829/876', '2022-11-14 16:59:11', '2022-11-14 16:59:11'),
(1233, 25, 'director', 'https://picsum.photos/seed/1978/3143/2012', '2022-11-14 16:59:11', '2022-11-14 16:59:11'),
(1234, 25, 'history', 'https://picsum.photos/seed/4785/2532/2127', '2022-11-14 16:59:11', '2022-11-14 16:59:11'),
(1235, 25, 'equipment', 'https://picsum.photos/seed/4665/2446/2158', '2022-11-14 16:59:11', '2022-11-14 16:59:11'),
(1236, 25, 'instruction', 'https://picsum.photos/seed/4241/1414/848', '2022-11-14 16:59:11', '2022-11-14 16:59:11'),
(1237, 25, 'personality', 'https://picsum.photos/seed/610/1379/991', '2022-11-14 16:59:11', '2022-11-14 16:59:11'),
(1238, 25, 'apartment', 'https://picsum.photos/seed/3322/2538/1706', '2022-11-14 16:59:11', '2022-11-14 16:59:11'),
(1239, 25, 'employer', 'https://picsum.photos/seed/4493/2480/1828', '2022-11-14 16:59:11', '2022-11-14 16:59:11'),
(1240, 25, 'wedding', 'https://picsum.photos/seed/634/996/1075', '2022-11-14 16:59:11', '2022-11-14 16:59:11'),
(1241, 25, 'youth', 'https://picsum.photos/seed/4481/1278/1345', '2022-11-14 16:59:11', '2022-11-14 16:59:11'),
(1242, 25, 'difference', 'https://picsum.photos/seed/2210/1151/1653', '2022-11-14 16:59:11', '2022-11-14 16:59:11'),
(1243, 25, 'cancer', 'https://picsum.photos/seed/3535/1759/1419', '2022-11-14 16:59:11', '2022-11-14 16:59:11'),
(1244, 25, 'assignment', 'https://picsum.photos/seed/3595/1240/1980', '2022-11-14 16:59:11', '2022-11-14 16:59:11'),
(1245, 25, 'mud', 'https://picsum.photos/seed/2970/3007/782', '2022-11-14 16:59:11', '2022-11-14 16:59:11'),
(1246, 25, 'departure', 'https://picsum.photos/seed/1488/3476/831', '2022-11-14 16:59:11', '2022-11-14 16:59:11'),
(1247, 25, 'heart', 'https://picsum.photos/seed/1491/3346/1398', '2022-11-14 16:59:11', '2022-11-14 16:59:11'),
(1248, 25, 'topic', 'https://picsum.photos/seed/1741/1143/2142', '2022-11-14 16:59:11', '2022-11-14 16:59:11'),
(1249, 25, 'climate', 'https://picsum.photos/seed/4592/3142/1341', '2022-11-14 16:59:11', '2022-11-14 16:59:11'),
(1250, 25, 'organization', 'https://picsum.photos/seed/131/1946/1864', '2022-11-14 16:59:11', '2022-11-14 16:59:11'),
(1251, 26, 'decision', 'https://picsum.photos/seed/3062/2042/2060', '2022-11-14 16:59:11', '2022-11-14 16:59:11'),
(1252, 26, 'university', 'https://picsum.photos/seed/4625/1305/1131', '2022-11-14 16:59:11', '2022-11-14 16:59:11'),
(1253, 26, 'historian', 'https://picsum.photos/seed/810/2059/1430', '2022-11-14 16:59:11', '2022-11-14 16:59:11'),
(1254, 26, 'awareness', 'https://picsum.photos/seed/4993/3394/1713', '2022-11-14 16:59:11', '2022-11-14 16:59:11'),
(1255, 26, 'mood', 'https://picsum.photos/seed/3871/873/823', '2022-11-14 16:59:11', '2022-11-14 16:59:11'),
(1256, 26, 'device', 'https://picsum.photos/seed/4647/2664/1252', '2022-11-14 16:59:11', '2022-11-14 16:59:11'),
(1257, 26, 'virus', 'https://picsum.photos/seed/1185/2993/1485', '2022-11-14 16:59:11', '2022-11-14 16:59:11'),
(1258, 26, 'politics', 'https://picsum.photos/seed/2712/3456/1335', '2022-11-14 16:59:11', '2022-11-14 16:59:11'),
(1259, 26, 'girl', 'https://picsum.photos/seed/3110/1154/1971', '2022-11-14 16:59:11', '2022-11-14 16:59:11'),
(1260, 26, 'football', 'https://picsum.photos/seed/4609/3296/1909', '2022-11-14 16:59:11', '2022-11-14 16:59:11'),
(1261, 26, 'affair', 'https://picsum.photos/seed/3898/3357/1901', '2022-11-14 16:59:11', '2022-11-14 16:59:11'),
(1262, 26, 'wealth', 'https://picsum.photos/seed/1780/1886/1219', '2022-11-14 16:59:11', '2022-11-14 16:59:11'),
(1263, 26, 'charity', 'https://picsum.photos/seed/3450/1704/1846', '2022-11-14 16:59:11', '2022-11-14 16:59:11'),
(1264, 26, 'dealer', 'https://picsum.photos/seed/4400/2469/1377', '2022-11-14 16:59:11', '2022-11-14 16:59:11'),
(1265, 26, 'confusion', 'https://picsum.photos/seed/1675/2224/1767', '2022-11-14 16:59:11', '2022-11-14 16:59:11'),
(1266, 26, 'event', 'https://picsum.photos/seed/1181/2467/1078', '2022-11-14 16:59:11', '2022-11-14 16:59:11'),
(1267, 26, 'meat', 'https://picsum.photos/seed/1477/3517/783', '2022-11-14 16:59:11', '2022-11-14 16:59:11'),
(1268, 26, 'distribution', 'https://picsum.photos/seed/2839/2463/1533', '2022-11-14 16:59:11', '2022-11-14 16:59:11'),
(1269, 26, 'atmosphere', 'https://picsum.photos/seed/4286/2521/1103', '2022-11-14 16:59:11', '2022-11-14 16:59:11'),
(1270, 26, 'mall', 'https://picsum.photos/seed/2866/1249/1185', '2022-11-14 16:59:11', '2022-11-14 16:59:11'),
(1271, 26, 'setting', 'https://picsum.photos/seed/3918/1807/1589', '2022-11-14 16:59:11', '2022-11-14 16:59:11'),
(1272, 26, 'reputation', 'https://picsum.photos/seed/789/2588/2136', '2022-11-14 16:59:11', '2022-11-14 16:59:11'),
(1273, 26, 'satisfaction', 'https://picsum.photos/seed/2850/2480/1141', '2022-11-14 16:59:11', '2022-11-14 16:59:11'),
(1274, 26, 'ear', 'https://picsum.photos/seed/4214/2075/1070', '2022-11-14 16:59:11', '2022-11-14 16:59:11'),
(1275, 26, 'guest', 'https://picsum.photos/seed/91/3839/1682', '2022-11-14 16:59:11', '2022-11-14 16:59:11'),
(1276, 26, 'river', 'https://picsum.photos/seed/2297/2362/1867', '2022-11-14 16:59:11', '2022-11-14 16:59:11'),
(1277, 26, 'feedback', 'https://picsum.photos/seed/3854/3573/1361', '2022-11-14 16:59:11', '2022-11-14 16:59:11'),
(1278, 26, 'platform', 'https://picsum.photos/seed/415/1838/2085', '2022-11-14 16:59:11', '2022-11-14 16:59:11'),
(1279, 26, 'pie', 'https://picsum.photos/seed/3152/2636/1171', '2022-11-14 16:59:11', '2022-11-14 16:59:11'),
(1280, 26, 'examination', 'https://picsum.photos/seed/1113/2780/1474', '2022-11-14 16:59:11', '2022-11-14 16:59:11'),
(1281, 26, 'information', 'https://picsum.photos/seed/2961/2737/1368', '2022-11-14 16:59:11', '2022-11-14 16:59:11'),
(1282, 26, 'length', 'https://picsum.photos/seed/4497/2187/851', '2022-11-14 16:59:11', '2022-11-14 16:59:11'),
(1283, 26, 'director', 'https://picsum.photos/seed/710/1252/1123', '2022-11-14 16:59:11', '2022-11-14 16:59:11'),
(1284, 26, 'history', 'https://picsum.photos/seed/4833/1167/2059', '2022-11-14 16:59:11', '2022-11-14 16:59:11'),
(1285, 26, 'equipment', 'https://picsum.photos/seed/79/2272/1055', '2022-11-14 16:59:11', '2022-11-14 16:59:11'),
(1286, 26, 'instruction', 'https://picsum.photos/seed/4574/887/729', '2022-11-14 16:59:11', '2022-11-14 16:59:11'),
(1287, 26, 'personality', 'https://picsum.photos/seed/1719/3317/1633', '2022-11-14 16:59:11', '2022-11-14 16:59:11'),
(1288, 26, 'apartment', 'https://picsum.photos/seed/167/1637/1675', '2022-11-14 16:59:11', '2022-11-14 16:59:11'),
(1289, 26, 'employer', 'https://picsum.photos/seed/450/3813/1822', '2022-11-14 16:59:11', '2022-11-14 16:59:11'),
(1290, 26, 'wedding', 'https://picsum.photos/seed/2769/3593/883', '2022-11-14 16:59:11', '2022-11-14 16:59:11'),
(1291, 26, 'youth', 'https://picsum.photos/seed/2262/891/1221', '2022-11-14 16:59:11', '2022-11-14 16:59:11'),
(1292, 26, 'difference', 'https://picsum.photos/seed/2114/1730/1780', '2022-11-14 16:59:11', '2022-11-14 16:59:11'),
(1293, 26, 'cancer', 'https://picsum.photos/seed/4026/1689/1426', '2022-11-14 16:59:11', '2022-11-14 16:59:11'),
(1294, 26, 'assignment', 'https://picsum.photos/seed/4465/3621/1805', '2022-11-14 16:59:11', '2022-11-14 16:59:11'),
(1295, 26, 'mud', 'https://picsum.photos/seed/3708/2387/1705', '2022-11-14 16:59:11', '2022-11-14 16:59:11'),
(1296, 26, 'departure', 'https://picsum.photos/seed/1766/3733/1915', '2022-11-14 16:59:11', '2022-11-14 16:59:11'),
(1297, 26, 'heart', 'https://picsum.photos/seed/4032/3794/2137', '2022-11-14 16:59:11', '2022-11-14 16:59:11'),
(1298, 26, 'topic', 'https://picsum.photos/seed/4195/1291/1811', '2022-11-14 16:59:11', '2022-11-14 16:59:11'),
(1299, 26, 'climate', 'https://picsum.photos/seed/578/2884/962', '2022-11-14 16:59:11', '2022-11-14 16:59:11'),
(1300, 26, 'organization', 'https://picsum.photos/seed/2548/3058/828', '2022-11-14 16:59:11', '2022-11-14 16:59:11'),
(1301, 27, 'decision', 'https://picsum.photos/seed/1786/1617/1309', '2022-11-14 16:59:11', '2022-11-14 16:59:11'),
(1302, 27, 'university', 'https://picsum.photos/seed/4835/3592/1058', '2022-11-14 16:59:11', '2022-11-14 16:59:11'),
(1303, 27, 'historian', 'https://picsum.photos/seed/837/3619/1704', '2022-11-14 16:59:11', '2022-11-14 16:59:11'),
(1304, 27, 'awareness', 'https://picsum.photos/seed/1105/2461/725', '2022-11-14 16:59:11', '2022-11-14 16:59:11'),
(1305, 27, 'mood', 'https://picsum.photos/seed/2572/822/1403', '2022-11-14 16:59:11', '2022-11-14 16:59:11'),
(1306, 27, 'device', 'https://picsum.photos/seed/281/1950/1618', '2022-11-14 16:59:11', '2022-11-14 16:59:11'),
(1307, 27, 'virus', 'https://picsum.photos/seed/27/2525/1013', '2022-11-14 16:59:11', '2022-11-14 16:59:11'),
(1308, 27, 'politics', 'https://picsum.photos/seed/4655/2570/1287', '2022-11-14 16:59:11', '2022-11-14 16:59:11'),
(1309, 27, 'girl', 'https://picsum.photos/seed/944/3173/1747', '2022-11-14 16:59:11', '2022-11-14 16:59:11'),
(1310, 27, 'football', 'https://picsum.photos/seed/4827/1275/1573', '2022-11-14 16:59:11', '2022-11-14 16:59:11'),
(1311, 27, 'affair', 'https://picsum.photos/seed/856/3809/1950', '2022-11-14 16:59:11', '2022-11-14 16:59:11'),
(1312, 27, 'wealth', 'https://picsum.photos/seed/2958/2892/2017', '2022-11-14 16:59:11', '2022-11-14 16:59:11'),
(1313, 27, 'charity', 'https://picsum.photos/seed/1569/1073/1515', '2022-11-14 16:59:11', '2022-11-14 16:59:11'),
(1314, 27, 'dealer', 'https://picsum.photos/seed/3701/943/1812', '2022-11-14 16:59:11', '2022-11-14 16:59:11'),
(1315, 27, 'confusion', 'https://picsum.photos/seed/2653/2120/1353', '2022-11-14 16:59:11', '2022-11-14 16:59:11'),
(1316, 27, 'event', 'https://picsum.photos/seed/4145/943/1118', '2022-11-14 16:59:11', '2022-11-14 16:59:11'),
(1317, 27, 'meat', 'https://picsum.photos/seed/3872/972/1859', '2022-11-14 16:59:12', '2022-11-14 16:59:12'),
(1318, 27, 'distribution', 'https://picsum.photos/seed/2786/2912/1712', '2022-11-14 16:59:12', '2022-11-14 16:59:12'),
(1319, 27, 'atmosphere', 'https://picsum.photos/seed/259/1498/948', '2022-11-14 16:59:12', '2022-11-14 16:59:12'),
(1320, 27, 'mall', 'https://picsum.photos/seed/288/3277/1226', '2022-11-14 16:59:12', '2022-11-14 16:59:12'),
(1321, 27, 'setting', 'https://picsum.photos/seed/710/3764/1847', '2022-11-14 16:59:12', '2022-11-14 16:59:12'),
(1322, 27, 'reputation', 'https://picsum.photos/seed/2495/1170/721', '2022-11-14 16:59:12', '2022-11-14 16:59:12'),
(1323, 27, 'satisfaction', 'https://picsum.photos/seed/3140/3684/850', '2022-11-14 16:59:12', '2022-11-14 16:59:12'),
(1324, 27, 'ear', 'https://picsum.photos/seed/913/1707/1900', '2022-11-14 16:59:12', '2022-11-14 16:59:12'),
(1325, 27, 'guest', 'https://picsum.photos/seed/4634/3277/1531', '2022-11-14 16:59:12', '2022-11-14 16:59:12'),
(1326, 27, 'river', 'https://picsum.photos/seed/193/2758/1780', '2022-11-14 16:59:12', '2022-11-14 16:59:12'),
(1327, 27, 'feedback', 'https://picsum.photos/seed/1065/3088/1575', '2022-11-14 16:59:12', '2022-11-14 16:59:12'),
(1328, 27, 'platform', 'https://picsum.photos/seed/785/3835/1531', '2022-11-14 16:59:12', '2022-11-14 16:59:12'),
(1329, 27, 'pie', 'https://picsum.photos/seed/348/1704/1117', '2022-11-14 16:59:12', '2022-11-14 16:59:12'),
(1330, 27, 'examination', 'https://picsum.photos/seed/976/3377/1126', '2022-11-14 16:59:12', '2022-11-14 16:59:12'),
(1331, 27, 'information', 'https://picsum.photos/seed/4703/1637/1027', '2022-11-14 16:59:12', '2022-11-14 16:59:12'),
(1332, 27, 'length', 'https://picsum.photos/seed/2345/1358/1154', '2022-11-14 16:59:12', '2022-11-14 16:59:12'),
(1333, 27, 'director', 'https://picsum.photos/seed/1631/3436/926', '2022-11-14 16:59:12', '2022-11-14 16:59:12'),
(1334, 27, 'history', 'https://picsum.photos/seed/3/1081/1781', '2022-11-14 16:59:12', '2022-11-14 16:59:12'),
(1335, 27, 'equipment', 'https://picsum.photos/seed/3003/1514/1621', '2022-11-14 16:59:12', '2022-11-14 16:59:12'),
(1336, 27, 'instruction', 'https://picsum.photos/seed/484/1275/1806', '2022-11-14 16:59:12', '2022-11-14 16:59:12'),
(1337, 27, 'personality', 'https://picsum.photos/seed/437/3090/1588', '2022-11-14 16:59:12', '2022-11-14 16:59:12'),
(1338, 27, 'apartment', 'https://picsum.photos/seed/2373/2834/2087', '2022-11-14 16:59:12', '2022-11-14 16:59:12'),
(1339, 27, 'employer', 'https://picsum.photos/seed/5000/976/1016', '2022-11-14 16:59:12', '2022-11-14 16:59:12'),
(1340, 27, 'wedding', 'https://picsum.photos/seed/1208/1659/776', '2022-11-14 16:59:12', '2022-11-14 16:59:12'),
(1341, 27, 'youth', 'https://picsum.photos/seed/550/999/993', '2022-11-14 16:59:12', '2022-11-14 16:59:12'),
(1342, 27, 'difference', 'https://picsum.photos/seed/4639/2481/1762', '2022-11-14 16:59:12', '2022-11-14 16:59:12'),
(1343, 27, 'cancer', 'https://picsum.photos/seed/2820/3550/895', '2022-11-14 16:59:12', '2022-11-14 16:59:12'),
(1344, 27, 'assignment', 'https://picsum.photos/seed/4751/2688/1283', '2022-11-14 16:59:12', '2022-11-14 16:59:12'),
(1345, 27, 'mud', 'https://picsum.photos/seed/784/2452/1425', '2022-11-14 16:59:12', '2022-11-14 16:59:12'),
(1346, 27, 'departure', 'https://picsum.photos/seed/2438/2558/1069', '2022-11-14 16:59:12', '2022-11-14 16:59:12'),
(1347, 27, 'heart', 'https://picsum.photos/seed/378/3487/2113', '2022-11-14 16:59:12', '2022-11-14 16:59:12'),
(1348, 27, 'topic', 'https://picsum.photos/seed/3997/2951/1839', '2022-11-14 16:59:12', '2022-11-14 16:59:12'),
(1349, 27, 'climate', 'https://picsum.photos/seed/2232/1469/965', '2022-11-14 16:59:12', '2022-11-14 16:59:12');
INSERT INTO `picture` (`id`, `id_galery`, `title`, `name_file`, `created_at`, `updated_at`) VALUES
(1350, 27, 'organization', 'https://picsum.photos/seed/766/3707/1891', '2022-11-14 16:59:12', '2022-11-14 16:59:12'),
(1351, 28, 'decision', 'https://picsum.photos/seed/4973/1145/1898', '2022-11-14 16:59:12', '2022-11-14 16:59:12'),
(1352, 28, 'university', 'https://picsum.photos/seed/1197/3410/1418', '2022-11-14 16:59:12', '2022-11-14 16:59:12'),
(1353, 28, 'historian', 'https://picsum.photos/seed/1158/2539/1889', '2022-11-14 16:59:12', '2022-11-14 16:59:12'),
(1354, 28, 'awareness', 'https://picsum.photos/seed/3338/1464/721', '2022-11-14 16:59:12', '2022-11-14 16:59:12'),
(1355, 28, 'mood', 'https://picsum.photos/seed/4442/2469/1621', '2022-11-14 16:59:12', '2022-11-14 16:59:12'),
(1356, 28, 'device', 'https://picsum.photos/seed/4402/2212/2089', '2022-11-14 16:59:12', '2022-11-14 16:59:12'),
(1357, 28, 'virus', 'https://picsum.photos/seed/4929/1463/943', '2022-11-14 16:59:12', '2022-11-14 16:59:12'),
(1358, 28, 'politics', 'https://picsum.photos/seed/30/3502/1719', '2022-11-14 16:59:12', '2022-11-14 16:59:12'),
(1359, 28, 'girl', 'https://picsum.photos/seed/374/3443/1674', '2022-11-14 16:59:12', '2022-11-14 16:59:12'),
(1360, 28, 'football', 'https://picsum.photos/seed/1131/2833/1277', '2022-11-14 16:59:12', '2022-11-14 16:59:12'),
(1361, 28, 'affair', 'https://picsum.photos/seed/4886/2103/777', '2022-11-14 16:59:12', '2022-11-14 16:59:12'),
(1362, 28, 'wealth', 'https://picsum.photos/seed/3488/3387/1018', '2022-11-14 16:59:12', '2022-11-14 16:59:12'),
(1363, 28, 'charity', 'https://picsum.photos/seed/4853/3384/791', '2022-11-14 16:59:12', '2022-11-14 16:59:12'),
(1364, 28, 'dealer', 'https://picsum.photos/seed/775/1569/1488', '2022-11-14 16:59:12', '2022-11-14 16:59:12'),
(1365, 28, 'confusion', 'https://picsum.photos/seed/250/1968/1740', '2022-11-14 16:59:12', '2022-11-14 16:59:12'),
(1366, 28, 'event', 'https://picsum.photos/seed/4714/3796/1332', '2022-11-14 16:59:12', '2022-11-14 16:59:12'),
(1367, 28, 'meat', 'https://picsum.photos/seed/2478/1376/1553', '2022-11-14 16:59:12', '2022-11-14 16:59:12'),
(1368, 28, 'distribution', 'https://picsum.photos/seed/3586/1172/1891', '2022-11-14 16:59:12', '2022-11-14 16:59:12'),
(1369, 28, 'atmosphere', 'https://picsum.photos/seed/785/2484/766', '2022-11-14 16:59:12', '2022-11-14 16:59:12'),
(1370, 28, 'mall', 'https://picsum.photos/seed/2572/2738/2104', '2022-11-14 16:59:12', '2022-11-14 16:59:12'),
(1371, 28, 'setting', 'https://picsum.photos/seed/270/3812/1072', '2022-11-14 16:59:12', '2022-11-14 16:59:12'),
(1372, 28, 'reputation', 'https://picsum.photos/seed/1994/1586/1993', '2022-11-14 16:59:12', '2022-11-14 16:59:12'),
(1373, 28, 'satisfaction', 'https://picsum.photos/seed/3688/2471/2079', '2022-11-14 16:59:12', '2022-11-14 16:59:12'),
(1374, 28, 'ear', 'https://picsum.photos/seed/1315/1089/1601', '2022-11-14 16:59:12', '2022-11-14 16:59:12'),
(1375, 28, 'guest', 'https://picsum.photos/seed/2838/2233/1696', '2022-11-14 16:59:12', '2022-11-14 16:59:12'),
(1376, 28, 'river', 'https://picsum.photos/seed/3966/3409/1742', '2022-11-14 16:59:12', '2022-11-14 16:59:12'),
(1377, 28, 'feedback', 'https://picsum.photos/seed/2885/1272/1139', '2022-11-14 16:59:12', '2022-11-14 16:59:12'),
(1378, 28, 'platform', 'https://picsum.photos/seed/3541/2141/2017', '2022-11-14 16:59:12', '2022-11-14 16:59:12'),
(1379, 28, 'pie', 'https://picsum.photos/seed/2535/1902/1166', '2022-11-14 16:59:12', '2022-11-14 16:59:12'),
(1380, 28, 'examination', 'https://picsum.photos/seed/4580/3014/1703', '2022-11-14 16:59:12', '2022-11-14 16:59:12'),
(1381, 28, 'information', 'https://picsum.photos/seed/3578/1374/1231', '2022-11-14 16:59:12', '2022-11-14 16:59:12'),
(1382, 28, 'length', 'https://picsum.photos/seed/2081/2896/1325', '2022-11-14 16:59:12', '2022-11-14 16:59:12'),
(1383, 28, 'director', 'https://picsum.photos/seed/680/3455/1837', '2022-11-14 16:59:12', '2022-11-14 16:59:12'),
(1384, 28, 'history', 'https://picsum.photos/seed/909/1634/1380', '2022-11-14 16:59:12', '2022-11-14 16:59:12'),
(1385, 28, 'equipment', 'https://picsum.photos/seed/4464/1970/753', '2022-11-14 16:59:12', '2022-11-14 16:59:12'),
(1386, 28, 'instruction', 'https://picsum.photos/seed/2209/2044/1029', '2022-11-14 16:59:12', '2022-11-14 16:59:12'),
(1387, 28, 'personality', 'https://picsum.photos/seed/3600/3429/2003', '2022-11-14 16:59:12', '2022-11-14 16:59:12'),
(1388, 28, 'apartment', 'https://picsum.photos/seed/467/3499/793', '2022-11-14 16:59:12', '2022-11-14 16:59:12'),
(1389, 28, 'employer', 'https://picsum.photos/seed/142/1185/1253', '2022-11-14 16:59:12', '2022-11-14 16:59:12'),
(1390, 28, 'wedding', 'https://picsum.photos/seed/2063/1382/1618', '2022-11-14 16:59:12', '2022-11-14 16:59:12'),
(1391, 28, 'youth', 'https://picsum.photos/seed/3211/3233/796', '2022-11-14 16:59:12', '2022-11-14 16:59:12'),
(1392, 28, 'difference', 'https://picsum.photos/seed/2802/3805/1253', '2022-11-14 16:59:12', '2022-11-14 16:59:12'),
(1393, 28, 'cancer', 'https://picsum.photos/seed/1772/1994/2102', '2022-11-14 16:59:12', '2022-11-14 16:59:12'),
(1394, 28, 'assignment', 'https://picsum.photos/seed/600/1267/2031', '2022-11-14 16:59:12', '2022-11-14 16:59:12'),
(1395, 28, 'mud', 'https://picsum.photos/seed/4874/952/1395', '2022-11-14 16:59:12', '2022-11-14 16:59:12'),
(1396, 28, 'departure', 'https://picsum.photos/seed/1178/3150/1511', '2022-11-14 16:59:12', '2022-11-14 16:59:12'),
(1397, 28, 'heart', 'https://picsum.photos/seed/4660/3591/1567', '2022-11-14 16:59:12', '2022-11-14 16:59:12'),
(1398, 28, 'topic', 'https://picsum.photos/seed/309/3487/1217', '2022-11-14 16:59:12', '2022-11-14 16:59:12'),
(1399, 28, 'climate', 'https://picsum.photos/seed/1239/3659/1082', '2022-11-14 16:59:12', '2022-11-14 16:59:12'),
(1400, 28, 'organization', 'https://picsum.photos/seed/523/1794/1226', '2022-11-14 16:59:12', '2022-11-14 16:59:12'),
(1401, 29, 'decision', 'https://picsum.photos/seed/4455/2821/1007', '2022-11-14 16:59:12', '2022-11-14 16:59:12'),
(1402, 29, 'university', 'https://picsum.photos/seed/1097/806/755', '2022-11-14 16:59:12', '2022-11-14 16:59:12'),
(1403, 29, 'historian', 'https://picsum.photos/seed/3640/2832/1609', '2022-11-14 16:59:12', '2022-11-14 16:59:12'),
(1404, 29, 'awareness', 'https://picsum.photos/seed/3668/1291/1151', '2022-11-14 16:59:12', '2022-11-14 16:59:12'),
(1405, 29, 'mood', 'https://picsum.photos/seed/4773/1087/1278', '2022-11-14 16:59:12', '2022-11-14 16:59:12'),
(1406, 29, 'device', 'https://picsum.photos/seed/1436/3110/723', '2022-11-14 16:59:12', '2022-11-14 16:59:12'),
(1407, 29, 'virus', 'https://picsum.photos/seed/1541/2808/950', '2022-11-14 16:59:12', '2022-11-14 16:59:12'),
(1408, 29, 'politics', 'https://picsum.photos/seed/2754/1655/1350', '2022-11-14 16:59:12', '2022-11-14 16:59:12'),
(1409, 29, 'girl', 'https://picsum.photos/seed/2053/1020/2118', '2022-11-14 16:59:12', '2022-11-14 16:59:12'),
(1410, 29, 'football', 'https://picsum.photos/seed/2690/1101/1980', '2022-11-14 16:59:12', '2022-11-14 16:59:12'),
(1411, 29, 'affair', 'https://picsum.photos/seed/2810/2614/1532', '2022-11-14 16:59:12', '2022-11-14 16:59:12'),
(1412, 29, 'wealth', 'https://picsum.photos/seed/3843/1863/799', '2022-11-14 16:59:12', '2022-11-14 16:59:12'),
(1413, 29, 'charity', 'https://picsum.photos/seed/769/2517/1100', '2022-11-14 16:59:12', '2022-11-14 16:59:12'),
(1414, 29, 'dealer', 'https://picsum.photos/seed/3144/2306/1118', '2022-11-14 16:59:12', '2022-11-14 16:59:12'),
(1415, 29, 'confusion', 'https://picsum.photos/seed/638/2307/1406', '2022-11-14 16:59:12', '2022-11-14 16:59:12'),
(1416, 29, 'event', 'https://picsum.photos/seed/675/2548/1495', '2022-11-14 16:59:12', '2022-11-14 16:59:12'),
(1417, 29, 'meat', 'https://picsum.photos/seed/2522/3568/2065', '2022-11-14 16:59:12', '2022-11-14 16:59:12'),
(1418, 29, 'distribution', 'https://picsum.photos/seed/3118/1013/1197', '2022-11-14 16:59:12', '2022-11-14 16:59:12'),
(1419, 29, 'atmosphere', 'https://picsum.photos/seed/293/1023/980', '2022-11-14 16:59:12', '2022-11-14 16:59:12'),
(1420, 29, 'mall', 'https://picsum.photos/seed/1160/3344/2046', '2022-11-14 16:59:12', '2022-11-14 16:59:12'),
(1421, 29, 'setting', 'https://picsum.photos/seed/4002/2603/723', '2022-11-14 16:59:12', '2022-11-14 16:59:12'),
(1422, 29, 'reputation', 'https://picsum.photos/seed/4652/1798/820', '2022-11-14 16:59:12', '2022-11-14 16:59:12'),
(1423, 29, 'satisfaction', 'https://picsum.photos/seed/1551/1036/1427', '2022-11-14 16:59:12', '2022-11-14 16:59:12'),
(1424, 29, 'ear', 'https://picsum.photos/seed/2522/2093/1969', '2022-11-14 16:59:12', '2022-11-14 16:59:12'),
(1425, 29, 'guest', 'https://picsum.photos/seed/1026/1576/1118', '2022-11-14 16:59:12', '2022-11-14 16:59:12'),
(1426, 29, 'river', 'https://picsum.photos/seed/4032/1217/1661', '2022-11-14 16:59:12', '2022-11-14 16:59:12'),
(1427, 29, 'feedback', 'https://picsum.photos/seed/3972/1599/1658', '2022-11-14 16:59:12', '2022-11-14 16:59:12'),
(1428, 29, 'platform', 'https://picsum.photos/seed/388/1739/1840', '2022-11-14 16:59:13', '2022-11-14 16:59:13'),
(1429, 29, 'pie', 'https://picsum.photos/seed/1541/1857/1513', '2022-11-14 16:59:13', '2022-11-14 16:59:13'),
(1430, 29, 'examination', 'https://picsum.photos/seed/4911/2617/1830', '2022-11-14 16:59:13', '2022-11-14 16:59:13'),
(1431, 29, 'information', 'https://picsum.photos/seed/2554/2242/1109', '2022-11-14 16:59:13', '2022-11-14 16:59:13'),
(1432, 29, 'length', 'https://picsum.photos/seed/1692/1489/773', '2022-11-14 16:59:13', '2022-11-14 16:59:13'),
(1433, 29, 'director', 'https://picsum.photos/seed/4707/776/1254', '2022-11-14 16:59:13', '2022-11-14 16:59:13'),
(1434, 29, 'history', 'https://picsum.photos/seed/509/951/1336', '2022-11-14 16:59:13', '2022-11-14 16:59:13'),
(1435, 29, 'equipment', 'https://picsum.photos/seed/2065/1185/1026', '2022-11-14 16:59:13', '2022-11-14 16:59:13'),
(1436, 29, 'instruction', 'https://picsum.photos/seed/3836/1538/1242', '2022-11-14 16:59:13', '2022-11-14 16:59:13'),
(1437, 29, 'personality', 'https://picsum.photos/seed/3931/2612/1717', '2022-11-14 16:59:13', '2022-11-14 16:59:13'),
(1438, 29, 'apartment', 'https://picsum.photos/seed/854/2718/1798', '2022-11-14 16:59:13', '2022-11-14 16:59:13'),
(1439, 29, 'employer', 'https://picsum.photos/seed/4948/3045/1520', '2022-11-14 16:59:13', '2022-11-14 16:59:13'),
(1440, 29, 'wedding', 'https://picsum.photos/seed/4054/2087/1619', '2022-11-14 16:59:13', '2022-11-14 16:59:13'),
(1441, 29, 'youth', 'https://picsum.photos/seed/3165/2967/1136', '2022-11-14 16:59:13', '2022-11-14 16:59:13'),
(1442, 29, 'difference', 'https://picsum.photos/seed/3210/1942/2123', '2022-11-14 16:59:13', '2022-11-14 16:59:13'),
(1443, 29, 'cancer', 'https://picsum.photos/seed/1402/3045/1251', '2022-11-14 16:59:13', '2022-11-14 16:59:13'),
(1444, 29, 'assignment', 'https://picsum.photos/seed/2569/1143/1837', '2022-11-14 16:59:13', '2022-11-14 16:59:13'),
(1445, 29, 'mud', 'https://picsum.photos/seed/745/1876/993', '2022-11-14 16:59:13', '2022-11-14 16:59:13'),
(1446, 29, 'departure', 'https://picsum.photos/seed/638/3112/1443', '2022-11-14 16:59:13', '2022-11-14 16:59:13'),
(1447, 29, 'heart', 'https://picsum.photos/seed/274/773/1230', '2022-11-14 16:59:13', '2022-11-14 16:59:13'),
(1448, 29, 'topic', 'https://picsum.photos/seed/2768/2154/1983', '2022-11-14 16:59:13', '2022-11-14 16:59:13'),
(1449, 29, 'climate', 'https://picsum.photos/seed/580/1726/1366', '2022-11-14 16:59:13', '2022-11-14 16:59:13'),
(1450, 29, 'organization', 'https://picsum.photos/seed/3430/1872/804', '2022-11-14 16:59:13', '2022-11-14 16:59:13'),
(1451, 30, 'decision', 'https://picsum.photos/seed/3467/1624/1027', '2022-11-14 16:59:13', '2022-11-14 16:59:13'),
(1452, 30, 'university', 'https://picsum.photos/seed/1975/1676/1098', '2022-11-14 16:59:13', '2022-11-14 16:59:13'),
(1453, 30, 'historian', 'https://picsum.photos/seed/2634/1098/2012', '2022-11-14 16:59:13', '2022-11-14 16:59:13'),
(1454, 30, 'awareness', 'https://picsum.photos/seed/3071/2492/1270', '2022-11-14 16:59:13', '2022-11-14 16:59:13'),
(1455, 30, 'mood', 'https://picsum.photos/seed/935/3806/1460', '2022-11-14 16:59:13', '2022-11-14 16:59:13'),
(1456, 30, 'device', 'https://picsum.photos/seed/2167/3584/1243', '2022-11-14 16:59:13', '2022-11-14 16:59:13'),
(1457, 30, 'virus', 'https://picsum.photos/seed/375/3641/1910', '2022-11-14 16:59:13', '2022-11-14 16:59:13'),
(1458, 30, 'politics', 'https://picsum.photos/seed/4069/1428/2033', '2022-11-14 16:59:13', '2022-11-14 16:59:13'),
(1459, 30, 'girl', 'https://picsum.photos/seed/3995/3652/2086', '2022-11-14 16:59:13', '2022-11-14 16:59:13'),
(1460, 30, 'football', 'https://picsum.photos/seed/1726/2021/1070', '2022-11-14 16:59:13', '2022-11-14 16:59:13'),
(1461, 30, 'affair', 'https://picsum.photos/seed/2166/1672/1684', '2022-11-14 16:59:13', '2022-11-14 16:59:13'),
(1462, 30, 'wealth', 'https://picsum.photos/seed/1042/1240/848', '2022-11-14 16:59:13', '2022-11-14 16:59:13'),
(1463, 30, 'charity', 'https://picsum.photos/seed/4563/1586/1973', '2022-11-14 16:59:13', '2022-11-14 16:59:13'),
(1464, 30, 'dealer', 'https://picsum.photos/seed/1482/2565/1593', '2022-11-14 16:59:13', '2022-11-14 16:59:13'),
(1465, 30, 'confusion', 'https://picsum.photos/seed/682/2735/1081', '2022-11-14 16:59:13', '2022-11-14 16:59:13'),
(1466, 30, 'event', 'https://picsum.photos/seed/4977/805/1211', '2022-11-14 16:59:13', '2022-11-14 16:59:13'),
(1467, 30, 'meat', 'https://picsum.photos/seed/2945/2627/2084', '2022-11-14 16:59:13', '2022-11-14 16:59:13'),
(1468, 30, 'distribution', 'https://picsum.photos/seed/132/1362/1519', '2022-11-14 16:59:13', '2022-11-14 16:59:13'),
(1469, 30, 'atmosphere', 'https://picsum.photos/seed/76/1742/1479', '2022-11-14 16:59:13', '2022-11-14 16:59:13'),
(1470, 30, 'mall', 'https://picsum.photos/seed/2757/971/1140', '2022-11-14 16:59:13', '2022-11-14 16:59:13'),
(1471, 30, 'setting', 'https://picsum.photos/seed/3955/1428/1753', '2022-11-14 16:59:13', '2022-11-14 16:59:13'),
(1472, 30, 'reputation', 'https://picsum.photos/seed/362/3636/1825', '2022-11-14 16:59:13', '2022-11-14 16:59:13'),
(1473, 30, 'satisfaction', 'https://picsum.photos/seed/3747/3302/1804', '2022-11-14 16:59:13', '2022-11-14 16:59:13'),
(1474, 30, 'ear', 'https://picsum.photos/seed/4929/3745/1901', '2022-11-14 16:59:13', '2022-11-14 16:59:13'),
(1475, 30, 'guest', 'https://picsum.photos/seed/3967/2537/1251', '2022-11-14 16:59:13', '2022-11-14 16:59:13'),
(1476, 30, 'river', 'https://picsum.photos/seed/3179/1773/1298', '2022-11-14 16:59:13', '2022-11-14 16:59:13'),
(1477, 30, 'feedback', 'https://picsum.photos/seed/4371/1054/1927', '2022-11-14 16:59:13', '2022-11-14 16:59:13'),
(1478, 30, 'platform', 'https://picsum.photos/seed/2954/2148/929', '2022-11-14 16:59:13', '2022-11-14 16:59:13'),
(1479, 30, 'pie', 'https://picsum.photos/seed/1460/3543/801', '2022-11-14 16:59:13', '2022-11-14 16:59:13'),
(1480, 30, 'examination', 'https://picsum.photos/seed/3375/1005/1120', '2022-11-14 16:59:13', '2022-11-14 16:59:13'),
(1481, 30, 'information', 'https://picsum.photos/seed/3029/2070/757', '2022-11-14 16:59:13', '2022-11-14 16:59:13'),
(1482, 30, 'length', 'https://picsum.photos/seed/3899/1769/844', '2022-11-14 16:59:13', '2022-11-14 16:59:13'),
(1483, 30, 'director', 'https://picsum.photos/seed/1097/1337/2146', '2022-11-14 16:59:13', '2022-11-14 16:59:13'),
(1484, 30, 'history', 'https://picsum.photos/seed/1323/1707/968', '2022-11-14 16:59:13', '2022-11-14 16:59:13'),
(1485, 30, 'equipment', 'https://picsum.photos/seed/1571/1477/996', '2022-11-14 16:59:13', '2022-11-14 16:59:13'),
(1486, 30, 'instruction', 'https://picsum.photos/seed/4163/2815/1663', '2022-11-14 16:59:13', '2022-11-14 16:59:13'),
(1487, 30, 'personality', 'https://picsum.photos/seed/2057/2232/1896', '2022-11-14 16:59:13', '2022-11-14 16:59:13'),
(1488, 30, 'apartment', 'https://picsum.photos/seed/2719/2430/871', '2022-11-14 16:59:13', '2022-11-14 16:59:13'),
(1489, 30, 'employer', 'https://picsum.photos/seed/671/1760/1200', '2022-11-14 16:59:13', '2022-11-14 16:59:13'),
(1490, 30, 'wedding', 'https://picsum.photos/seed/3027/1892/779', '2022-11-14 16:59:13', '2022-11-14 16:59:13'),
(1491, 30, 'youth', 'https://picsum.photos/seed/4825/3663/1941', '2022-11-14 16:59:13', '2022-11-14 16:59:13'),
(1492, 30, 'difference', 'https://picsum.photos/seed/1363/2642/893', '2022-11-14 16:59:13', '2022-11-14 16:59:13'),
(1493, 30, 'cancer', 'https://picsum.photos/seed/3030/2187/1302', '2022-11-14 16:59:13', '2022-11-14 16:59:13'),
(1494, 30, 'assignment', 'https://picsum.photos/seed/4534/772/897', '2022-11-14 16:59:13', '2022-11-14 16:59:13'),
(1495, 30, 'mud', 'https://picsum.photos/seed/118/1242/2152', '2022-11-14 16:59:13', '2022-11-14 16:59:13'),
(1496, 30, 'departure', 'https://picsum.photos/seed/3228/3120/1244', '2022-11-14 16:59:13', '2022-11-14 16:59:13'),
(1497, 30, 'heart', 'https://picsum.photos/seed/814/1946/1518', '2022-11-14 16:59:13', '2022-11-14 16:59:13'),
(1498, 30, 'topic', 'https://picsum.photos/seed/4564/2337/1277', '2022-11-14 16:59:13', '2022-11-14 16:59:13'),
(1499, 30, 'climate', 'https://picsum.photos/seed/3038/872/1920', '2022-11-14 16:59:13', '2022-11-14 16:59:13'),
(1500, 30, 'organization', 'https://picsum.photos/seed/1310/3427/2039', '2022-11-14 16:59:13', '2022-11-14 16:59:13'),
(1501, 31, 'decision', 'https://picsum.photos/seed/4612/3430/1890', '2022-11-14 16:59:13', '2022-11-14 16:59:13'),
(1502, 31, 'university', 'https://picsum.photos/seed/2422/2315/1386', '2022-11-14 16:59:13', '2022-11-14 16:59:13'),
(1503, 31, 'historian', 'https://picsum.photos/seed/1823/2997/1669', '2022-11-14 16:59:13', '2022-11-14 16:59:13'),
(1504, 31, 'awareness', 'https://picsum.photos/seed/4205/3357/1106', '2022-11-14 16:59:13', '2022-11-14 16:59:13'),
(1505, 31, 'mood', 'https://picsum.photos/seed/3303/1627/1025', '2022-11-14 16:59:13', '2022-11-14 16:59:13'),
(1506, 31, 'device', 'https://picsum.photos/seed/4931/3430/1199', '2022-11-14 16:59:13', '2022-11-14 16:59:13'),
(1507, 31, 'virus', 'https://picsum.photos/seed/1179/3761/1529', '2022-11-14 16:59:13', '2022-11-14 16:59:13'),
(1508, 31, 'politics', 'https://picsum.photos/seed/13/2559/916', '2022-11-14 16:59:13', '2022-11-14 16:59:13'),
(1509, 31, 'girl', 'https://picsum.photos/seed/4345/3505/1887', '2022-11-14 16:59:13', '2022-11-14 16:59:13'),
(1510, 31, 'football', 'https://picsum.photos/seed/173/3227/741', '2022-11-14 16:59:13', '2022-11-14 16:59:13'),
(1511, 31, 'affair', 'https://picsum.photos/seed/427/3243/833', '2022-11-14 16:59:13', '2022-11-14 16:59:13'),
(1512, 31, 'wealth', 'https://picsum.photos/seed/2902/2540/782', '2022-11-14 16:59:13', '2022-11-14 16:59:13'),
(1513, 31, 'charity', 'https://picsum.photos/seed/4843/875/801', '2022-11-14 16:59:13', '2022-11-14 16:59:13'),
(1514, 31, 'dealer', 'https://picsum.photos/seed/4131/2641/733', '2022-11-14 16:59:13', '2022-11-14 16:59:13'),
(1515, 31, 'confusion', 'https://picsum.photos/seed/3604/1724/1145', '2022-11-14 16:59:13', '2022-11-14 16:59:13'),
(1516, 31, 'event', 'https://picsum.photos/seed/1932/968/1939', '2022-11-14 16:59:13', '2022-11-14 16:59:13'),
(1517, 31, 'meat', 'https://picsum.photos/seed/3172/2321/1202', '2022-11-14 16:59:13', '2022-11-14 16:59:13'),
(1518, 31, 'distribution', 'https://picsum.photos/seed/2146/1786/1340', '2022-11-14 16:59:13', '2022-11-14 16:59:13'),
(1519, 31, 'atmosphere', 'https://picsum.photos/seed/2581/2973/1022', '2022-11-14 16:59:13', '2022-11-14 16:59:13'),
(1520, 31, 'mall', 'https://picsum.photos/seed/1983/1657/769', '2022-11-14 16:59:13', '2022-11-14 16:59:13'),
(1521, 31, 'setting', 'https://picsum.photos/seed/2268/2136/890', '2022-11-14 16:59:13', '2022-11-14 16:59:13'),
(1522, 31, 'reputation', 'https://picsum.photos/seed/3157/1199/2058', '2022-11-14 16:59:13', '2022-11-14 16:59:13'),
(1523, 31, 'satisfaction', 'https://picsum.photos/seed/768/1729/766', '2022-11-14 16:59:13', '2022-11-14 16:59:13'),
(1524, 31, 'ear', 'https://picsum.photos/seed/123/3166/1154', '2022-11-14 16:59:13', '2022-11-14 16:59:13'),
(1525, 31, 'guest', 'https://picsum.photos/seed/1938/3432/1697', '2022-11-14 16:59:13', '2022-11-14 16:59:13'),
(1526, 31, 'river', 'https://picsum.photos/seed/4953/2180/803', '2022-11-14 16:59:13', '2022-11-14 16:59:13'),
(1527, 31, 'feedback', 'https://picsum.photos/seed/3513/1741/1828', '2022-11-14 16:59:13', '2022-11-14 16:59:13'),
(1528, 31, 'platform', 'https://picsum.photos/seed/3276/1003/1156', '2022-11-14 16:59:13', '2022-11-14 16:59:13'),
(1529, 31, 'pie', 'https://picsum.photos/seed/1149/1769/1306', '2022-11-14 16:59:13', '2022-11-14 16:59:13'),
(1530, 31, 'examination', 'https://picsum.photos/seed/4196/2709/855', '2022-11-14 16:59:13', '2022-11-14 16:59:13'),
(1531, 31, 'information', 'https://picsum.photos/seed/421/2986/835', '2022-11-14 16:59:13', '2022-11-14 16:59:13'),
(1532, 31, 'length', 'https://picsum.photos/seed/628/1321/1989', '2022-11-14 16:59:13', '2022-11-14 16:59:13'),
(1533, 31, 'director', 'https://picsum.photos/seed/1375/3084/1789', '2022-11-14 16:59:13', '2022-11-14 16:59:13'),
(1534, 31, 'history', 'https://picsum.photos/seed/4597/1083/2131', '2022-11-14 16:59:13', '2022-11-14 16:59:13'),
(1535, 31, 'equipment', 'https://picsum.photos/seed/3764/3728/1747', '2022-11-14 16:59:13', '2022-11-14 16:59:13'),
(1536, 31, 'instruction', 'https://picsum.photos/seed/4671/1146/1514', '2022-11-14 16:59:13', '2022-11-14 16:59:13'),
(1537, 31, 'personality', 'https://picsum.photos/seed/605/1246/1038', '2022-11-14 16:59:13', '2022-11-14 16:59:13'),
(1538, 31, 'apartment', 'https://picsum.photos/seed/581/845/1923', '2022-11-14 16:59:13', '2022-11-14 16:59:13'),
(1539, 31, 'employer', 'https://picsum.photos/seed/3207/1249/1216', '2022-11-14 16:59:13', '2022-11-14 16:59:13'),
(1540, 31, 'wedding', 'https://picsum.photos/seed/3666/2802/1171', '2022-11-14 16:59:13', '2022-11-14 16:59:13'),
(1541, 31, 'youth', 'https://picsum.photos/seed/2276/2605/898', '2022-11-14 16:59:13', '2022-11-14 16:59:13'),
(1542, 31, 'difference', 'https://picsum.photos/seed/4339/1698/1134', '2022-11-14 16:59:14', '2022-11-14 16:59:14'),
(1543, 31, 'cancer', 'https://picsum.photos/seed/4959/1243/1575', '2022-11-14 16:59:14', '2022-11-14 16:59:14'),
(1544, 31, 'assignment', 'https://picsum.photos/seed/4117/3645/1236', '2022-11-14 16:59:14', '2022-11-14 16:59:14'),
(1545, 31, 'mud', 'https://picsum.photos/seed/2790/1668/1652', '2022-11-14 16:59:14', '2022-11-14 16:59:14'),
(1546, 31, 'departure', 'https://picsum.photos/seed/3244/1409/1780', '2022-11-14 16:59:14', '2022-11-14 16:59:14'),
(1547, 31, 'heart', 'https://picsum.photos/seed/4317/860/1071', '2022-11-14 16:59:14', '2022-11-14 16:59:14'),
(1548, 31, 'topic', 'https://picsum.photos/seed/875/2676/1140', '2022-11-14 16:59:14', '2022-11-14 16:59:14'),
(1549, 31, 'climate', 'https://picsum.photos/seed/2383/2624/1389', '2022-11-14 16:59:14', '2022-11-14 16:59:14'),
(1550, 31, 'organization', 'https://picsum.photos/seed/2279/1670/2025', '2022-11-14 16:59:14', '2022-11-14 16:59:14'),
(1551, 32, 'decision', 'https://picsum.photos/seed/1528/1838/1939', '2022-11-14 16:59:14', '2022-11-14 16:59:14'),
(1552, 32, 'university', 'https://picsum.photos/seed/3296/1875/846', '2022-11-14 16:59:14', '2022-11-14 16:59:14'),
(1553, 32, 'historian', 'https://picsum.photos/seed/1559/2928/1382', '2022-11-14 16:59:14', '2022-11-14 16:59:14'),
(1554, 32, 'awareness', 'https://picsum.photos/seed/3632/1997/840', '2022-11-14 16:59:14', '2022-11-14 16:59:14'),
(1555, 32, 'mood', 'https://picsum.photos/seed/1683/3025/927', '2022-11-14 16:59:14', '2022-11-14 16:59:14'),
(1556, 32, 'device', 'https://picsum.photos/seed/2122/3824/1104', '2022-11-14 16:59:14', '2022-11-14 16:59:14'),
(1557, 32, 'virus', 'https://picsum.photos/seed/784/3007/1045', '2022-11-14 16:59:14', '2022-11-14 16:59:14'),
(1558, 32, 'politics', 'https://picsum.photos/seed/775/3200/1021', '2022-11-14 16:59:14', '2022-11-14 16:59:14'),
(1559, 32, 'girl', 'https://picsum.photos/seed/1920/1255/1308', '2022-11-14 16:59:14', '2022-11-14 16:59:14'),
(1560, 32, 'football', 'https://picsum.photos/seed/853/2950/2145', '2022-11-14 16:59:14', '2022-11-14 16:59:14'),
(1561, 32, 'affair', 'https://picsum.photos/seed/1939/2946/1066', '2022-11-14 16:59:14', '2022-11-14 16:59:14'),
(1562, 32, 'wealth', 'https://picsum.photos/seed/3881/1559/735', '2022-11-14 16:59:14', '2022-11-14 16:59:14'),
(1563, 32, 'charity', 'https://picsum.photos/seed/2748/1437/792', '2022-11-14 16:59:14', '2022-11-14 16:59:14'),
(1564, 32, 'dealer', 'https://picsum.photos/seed/45/3830/1468', '2022-11-14 16:59:14', '2022-11-14 16:59:14'),
(1565, 32, 'confusion', 'https://picsum.photos/seed/2693/3320/1566', '2022-11-14 16:59:14', '2022-11-14 16:59:14'),
(1566, 32, 'event', 'https://picsum.photos/seed/4953/2262/1283', '2022-11-14 16:59:14', '2022-11-14 16:59:14'),
(1567, 32, 'meat', 'https://picsum.photos/seed/2283/1181/2080', '2022-11-14 16:59:14', '2022-11-14 16:59:14'),
(1568, 32, 'distribution', 'https://picsum.photos/seed/821/2336/1318', '2022-11-14 16:59:14', '2022-11-14 16:59:14'),
(1569, 32, 'atmosphere', 'https://picsum.photos/seed/3095/2645/762', '2022-11-14 16:59:14', '2022-11-14 16:59:14'),
(1570, 32, 'mall', 'https://picsum.photos/seed/2294/3783/2137', '2022-11-14 16:59:14', '2022-11-14 16:59:14'),
(1571, 32, 'setting', 'https://picsum.photos/seed/746/2912/1468', '2022-11-14 16:59:14', '2022-11-14 16:59:14'),
(1572, 32, 'reputation', 'https://picsum.photos/seed/2986/3547/1391', '2022-11-14 16:59:14', '2022-11-14 16:59:14'),
(1573, 32, 'satisfaction', 'https://picsum.photos/seed/2873/1192/847', '2022-11-14 16:59:14', '2022-11-14 16:59:14'),
(1574, 32, 'ear', 'https://picsum.photos/seed/4202/3811/1741', '2022-11-14 16:59:14', '2022-11-14 16:59:14'),
(1575, 32, 'guest', 'https://picsum.photos/seed/1529/2517/1938', '2022-11-14 16:59:14', '2022-11-14 16:59:14'),
(1576, 32, 'river', 'https://picsum.photos/seed/3709/1131/1899', '2022-11-14 16:59:14', '2022-11-14 16:59:14'),
(1577, 32, 'feedback', 'https://picsum.photos/seed/2067/3555/1878', '2022-11-14 16:59:14', '2022-11-14 16:59:14'),
(1578, 32, 'platform', 'https://picsum.photos/seed/556/1436/785', '2022-11-14 16:59:14', '2022-11-14 16:59:14'),
(1579, 32, 'pie', 'https://picsum.photos/seed/3040/2615/1510', '2022-11-14 16:59:14', '2022-11-14 16:59:14'),
(1580, 32, 'examination', 'https://picsum.photos/seed/1566/3814/1196', '2022-11-14 16:59:14', '2022-11-14 16:59:14'),
(1581, 32, 'information', 'https://picsum.photos/seed/2803/2163/1285', '2022-11-14 16:59:14', '2022-11-14 16:59:14'),
(1582, 32, 'length', 'https://picsum.photos/seed/2866/1968/1411', '2022-11-14 16:59:14', '2022-11-14 16:59:14'),
(1583, 32, 'director', 'https://picsum.photos/seed/3474/2028/1378', '2022-11-14 16:59:14', '2022-11-14 16:59:14'),
(1584, 32, 'history', 'https://picsum.photos/seed/3718/3287/1353', '2022-11-14 16:59:14', '2022-11-14 16:59:14'),
(1585, 32, 'equipment', 'https://picsum.photos/seed/3690/1320/1424', '2022-11-14 16:59:14', '2022-11-14 16:59:14'),
(1586, 32, 'instruction', 'https://picsum.photos/seed/502/2483/1497', '2022-11-14 16:59:14', '2022-11-14 16:59:14'),
(1587, 32, 'personality', 'https://picsum.photos/seed/2645/1410/1365', '2022-11-14 16:59:14', '2022-11-14 16:59:14'),
(1588, 32, 'apartment', 'https://picsum.photos/seed/2964/1152/1701', '2022-11-14 16:59:14', '2022-11-14 16:59:14'),
(1589, 32, 'employer', 'https://picsum.photos/seed/616/1911/2145', '2022-11-14 16:59:14', '2022-11-14 16:59:14'),
(1590, 32, 'wedding', 'https://picsum.photos/seed/1870/3127/2059', '2022-11-14 16:59:14', '2022-11-14 16:59:14'),
(1591, 32, 'youth', 'https://picsum.photos/seed/305/1621/1157', '2022-11-14 16:59:14', '2022-11-14 16:59:14'),
(1592, 32, 'difference', 'https://picsum.photos/seed/752/3590/1269', '2022-11-14 16:59:14', '2022-11-14 16:59:14'),
(1593, 32, 'cancer', 'https://picsum.photos/seed/232/3752/1808', '2022-11-14 16:59:14', '2022-11-14 16:59:14'),
(1594, 32, 'assignment', 'https://picsum.photos/seed/524/2276/975', '2022-11-14 16:59:14', '2022-11-14 16:59:14'),
(1595, 32, 'mud', 'https://picsum.photos/seed/4892/2759/1257', '2022-11-14 16:59:14', '2022-11-14 16:59:14'),
(1596, 32, 'departure', 'https://picsum.photos/seed/921/1152/1399', '2022-11-14 16:59:14', '2022-11-14 16:59:14'),
(1597, 32, 'heart', 'https://picsum.photos/seed/4766/1354/1833', '2022-11-14 16:59:14', '2022-11-14 16:59:14'),
(1598, 32, 'topic', 'https://picsum.photos/seed/2131/2491/1020', '2022-11-14 16:59:14', '2022-11-14 16:59:14'),
(1599, 32, 'climate', 'https://picsum.photos/seed/4831/1682/1020', '2022-11-14 16:59:14', '2022-11-14 16:59:14'),
(1600, 32, 'organization', 'https://picsum.photos/seed/3533/2057/1550', '2022-11-14 16:59:14', '2022-11-14 16:59:14'),
(1601, 33, 'decision', 'https://picsum.photos/seed/1895/946/2130', '2022-11-14 16:59:14', '2022-11-14 16:59:14'),
(1602, 33, 'university', 'https://picsum.photos/seed/3309/3582/1887', '2022-11-14 16:59:14', '2022-11-14 16:59:14'),
(1603, 33, 'historian', 'https://picsum.photos/seed/4297/917/1764', '2022-11-14 16:59:14', '2022-11-14 16:59:14'),
(1604, 33, 'awareness', 'https://picsum.photos/seed/2719/1402/1132', '2022-11-14 16:59:14', '2022-11-14 16:59:14'),
(1605, 33, 'mood', 'https://picsum.photos/seed/2731/3327/1259', '2022-11-14 16:59:14', '2022-11-14 16:59:14'),
(1606, 33, 'device', 'https://picsum.photos/seed/2932/1938/1079', '2022-11-14 16:59:14', '2022-11-14 16:59:14'),
(1607, 33, 'virus', 'https://picsum.photos/seed/1085/2904/2112', '2022-11-14 16:59:14', '2022-11-14 16:59:14'),
(1608, 33, 'politics', 'https://picsum.photos/seed/4184/2528/1088', '2022-11-14 16:59:14', '2022-11-14 16:59:14'),
(1609, 33, 'girl', 'https://picsum.photos/seed/1410/2816/2014', '2022-11-14 16:59:14', '2022-11-14 16:59:14'),
(1610, 33, 'football', 'https://picsum.photos/seed/2213/3510/2107', '2022-11-14 16:59:14', '2022-11-14 16:59:14'),
(1611, 33, 'affair', 'https://picsum.photos/seed/1756/3319/1017', '2022-11-14 16:59:14', '2022-11-14 16:59:14'),
(1612, 33, 'wealth', 'https://picsum.photos/seed/3252/2754/2109', '2022-11-14 16:59:14', '2022-11-14 16:59:14'),
(1613, 33, 'charity', 'https://picsum.photos/seed/1960/3654/777', '2022-11-14 16:59:14', '2022-11-14 16:59:14'),
(1614, 33, 'dealer', 'https://picsum.photos/seed/817/1284/1272', '2022-11-14 16:59:14', '2022-11-14 16:59:14'),
(1615, 33, 'confusion', 'https://picsum.photos/seed/1447/2109/1461', '2022-11-14 16:59:14', '2022-11-14 16:59:14'),
(1616, 33, 'event', 'https://picsum.photos/seed/2577/3430/2112', '2022-11-14 16:59:14', '2022-11-14 16:59:14'),
(1617, 33, 'meat', 'https://picsum.photos/seed/2932/2337/1621', '2022-11-14 16:59:14', '2022-11-14 16:59:14'),
(1618, 33, 'distribution', 'https://picsum.photos/seed/262/2256/1585', '2022-11-14 16:59:14', '2022-11-14 16:59:14'),
(1619, 33, 'atmosphere', 'https://picsum.photos/seed/1089/2755/1150', '2022-11-14 16:59:14', '2022-11-14 16:59:14'),
(1620, 33, 'mall', 'https://picsum.photos/seed/4315/1818/1488', '2022-11-14 16:59:14', '2022-11-14 16:59:14'),
(1621, 33, 'setting', 'https://picsum.photos/seed/1181/3260/2016', '2022-11-14 16:59:14', '2022-11-14 16:59:14'),
(1622, 33, 'reputation', 'https://picsum.photos/seed/1143/3793/1459', '2022-11-14 16:59:14', '2022-11-14 16:59:14'),
(1623, 33, 'satisfaction', 'https://picsum.photos/seed/4356/3517/1063', '2022-11-14 16:59:14', '2022-11-14 16:59:14'),
(1624, 33, 'ear', 'https://picsum.photos/seed/3719/1163/1993', '2022-11-14 16:59:14', '2022-11-14 16:59:14'),
(1625, 33, 'guest', 'https://picsum.photos/seed/4563/3079/1692', '2022-11-14 16:59:14', '2022-11-14 16:59:14'),
(1626, 33, 'river', 'https://picsum.photos/seed/3913/2096/934', '2022-11-14 16:59:14', '2022-11-14 16:59:14'),
(1627, 33, 'feedback', 'https://picsum.photos/seed/947/3170/783', '2022-11-14 16:59:14', '2022-11-14 16:59:14'),
(1628, 33, 'platform', 'https://picsum.photos/seed/1806/1743/2098', '2022-11-14 16:59:14', '2022-11-14 16:59:14'),
(1629, 33, 'pie', 'https://picsum.photos/seed/1014/2595/732', '2022-11-14 16:59:14', '2022-11-14 16:59:14'),
(1630, 33, 'examination', 'https://picsum.photos/seed/3351/2061/1129', '2022-11-14 16:59:14', '2022-11-14 16:59:14'),
(1631, 33, 'information', 'https://picsum.photos/seed/3276/3693/1088', '2022-11-14 16:59:14', '2022-11-14 16:59:14'),
(1632, 33, 'length', 'https://picsum.photos/seed/3171/3066/1125', '2022-11-14 16:59:14', '2022-11-14 16:59:14'),
(1633, 33, 'director', 'https://picsum.photos/seed/3812/1210/1673', '2022-11-14 16:59:14', '2022-11-14 16:59:14'),
(1634, 33, 'history', 'https://picsum.photos/seed/3458/2755/1892', '2022-11-14 16:59:14', '2022-11-14 16:59:14'),
(1635, 33, 'equipment', 'https://picsum.photos/seed/4814/1210/1371', '2022-11-14 16:59:14', '2022-11-14 16:59:14'),
(1636, 33, 'instruction', 'https://picsum.photos/seed/103/2007/1652', '2022-11-14 16:59:14', '2022-11-14 16:59:14'),
(1637, 33, 'personality', 'https://picsum.photos/seed/659/1821/1740', '2022-11-14 16:59:14', '2022-11-14 16:59:14'),
(1638, 33, 'apartment', 'https://picsum.photos/seed/3868/2141/1142', '2022-11-14 16:59:14', '2022-11-14 16:59:14'),
(1639, 33, 'employer', 'https://picsum.photos/seed/2582/1750/1991', '2022-11-14 16:59:14', '2022-11-14 16:59:14'),
(1640, 33, 'wedding', 'https://picsum.photos/seed/4461/894/1869', '2022-11-14 16:59:14', '2022-11-14 16:59:14'),
(1641, 33, 'youth', 'https://picsum.photos/seed/2818/2855/1902', '2022-11-14 16:59:14', '2022-11-14 16:59:14'),
(1642, 33, 'difference', 'https://picsum.photos/seed/4168/3567/1438', '2022-11-14 16:59:14', '2022-11-14 16:59:14'),
(1643, 33, 'cancer', 'https://picsum.photos/seed/2537/1087/1096', '2022-11-14 16:59:14', '2022-11-14 16:59:14'),
(1644, 33, 'assignment', 'https://picsum.photos/seed/942/2700/1557', '2022-11-14 16:59:14', '2022-11-14 16:59:14'),
(1645, 33, 'mud', 'https://picsum.photos/seed/4696/1965/1729', '2022-11-14 16:59:14', '2022-11-14 16:59:14'),
(1646, 33, 'departure', 'https://picsum.photos/seed/2778/2656/1894', '2022-11-14 16:59:14', '2022-11-14 16:59:14'),
(1647, 33, 'heart', 'https://picsum.photos/seed/1748/1086/1640', '2022-11-14 16:59:14', '2022-11-14 16:59:14'),
(1648, 33, 'topic', 'https://picsum.photos/seed/528/1936/1603', '2022-11-14 16:59:14', '2022-11-14 16:59:14'),
(1649, 33, 'climate', 'https://picsum.photos/seed/2542/3488/1201', '2022-11-14 16:59:14', '2022-11-14 16:59:14'),
(1650, 33, 'organization', 'https://picsum.photos/seed/2312/3455/810', '2022-11-14 16:59:14', '2022-11-14 16:59:14'),
(1651, 34, 'decision', 'https://picsum.photos/seed/3066/2158/1556', '2022-11-14 16:59:14', '2022-11-14 16:59:14'),
(1652, 34, 'university', 'https://picsum.photos/seed/1438/2779/791', '2022-11-14 16:59:15', '2022-11-14 16:59:15'),
(1653, 34, 'historian', 'https://picsum.photos/seed/3915/2237/1673', '2022-11-14 16:59:15', '2022-11-14 16:59:15'),
(1654, 34, 'awareness', 'https://picsum.photos/seed/3902/2976/1789', '2022-11-14 16:59:15', '2022-11-14 16:59:15'),
(1655, 34, 'mood', 'https://picsum.photos/seed/129/2677/902', '2022-11-14 16:59:15', '2022-11-14 16:59:15'),
(1656, 34, 'device', 'https://picsum.photos/seed/2967/2894/2059', '2022-11-14 16:59:15', '2022-11-14 16:59:15'),
(1657, 34, 'virus', 'https://picsum.photos/seed/3250/2580/1615', '2022-11-14 16:59:15', '2022-11-14 16:59:15'),
(1658, 34, 'politics', 'https://picsum.photos/seed/464/2189/994', '2022-11-14 16:59:15', '2022-11-14 16:59:15'),
(1659, 34, 'girl', 'https://picsum.photos/seed/1081/3107/1483', '2022-11-14 16:59:15', '2022-11-14 16:59:15'),
(1660, 34, 'football', 'https://picsum.photos/seed/1423/760/1456', '2022-11-14 16:59:15', '2022-11-14 16:59:15'),
(1661, 34, 'affair', 'https://picsum.photos/seed/197/994/1611', '2022-11-14 16:59:15', '2022-11-14 16:59:15'),
(1662, 34, 'wealth', 'https://picsum.photos/seed/424/1592/1537', '2022-11-14 16:59:15', '2022-11-14 16:59:15'),
(1663, 34, 'charity', 'https://picsum.photos/seed/3304/1656/1772', '2022-11-14 16:59:15', '2022-11-14 16:59:15'),
(1664, 34, 'dealer', 'https://picsum.photos/seed/305/3661/1680', '2022-11-14 16:59:15', '2022-11-14 16:59:15'),
(1665, 34, 'confusion', 'https://picsum.photos/seed/4816/3289/1029', '2022-11-14 16:59:15', '2022-11-14 16:59:15'),
(1666, 34, 'event', 'https://picsum.photos/seed/2514/3232/1502', '2022-11-14 16:59:15', '2022-11-14 16:59:15'),
(1667, 34, 'meat', 'https://picsum.photos/seed/4598/3429/1767', '2022-11-14 16:59:15', '2022-11-14 16:59:15'),
(1668, 34, 'distribution', 'https://picsum.photos/seed/131/2406/1852', '2022-11-14 16:59:15', '2022-11-14 16:59:15'),
(1669, 34, 'atmosphere', 'https://picsum.photos/seed/456/2767/1662', '2022-11-14 16:59:15', '2022-11-14 16:59:15'),
(1670, 34, 'mall', 'https://picsum.photos/seed/4593/2621/2057', '2022-11-14 16:59:15', '2022-11-14 16:59:15'),
(1671, 34, 'setting', 'https://picsum.photos/seed/1532/2935/1383', '2022-11-14 16:59:15', '2022-11-14 16:59:15'),
(1672, 34, 'reputation', 'https://picsum.photos/seed/234/1044/871', '2022-11-14 16:59:15', '2022-11-14 16:59:15'),
(1673, 34, 'satisfaction', 'https://picsum.photos/seed/881/2709/1923', '2022-11-14 16:59:15', '2022-11-14 16:59:15'),
(1674, 34, 'ear', 'https://picsum.photos/seed/893/2709/722', '2022-11-14 16:59:15', '2022-11-14 16:59:15'),
(1675, 34, 'guest', 'https://picsum.photos/seed/1738/2200/1642', '2022-11-14 16:59:15', '2022-11-14 16:59:15'),
(1676, 34, 'river', 'https://picsum.photos/seed/136/2972/2160', '2022-11-14 16:59:15', '2022-11-14 16:59:15'),
(1677, 34, 'feedback', 'https://picsum.photos/seed/4294/1429/1450', '2022-11-14 16:59:15', '2022-11-14 16:59:15'),
(1678, 34, 'platform', 'https://picsum.photos/seed/1187/2192/1603', '2022-11-14 16:59:15', '2022-11-14 16:59:15'),
(1679, 34, 'pie', 'https://picsum.photos/seed/4753/1571/1703', '2022-11-14 16:59:15', '2022-11-14 16:59:15'),
(1680, 34, 'examination', 'https://picsum.photos/seed/138/1180/836', '2022-11-14 16:59:15', '2022-11-14 16:59:15'),
(1681, 34, 'information', 'https://picsum.photos/seed/4124/2269/1708', '2022-11-14 16:59:15', '2022-11-14 16:59:15'),
(1682, 34, 'length', 'https://picsum.photos/seed/980/1124/812', '2022-11-14 16:59:15', '2022-11-14 16:59:15'),
(1683, 34, 'director', 'https://picsum.photos/seed/4620/1653/1946', '2022-11-14 16:59:15', '2022-11-14 16:59:15'),
(1684, 34, 'history', 'https://picsum.photos/seed/1165/2133/1489', '2022-11-14 16:59:15', '2022-11-14 16:59:15'),
(1685, 34, 'equipment', 'https://picsum.photos/seed/4820/992/803', '2022-11-14 16:59:15', '2022-11-14 16:59:15'),
(1686, 34, 'instruction', 'https://picsum.photos/seed/3161/2543/1701', '2022-11-14 16:59:15', '2022-11-14 16:59:15'),
(1687, 34, 'personality', 'https://picsum.photos/seed/986/2943/1310', '2022-11-14 16:59:15', '2022-11-14 16:59:15'),
(1688, 34, 'apartment', 'https://picsum.photos/seed/1726/3617/1147', '2022-11-14 16:59:15', '2022-11-14 16:59:15'),
(1689, 34, 'employer', 'https://picsum.photos/seed/3244/1722/1523', '2022-11-14 16:59:15', '2022-11-14 16:59:15'),
(1690, 34, 'wedding', 'https://picsum.photos/seed/3353/1069/1515', '2022-11-14 16:59:15', '2022-11-14 16:59:15'),
(1691, 34, 'youth', 'https://picsum.photos/seed/1746/1152/2079', '2022-11-14 16:59:15', '2022-11-14 16:59:15'),
(1692, 34, 'difference', 'https://picsum.photos/seed/2295/2936/1856', '2022-11-14 16:59:15', '2022-11-14 16:59:15'),
(1693, 34, 'cancer', 'https://picsum.photos/seed/4226/1355/950', '2022-11-14 16:59:15', '2022-11-14 16:59:15'),
(1694, 34, 'assignment', 'https://picsum.photos/seed/3038/2382/1054', '2022-11-14 16:59:15', '2022-11-14 16:59:15'),
(1695, 34, 'mud', 'https://picsum.photos/seed/3418/2847/1011', '2022-11-14 16:59:15', '2022-11-14 16:59:15'),
(1696, 34, 'departure', 'https://picsum.photos/seed/2797/1374/1418', '2022-11-14 16:59:15', '2022-11-14 16:59:15'),
(1697, 34, 'heart', 'https://picsum.photos/seed/1456/3650/1180', '2022-11-14 16:59:15', '2022-11-14 16:59:15'),
(1698, 34, 'topic', 'https://picsum.photos/seed/1321/2753/1557', '2022-11-14 16:59:15', '2022-11-14 16:59:15'),
(1699, 34, 'climate', 'https://picsum.photos/seed/796/855/1592', '2022-11-14 16:59:15', '2022-11-14 16:59:15'),
(1700, 34, 'organization', 'https://picsum.photos/seed/1107/1621/786', '2022-11-14 16:59:15', '2022-11-14 16:59:15'),
(1701, 35, 'decision', 'https://picsum.photos/seed/4192/3704/843', '2022-11-14 16:59:15', '2022-11-14 16:59:15'),
(1702, 35, 'university', 'https://picsum.photos/seed/147/987/1163', '2022-11-14 16:59:15', '2022-11-14 16:59:15'),
(1703, 35, 'historian', 'https://picsum.photos/seed/739/760/1300', '2022-11-14 16:59:15', '2022-11-14 16:59:15'),
(1704, 35, 'awareness', 'https://picsum.photos/seed/461/1663/1851', '2022-11-14 16:59:15', '2022-11-14 16:59:15'),
(1705, 35, 'mood', 'https://picsum.photos/seed/199/1032/1704', '2022-11-14 16:59:15', '2022-11-14 16:59:15'),
(1706, 35, 'device', 'https://picsum.photos/seed/372/968/2032', '2022-11-14 16:59:15', '2022-11-14 16:59:15'),
(1707, 35, 'virus', 'https://picsum.photos/seed/973/2466/2090', '2022-11-14 16:59:15', '2022-11-14 16:59:15'),
(1708, 35, 'politics', 'https://picsum.photos/seed/86/2747/1322', '2022-11-14 16:59:15', '2022-11-14 16:59:15'),
(1709, 35, 'girl', 'https://picsum.photos/seed/2500/2116/863', '2022-11-14 16:59:15', '2022-11-14 16:59:15'),
(1710, 35, 'football', 'https://picsum.photos/seed/3649/1292/850', '2022-11-14 16:59:15', '2022-11-14 16:59:15'),
(1711, 35, 'affair', 'https://picsum.photos/seed/3839/2803/1014', '2022-11-14 16:59:15', '2022-11-14 16:59:15'),
(1712, 35, 'wealth', 'https://picsum.photos/seed/1724/2377/1194', '2022-11-14 16:59:15', '2022-11-14 16:59:15'),
(1713, 35, 'charity', 'https://picsum.photos/seed/1835/2186/1891', '2022-11-14 16:59:15', '2022-11-14 16:59:15'),
(1714, 35, 'dealer', 'https://picsum.photos/seed/1835/3747/1241', '2022-11-14 16:59:15', '2022-11-14 16:59:15'),
(1715, 35, 'confusion', 'https://picsum.photos/seed/1717/830/833', '2022-11-14 16:59:15', '2022-11-14 16:59:15'),
(1716, 35, 'event', 'https://picsum.photos/seed/1704/2296/1919', '2022-11-14 16:59:15', '2022-11-14 16:59:15'),
(1717, 35, 'meat', 'https://picsum.photos/seed/3201/1306/1509', '2022-11-14 16:59:15', '2022-11-14 16:59:15'),
(1718, 35, 'distribution', 'https://picsum.photos/seed/91/2091/1601', '2022-11-14 16:59:15', '2022-11-14 16:59:15'),
(1719, 35, 'atmosphere', 'https://picsum.photos/seed/4432/2494/1002', '2022-11-14 16:59:15', '2022-11-14 16:59:15'),
(1720, 35, 'mall', 'https://picsum.photos/seed/1773/997/1533', '2022-11-14 16:59:15', '2022-11-14 16:59:15'),
(1721, 35, 'setting', 'https://picsum.photos/seed/661/1337/1362', '2022-11-14 16:59:15', '2022-11-14 16:59:15'),
(1722, 35, 'reputation', 'https://picsum.photos/seed/2209/1563/994', '2022-11-14 16:59:15', '2022-11-14 16:59:15'),
(1723, 35, 'satisfaction', 'https://picsum.photos/seed/1046/1446/1492', '2022-11-14 16:59:15', '2022-11-14 16:59:15'),
(1724, 35, 'ear', 'https://picsum.photos/seed/3940/1525/1990', '2022-11-14 16:59:15', '2022-11-14 16:59:15'),
(1725, 35, 'guest', 'https://picsum.photos/seed/1238/829/1041', '2022-11-14 16:59:15', '2022-11-14 16:59:15'),
(1726, 35, 'river', 'https://picsum.photos/seed/3056/1377/1180', '2022-11-14 16:59:15', '2022-11-14 16:59:15'),
(1727, 35, 'feedback', 'https://picsum.photos/seed/519/3718/1456', '2022-11-14 16:59:15', '2022-11-14 16:59:15'),
(1728, 35, 'platform', 'https://picsum.photos/seed/4772/1517/1372', '2022-11-14 16:59:15', '2022-11-14 16:59:15'),
(1729, 35, 'pie', 'https://picsum.photos/seed/3584/3286/1590', '2022-11-14 16:59:15', '2022-11-14 16:59:15'),
(1730, 35, 'examination', 'https://picsum.photos/seed/3492/2135/1505', '2022-11-14 16:59:15', '2022-11-14 16:59:15'),
(1731, 35, 'information', 'https://picsum.photos/seed/1361/2637/962', '2022-11-14 16:59:15', '2022-11-14 16:59:15'),
(1732, 35, 'length', 'https://picsum.photos/seed/3371/3047/1097', '2022-11-14 16:59:15', '2022-11-14 16:59:15'),
(1733, 35, 'director', 'https://picsum.photos/seed/3375/1242/1708', '2022-11-14 16:59:15', '2022-11-14 16:59:15'),
(1734, 35, 'history', 'https://picsum.photos/seed/4644/3027/1084', '2022-11-14 16:59:15', '2022-11-14 16:59:15'),
(1735, 35, 'equipment', 'https://picsum.photos/seed/4277/3741/1240', '2022-11-14 16:59:15', '2022-11-14 16:59:15'),
(1736, 35, 'instruction', 'https://picsum.photos/seed/76/3338/2067', '2022-11-14 16:59:15', '2022-11-14 16:59:15'),
(1737, 35, 'personality', 'https://picsum.photos/seed/1007/3131/777', '2022-11-14 16:59:15', '2022-11-14 16:59:15'),
(1738, 35, 'apartment', 'https://picsum.photos/seed/1821/3440/759', '2022-11-14 16:59:15', '2022-11-14 16:59:15'),
(1739, 35, 'employer', 'https://picsum.photos/seed/336/2406/1884', '2022-11-14 16:59:15', '2022-11-14 16:59:15'),
(1740, 35, 'wedding', 'https://picsum.photos/seed/1513/2229/946', '2022-11-14 16:59:15', '2022-11-14 16:59:15'),
(1741, 35, 'youth', 'https://picsum.photos/seed/2830/3672/1138', '2022-11-14 16:59:15', '2022-11-14 16:59:15'),
(1742, 35, 'difference', 'https://picsum.photos/seed/1763/1481/1798', '2022-11-14 16:59:15', '2022-11-14 16:59:15'),
(1743, 35, 'cancer', 'https://picsum.photos/seed/3510/2921/1413', '2022-11-14 16:59:15', '2022-11-14 16:59:15'),
(1744, 35, 'assignment', 'https://picsum.photos/seed/3994/831/902', '2022-11-14 16:59:15', '2022-11-14 16:59:15'),
(1745, 35, 'mud', 'https://picsum.photos/seed/4673/3630/1214', '2022-11-14 16:59:15', '2022-11-14 16:59:15'),
(1746, 35, 'departure', 'https://picsum.photos/seed/588/2321/1216', '2022-11-14 16:59:15', '2022-11-14 16:59:15'),
(1747, 35, 'heart', 'https://picsum.photos/seed/2583/3627/1281', '2022-11-14 16:59:15', '2022-11-14 16:59:15'),
(1748, 35, 'topic', 'https://picsum.photos/seed/2280/2439/1998', '2022-11-14 16:59:15', '2022-11-14 16:59:15'),
(1749, 35, 'climate', 'https://picsum.photos/seed/826/1731/1484', '2022-11-14 16:59:15', '2022-11-14 16:59:15'),
(1750, 35, 'organization', 'https://picsum.photos/seed/2234/2856/1115', '2022-11-14 16:59:15', '2022-11-14 16:59:15'),
(1751, 36, 'decision', 'https://picsum.photos/seed/3188/988/2047', '2022-11-14 16:59:15', '2022-11-14 16:59:15'),
(1752, 36, 'university', 'https://picsum.photos/seed/2032/932/1585', '2022-11-14 16:59:15', '2022-11-14 16:59:15'),
(1753, 36, 'historian', 'https://picsum.photos/seed/3042/2886/1441', '2022-11-14 16:59:15', '2022-11-14 16:59:15'),
(1754, 36, 'awareness', 'https://picsum.photos/seed/4766/932/1409', '2022-11-14 16:59:15', '2022-11-14 16:59:15'),
(1755, 36, 'mood', 'https://picsum.photos/seed/724/2993/1258', '2022-11-14 16:59:15', '2022-11-14 16:59:15'),
(1756, 36, 'device', 'https://picsum.photos/seed/2909/3573/1880', '2022-11-14 16:59:15', '2022-11-14 16:59:15'),
(1757, 36, 'virus', 'https://picsum.photos/seed/4601/3757/871', '2022-11-14 16:59:15', '2022-11-14 16:59:15'),
(1758, 36, 'politics', 'https://picsum.photos/seed/3022/3556/1272', '2022-11-14 16:59:15', '2022-11-14 16:59:15'),
(1759, 36, 'girl', 'https://picsum.photos/seed/3813/1460/1248', '2022-11-14 16:59:15', '2022-11-14 16:59:15'),
(1760, 36, 'football', 'https://picsum.photos/seed/3019/3193/1052', '2022-11-14 16:59:15', '2022-11-14 16:59:15'),
(1761, 36, 'affair', 'https://picsum.photos/seed/773/1781/1643', '2022-11-14 16:59:15', '2022-11-14 16:59:15'),
(1762, 36, 'wealth', 'https://picsum.photos/seed/3457/1813/894', '2022-11-14 16:59:15', '2022-11-14 16:59:15'),
(1763, 36, 'charity', 'https://picsum.photos/seed/4885/1971/2150', '2022-11-14 16:59:15', '2022-11-14 16:59:15'),
(1764, 36, 'dealer', 'https://picsum.photos/seed/1349/1580/1925', '2022-11-14 16:59:15', '2022-11-14 16:59:15'),
(1765, 36, 'confusion', 'https://picsum.photos/seed/1861/3043/1950', '2022-11-14 16:59:16', '2022-11-14 16:59:16'),
(1766, 36, 'event', 'https://picsum.photos/seed/1151/3794/1970', '2022-11-14 16:59:16', '2022-11-14 16:59:16'),
(1767, 36, 'meat', 'https://picsum.photos/seed/3294/3829/1008', '2022-11-14 16:59:16', '2022-11-14 16:59:16'),
(1768, 36, 'distribution', 'https://picsum.photos/seed/2873/3311/1141', '2022-11-14 16:59:16', '2022-11-14 16:59:16'),
(1769, 36, 'atmosphere', 'https://picsum.photos/seed/3799/3309/1398', '2022-11-14 16:59:16', '2022-11-14 16:59:16'),
(1770, 36, 'mall', 'https://picsum.photos/seed/3678/3833/2110', '2022-11-14 16:59:16', '2022-11-14 16:59:16'),
(1771, 36, 'setting', 'https://picsum.photos/seed/320/3188/824', '2022-11-14 16:59:16', '2022-11-14 16:59:16'),
(1772, 36, 'reputation', 'https://picsum.photos/seed/3310/1378/742', '2022-11-14 16:59:16', '2022-11-14 16:59:16'),
(1773, 36, 'satisfaction', 'https://picsum.photos/seed/985/3582/1336', '2022-11-14 16:59:16', '2022-11-14 16:59:16'),
(1774, 36, 'ear', 'https://picsum.photos/seed/2714/959/2148', '2022-11-14 16:59:16', '2022-11-14 16:59:16'),
(1775, 36, 'guest', 'https://picsum.photos/seed/2936/3352/1592', '2022-11-14 16:59:16', '2022-11-14 16:59:16'),
(1776, 36, 'river', 'https://picsum.photos/seed/4241/962/1129', '2022-11-14 16:59:16', '2022-11-14 16:59:16'),
(1777, 36, 'feedback', 'https://picsum.photos/seed/1665/756/1898', '2022-11-14 16:59:16', '2022-11-14 16:59:16'),
(1778, 36, 'platform', 'https://picsum.photos/seed/3699/1420/1652', '2022-11-14 16:59:16', '2022-11-14 16:59:16'),
(1779, 36, 'pie', 'https://picsum.photos/seed/4908/2679/1642', '2022-11-14 16:59:16', '2022-11-14 16:59:16'),
(1780, 36, 'examination', 'https://picsum.photos/seed/3202/3838/2149', '2022-11-14 16:59:16', '2022-11-14 16:59:16'),
(1781, 36, 'information', 'https://picsum.photos/seed/3863/856/2112', '2022-11-14 16:59:16', '2022-11-14 16:59:16'),
(1782, 36, 'length', 'https://picsum.photos/seed/4360/2131/1890', '2022-11-14 16:59:16', '2022-11-14 16:59:16'),
(1783, 36, 'director', 'https://picsum.photos/seed/2191/3779/849', '2022-11-14 16:59:16', '2022-11-14 16:59:16'),
(1784, 36, 'history', 'https://picsum.photos/seed/4638/2547/1142', '2022-11-14 16:59:16', '2022-11-14 16:59:16'),
(1785, 36, 'equipment', 'https://picsum.photos/seed/3958/1538/1189', '2022-11-14 16:59:16', '2022-11-14 16:59:16'),
(1786, 36, 'instruction', 'https://picsum.photos/seed/4671/2906/744', '2022-11-14 16:59:16', '2022-11-14 16:59:16'),
(1787, 36, 'personality', 'https://picsum.photos/seed/3985/1551/1718', '2022-11-14 16:59:16', '2022-11-14 16:59:16'),
(1788, 36, 'apartment', 'https://picsum.photos/seed/238/1451/2032', '2022-11-14 16:59:16', '2022-11-14 16:59:16'),
(1789, 36, 'employer', 'https://picsum.photos/seed/4796/724/1729', '2022-11-14 16:59:16', '2022-11-14 16:59:16'),
(1790, 36, 'wedding', 'https://picsum.photos/seed/2754/1704/976', '2022-11-14 16:59:16', '2022-11-14 16:59:16'),
(1791, 36, 'youth', 'https://picsum.photos/seed/4858/2565/2067', '2022-11-14 16:59:16', '2022-11-14 16:59:16'),
(1792, 36, 'difference', 'https://picsum.photos/seed/2802/2276/1460', '2022-11-14 16:59:16', '2022-11-14 16:59:16'),
(1793, 36, 'cancer', 'https://picsum.photos/seed/33/1722/1179', '2022-11-14 16:59:16', '2022-11-14 16:59:16'),
(1794, 36, 'assignment', 'https://picsum.photos/seed/1090/1368/1543', '2022-11-14 16:59:16', '2022-11-14 16:59:16');
INSERT INTO `picture` (`id`, `id_galery`, `title`, `name_file`, `created_at`, `updated_at`) VALUES
(1795, 36, 'mud', 'https://picsum.photos/seed/3490/1189/2090', '2022-11-14 16:59:16', '2022-11-14 16:59:16'),
(1796, 36, 'departure', 'https://picsum.photos/seed/4128/3519/1057', '2022-11-14 16:59:16', '2022-11-14 16:59:16'),
(1797, 36, 'heart', 'https://picsum.photos/seed/373/1861/1689', '2022-11-14 16:59:16', '2022-11-14 16:59:16'),
(1798, 36, 'topic', 'https://picsum.photos/seed/1162/2826/1484', '2022-11-14 16:59:16', '2022-11-14 16:59:16'),
(1799, 36, 'climate', 'https://picsum.photos/seed/4424/1476/1986', '2022-11-14 16:59:16', '2022-11-14 16:59:16'),
(1800, 36, 'organization', 'https://picsum.photos/seed/3981/1341/1372', '2022-11-14 16:59:16', '2022-11-14 16:59:16'),
(1801, 37, 'decision', 'https://picsum.photos/seed/3211/2819/877', '2022-11-14 16:59:16', '2022-11-14 16:59:16'),
(1802, 37, 'university', 'https://picsum.photos/seed/112/769/1102', '2022-11-14 16:59:16', '2022-11-14 16:59:16'),
(1803, 37, 'historian', 'https://picsum.photos/seed/865/3781/827', '2022-11-14 16:59:16', '2022-11-14 16:59:16'),
(1804, 37, 'awareness', 'https://picsum.photos/seed/1790/3110/1493', '2022-11-14 16:59:16', '2022-11-14 16:59:16'),
(1805, 37, 'mood', 'https://picsum.photos/seed/4695/1961/1014', '2022-11-14 16:59:16', '2022-11-14 16:59:16'),
(1806, 37, 'device', 'https://picsum.photos/seed/1966/3548/1236', '2022-11-14 16:59:16', '2022-11-14 16:59:16'),
(1807, 37, 'virus', 'https://picsum.photos/seed/2525/2353/1609', '2022-11-14 16:59:16', '2022-11-14 16:59:16'),
(1808, 37, 'politics', 'https://picsum.photos/seed/4281/1449/1891', '2022-11-14 16:59:16', '2022-11-14 16:59:16'),
(1809, 37, 'girl', 'https://picsum.photos/seed/1845/3255/1177', '2022-11-14 16:59:16', '2022-11-14 16:59:16'),
(1810, 37, 'football', 'https://picsum.photos/seed/90/2709/1248', '2022-11-14 16:59:16', '2022-11-14 16:59:16'),
(1811, 37, 'affair', 'https://picsum.photos/seed/1156/1367/2122', '2022-11-14 16:59:16', '2022-11-14 16:59:16'),
(1812, 37, 'wealth', 'https://picsum.photos/seed/2531/1136/1757', '2022-11-14 16:59:16', '2022-11-14 16:59:16'),
(1813, 37, 'charity', 'https://picsum.photos/seed/1418/1014/2036', '2022-11-14 16:59:16', '2022-11-14 16:59:16'),
(1814, 37, 'dealer', 'https://picsum.photos/seed/1047/2562/1249', '2022-11-14 16:59:16', '2022-11-14 16:59:16'),
(1815, 37, 'confusion', 'https://picsum.photos/seed/4028/1584/1330', '2022-11-14 16:59:16', '2022-11-14 16:59:16'),
(1816, 37, 'event', 'https://picsum.photos/seed/4495/3233/1935', '2022-11-14 16:59:16', '2022-11-14 16:59:16'),
(1817, 37, 'meat', 'https://picsum.photos/seed/3028/1189/877', '2022-11-14 16:59:16', '2022-11-14 16:59:16'),
(1818, 37, 'distribution', 'https://picsum.photos/seed/3028/1324/957', '2022-11-14 16:59:16', '2022-11-14 16:59:16'),
(1819, 37, 'atmosphere', 'https://picsum.photos/seed/3664/993/1681', '2022-11-14 16:59:16', '2022-11-14 16:59:16'),
(1820, 37, 'mall', 'https://picsum.photos/seed/773/871/1796', '2022-11-14 16:59:16', '2022-11-14 16:59:16'),
(1821, 37, 'setting', 'https://picsum.photos/seed/1446/3120/1096', '2022-11-14 16:59:16', '2022-11-14 16:59:16'),
(1822, 37, 'reputation', 'https://picsum.photos/seed/3365/2194/1941', '2022-11-14 16:59:16', '2022-11-14 16:59:16'),
(1823, 37, 'satisfaction', 'https://picsum.photos/seed/3421/3786/1029', '2022-11-14 16:59:16', '2022-11-14 16:59:16'),
(1824, 37, 'ear', 'https://picsum.photos/seed/2281/848/1146', '2022-11-14 16:59:16', '2022-11-14 16:59:16'),
(1825, 37, 'guest', 'https://picsum.photos/seed/2257/2984/961', '2022-11-14 16:59:16', '2022-11-14 16:59:16'),
(1826, 37, 'river', 'https://picsum.photos/seed/4400/3008/2140', '2022-11-14 16:59:16', '2022-11-14 16:59:16'),
(1827, 37, 'feedback', 'https://picsum.photos/seed/3655/2742/1894', '2022-11-14 16:59:16', '2022-11-14 16:59:16'),
(1828, 37, 'platform', 'https://picsum.photos/seed/3672/1431/805', '2022-11-14 16:59:16', '2022-11-14 16:59:16'),
(1829, 37, 'pie', 'https://picsum.photos/seed/2844/2333/1003', '2022-11-14 16:59:16', '2022-11-14 16:59:16'),
(1830, 37, 'examination', 'https://picsum.photos/seed/826/738/1191', '2022-11-14 16:59:16', '2022-11-14 16:59:16'),
(1831, 37, 'information', 'https://picsum.photos/seed/4642/2976/2132', '2022-11-14 16:59:16', '2022-11-14 16:59:16'),
(1832, 37, 'length', 'https://picsum.photos/seed/4818/3545/806', '2022-11-14 16:59:16', '2022-11-14 16:59:16'),
(1833, 37, 'director', 'https://picsum.photos/seed/4011/2536/1886', '2022-11-14 16:59:16', '2022-11-14 16:59:16'),
(1834, 37, 'history', 'https://picsum.photos/seed/4396/1304/1511', '2022-11-14 16:59:16', '2022-11-14 16:59:16'),
(1835, 37, 'equipment', 'https://picsum.photos/seed/2932/1951/1805', '2022-11-14 16:59:16', '2022-11-14 16:59:16'),
(1836, 37, 'instruction', 'https://picsum.photos/seed/4615/1375/1984', '2022-11-14 16:59:16', '2022-11-14 16:59:16'),
(1837, 37, 'personality', 'https://picsum.photos/seed/771/3820/720', '2022-11-14 16:59:16', '2022-11-14 16:59:16'),
(1838, 37, 'apartment', 'https://picsum.photos/seed/4148/3207/1686', '2022-11-14 16:59:16', '2022-11-14 16:59:16'),
(1839, 37, 'employer', 'https://picsum.photos/seed/4040/3352/1542', '2022-11-14 16:59:16', '2022-11-14 16:59:16'),
(1840, 37, 'wedding', 'https://picsum.photos/seed/3161/2332/1559', '2022-11-14 16:59:16', '2022-11-14 16:59:16'),
(1841, 37, 'youth', 'https://picsum.photos/seed/2375/1767/1606', '2022-11-14 16:59:16', '2022-11-14 16:59:16'),
(1842, 37, 'difference', 'https://picsum.photos/seed/2864/3011/727', '2022-11-14 16:59:16', '2022-11-14 16:59:16'),
(1843, 37, 'cancer', 'https://picsum.photos/seed/393/1017/1805', '2022-11-14 16:59:16', '2022-11-14 16:59:16'),
(1844, 37, 'assignment', 'https://picsum.photos/seed/2932/3684/1662', '2022-11-14 16:59:16', '2022-11-14 16:59:16'),
(1845, 37, 'mud', 'https://picsum.photos/seed/3865/3015/849', '2022-11-14 16:59:16', '2022-11-14 16:59:16'),
(1846, 37, 'departure', 'https://picsum.photos/seed/4447/3165/1696', '2022-11-14 16:59:16', '2022-11-14 16:59:16'),
(1847, 37, 'heart', 'https://picsum.photos/seed/797/3547/1925', '2022-11-14 16:59:16', '2022-11-14 16:59:16'),
(1848, 37, 'topic', 'https://picsum.photos/seed/2931/1687/802', '2022-11-14 16:59:16', '2022-11-14 16:59:16'),
(1849, 37, 'climate', 'https://picsum.photos/seed/4089/1340/1124', '2022-11-14 16:59:16', '2022-11-14 16:59:16'),
(1850, 37, 'organization', 'https://picsum.photos/seed/1811/1472/1258', '2022-11-14 16:59:16', '2022-11-14 16:59:16'),
(1851, 38, 'decision', 'https://picsum.photos/seed/460/2316/1757', '2022-11-14 16:59:16', '2022-11-14 16:59:16'),
(1852, 38, 'university', 'https://picsum.photos/seed/1792/2399/1698', '2022-11-14 16:59:16', '2022-11-14 16:59:16'),
(1853, 38, 'historian', 'https://picsum.photos/seed/231/2870/1367', '2022-11-14 16:59:16', '2022-11-14 16:59:16'),
(1854, 38, 'awareness', 'https://picsum.photos/seed/124/3436/1462', '2022-11-14 16:59:16', '2022-11-14 16:59:16'),
(1855, 38, 'mood', 'https://picsum.photos/seed/1833/2385/1852', '2022-11-14 16:59:16', '2022-11-14 16:59:16'),
(1856, 38, 'device', 'https://picsum.photos/seed/1093/1680/1075', '2022-11-14 16:59:16', '2022-11-14 16:59:16'),
(1857, 38, 'virus', 'https://picsum.photos/seed/4652/2776/897', '2022-11-14 16:59:16', '2022-11-14 16:59:16'),
(1858, 38, 'politics', 'https://picsum.photos/seed/2728/2507/1668', '2022-11-14 16:59:16', '2022-11-14 16:59:16'),
(1859, 38, 'girl', 'https://picsum.photos/seed/1759/1825/1520', '2022-11-14 16:59:16', '2022-11-14 16:59:16'),
(1860, 38, 'football', 'https://picsum.photos/seed/1873/3626/2002', '2022-11-14 16:59:16', '2022-11-14 16:59:16'),
(1861, 38, 'affair', 'https://picsum.photos/seed/2009/1008/1081', '2022-11-14 16:59:16', '2022-11-14 16:59:16'),
(1862, 38, 'wealth', 'https://picsum.photos/seed/4387/1085/1132', '2022-11-14 16:59:16', '2022-11-14 16:59:16'),
(1863, 38, 'charity', 'https://picsum.photos/seed/1686/1156/1614', '2022-11-14 16:59:16', '2022-11-14 16:59:16'),
(1864, 38, 'dealer', 'https://picsum.photos/seed/4203/3501/1358', '2022-11-14 16:59:16', '2022-11-14 16:59:16'),
(1865, 38, 'confusion', 'https://picsum.photos/seed/469/3829/1600', '2022-11-14 16:59:16', '2022-11-14 16:59:16'),
(1866, 38, 'event', 'https://picsum.photos/seed/4769/2850/1832', '2022-11-14 16:59:16', '2022-11-14 16:59:16'),
(1867, 38, 'meat', 'https://picsum.photos/seed/3699/2113/1685', '2022-11-14 16:59:16', '2022-11-14 16:59:16'),
(1868, 38, 'distribution', 'https://picsum.photos/seed/4231/976/1146', '2022-11-14 16:59:16', '2022-11-14 16:59:16'),
(1869, 38, 'atmosphere', 'https://picsum.photos/seed/4056/2004/1474', '2022-11-14 16:59:16', '2022-11-14 16:59:16'),
(1870, 38, 'mall', 'https://picsum.photos/seed/3568/2044/927', '2022-11-14 16:59:16', '2022-11-14 16:59:16'),
(1871, 38, 'setting', 'https://picsum.photos/seed/2860/942/1256', '2022-11-14 16:59:17', '2022-11-14 16:59:17'),
(1872, 38, 'reputation', 'https://picsum.photos/seed/2696/1752/2084', '2022-11-14 16:59:17', '2022-11-14 16:59:17'),
(1873, 38, 'satisfaction', 'https://picsum.photos/seed/245/922/1773', '2022-11-14 16:59:17', '2022-11-14 16:59:17'),
(1874, 38, 'ear', 'https://picsum.photos/seed/1429/1042/888', '2022-11-14 16:59:17', '2022-11-14 16:59:17'),
(1875, 38, 'guest', 'https://picsum.photos/seed/112/2476/1714', '2022-11-14 16:59:17', '2022-11-14 16:59:17'),
(1876, 38, 'river', 'https://picsum.photos/seed/3532/1890/1038', '2022-11-14 16:59:17', '2022-11-14 16:59:17'),
(1877, 38, 'feedback', 'https://picsum.photos/seed/2628/2357/1437', '2022-11-14 16:59:17', '2022-11-14 16:59:17'),
(1878, 38, 'platform', 'https://picsum.photos/seed/824/2945/1508', '2022-11-14 16:59:17', '2022-11-14 16:59:17'),
(1879, 38, 'pie', 'https://picsum.photos/seed/2366/3804/2076', '2022-11-14 16:59:17', '2022-11-14 16:59:17'),
(1880, 38, 'examination', 'https://picsum.photos/seed/4965/2925/2099', '2022-11-14 16:59:17', '2022-11-14 16:59:17'),
(1881, 38, 'information', 'https://picsum.photos/seed/147/774/1425', '2022-11-14 16:59:17', '2022-11-14 16:59:17'),
(1882, 38, 'length', 'https://picsum.photos/seed/549/3200/1532', '2022-11-14 16:59:17', '2022-11-14 16:59:17'),
(1883, 38, 'director', 'https://picsum.photos/seed/4980/2604/1122', '2022-11-14 16:59:17', '2022-11-14 16:59:17'),
(1884, 38, 'history', 'https://picsum.photos/seed/2400/3381/960', '2022-11-14 16:59:17', '2022-11-14 16:59:17'),
(1885, 38, 'equipment', 'https://picsum.photos/seed/2734/1725/1453', '2022-11-14 16:59:17', '2022-11-14 16:59:17'),
(1886, 38, 'instruction', 'https://picsum.photos/seed/4479/2059/1173', '2022-11-14 16:59:17', '2022-11-14 16:59:17'),
(1887, 38, 'personality', 'https://picsum.photos/seed/1597/1320/1688', '2022-11-14 16:59:17', '2022-11-14 16:59:17'),
(1888, 38, 'apartment', 'https://picsum.photos/seed/304/902/957', '2022-11-14 16:59:17', '2022-11-14 16:59:17'),
(1889, 38, 'employer', 'https://picsum.photos/seed/3824/2729/1802', '2022-11-14 16:59:17', '2022-11-14 16:59:17'),
(1890, 38, 'wedding', 'https://picsum.photos/seed/2327/3565/2037', '2022-11-14 16:59:17', '2022-11-14 16:59:17'),
(1891, 38, 'youth', 'https://picsum.photos/seed/1174/3758/1043', '2022-11-14 16:59:17', '2022-11-14 16:59:17'),
(1892, 38, 'difference', 'https://picsum.photos/seed/993/2702/1851', '2022-11-14 16:59:17', '2022-11-14 16:59:17'),
(1893, 38, 'cancer', 'https://picsum.photos/seed/4189/3324/2053', '2022-11-14 16:59:17', '2022-11-14 16:59:17'),
(1894, 38, 'assignment', 'https://picsum.photos/seed/1499/2279/1843', '2022-11-14 16:59:17', '2022-11-14 16:59:17'),
(1895, 38, 'mud', 'https://picsum.photos/seed/1873/3551/1293', '2022-11-14 16:59:17', '2022-11-14 16:59:17'),
(1896, 38, 'departure', 'https://picsum.photos/seed/2025/1209/2065', '2022-11-14 16:59:17', '2022-11-14 16:59:17'),
(1897, 38, 'heart', 'https://picsum.photos/seed/4152/936/767', '2022-11-14 16:59:17', '2022-11-14 16:59:17'),
(1898, 38, 'topic', 'https://picsum.photos/seed/427/948/1297', '2022-11-14 16:59:17', '2022-11-14 16:59:17'),
(1899, 38, 'climate', 'https://picsum.photos/seed/2175/887/1222', '2022-11-14 16:59:17', '2022-11-14 16:59:17'),
(1900, 38, 'organization', 'https://picsum.photos/seed/4466/2589/2108', '2022-11-14 16:59:17', '2022-11-14 16:59:17'),
(1901, 39, 'decision', 'https://picsum.photos/seed/2908/3128/1407', '2022-11-14 16:59:17', '2022-11-14 16:59:17'),
(1902, 39, 'university', 'https://picsum.photos/seed/1594/3187/811', '2022-11-14 16:59:17', '2022-11-14 16:59:17'),
(1903, 39, 'historian', 'https://picsum.photos/seed/2678/2305/1881', '2022-11-14 16:59:17', '2022-11-14 16:59:17'),
(1904, 39, 'awareness', 'https://picsum.photos/seed/619/3089/1133', '2022-11-14 16:59:17', '2022-11-14 16:59:17'),
(1905, 39, 'mood', 'https://picsum.photos/seed/3582/3250/1940', '2022-11-14 16:59:17', '2022-11-14 16:59:17'),
(1906, 39, 'device', 'https://picsum.photos/seed/4472/2109/1253', '2022-11-14 16:59:17', '2022-11-14 16:59:17'),
(1907, 39, 'virus', 'https://picsum.photos/seed/3452/3779/794', '2022-11-14 16:59:17', '2022-11-14 16:59:17'),
(1908, 39, 'politics', 'https://picsum.photos/seed/501/904/793', '2022-11-14 16:59:17', '2022-11-14 16:59:17'),
(1909, 39, 'girl', 'https://picsum.photos/seed/4517/2527/1632', '2022-11-14 16:59:17', '2022-11-14 16:59:17'),
(1910, 39, 'football', 'https://picsum.photos/seed/1916/914/1683', '2022-11-14 16:59:17', '2022-11-14 16:59:17'),
(1911, 39, 'affair', 'https://picsum.photos/seed/3126/1531/2011', '2022-11-14 16:59:17', '2022-11-14 16:59:17'),
(1912, 39, 'wealth', 'https://picsum.photos/seed/1993/1390/1852', '2022-11-14 16:59:17', '2022-11-14 16:59:17'),
(1913, 39, 'charity', 'https://picsum.photos/seed/2437/3703/1193', '2022-11-14 16:59:17', '2022-11-14 16:59:17'),
(1914, 39, 'dealer', 'https://picsum.photos/seed/1633/3633/1546', '2022-11-14 16:59:17', '2022-11-14 16:59:17'),
(1915, 39, 'confusion', 'https://picsum.photos/seed/4596/2743/1470', '2022-11-14 16:59:17', '2022-11-14 16:59:17'),
(1916, 39, 'event', 'https://picsum.photos/seed/2876/3346/1710', '2022-11-14 16:59:17', '2022-11-14 16:59:17'),
(1917, 39, 'meat', 'https://picsum.photos/seed/1427/1761/1492', '2022-11-14 16:59:17', '2022-11-14 16:59:17'),
(1918, 39, 'distribution', 'https://picsum.photos/seed/1840/2905/1371', '2022-11-14 16:59:17', '2022-11-14 16:59:17'),
(1919, 39, 'atmosphere', 'https://picsum.photos/seed/244/2651/2109', '2022-11-14 16:59:17', '2022-11-14 16:59:17'),
(1920, 39, 'mall', 'https://picsum.photos/seed/3728/3436/843', '2022-11-14 16:59:17', '2022-11-14 16:59:17'),
(1921, 39, 'setting', 'https://picsum.photos/seed/767/3201/1160', '2022-11-14 16:59:17', '2022-11-14 16:59:17'),
(1922, 39, 'reputation', 'https://picsum.photos/seed/2952/1601/970', '2022-11-14 16:59:17', '2022-11-14 16:59:17'),
(1923, 39, 'satisfaction', 'https://picsum.photos/seed/1318/2497/2112', '2022-11-14 16:59:17', '2022-11-14 16:59:17'),
(1924, 39, 'ear', 'https://picsum.photos/seed/3261/2217/1651', '2022-11-14 16:59:17', '2022-11-14 16:59:17'),
(1925, 39, 'guest', 'https://picsum.photos/seed/4025/1070/1143', '2022-11-14 16:59:17', '2022-11-14 16:59:17'),
(1926, 39, 'river', 'https://picsum.photos/seed/1149/3553/1966', '2022-11-14 16:59:17', '2022-11-14 16:59:17'),
(1927, 39, 'feedback', 'https://picsum.photos/seed/1641/1461/2020', '2022-11-14 16:59:17', '2022-11-14 16:59:17'),
(1928, 39, 'platform', 'https://picsum.photos/seed/1411/2946/1924', '2022-11-14 16:59:17', '2022-11-14 16:59:17'),
(1929, 39, 'pie', 'https://picsum.photos/seed/266/3412/738', '2022-11-14 16:59:17', '2022-11-14 16:59:17'),
(1930, 39, 'examination', 'https://picsum.photos/seed/1283/3803/1705', '2022-11-14 16:59:17', '2022-11-14 16:59:17'),
(1931, 39, 'information', 'https://picsum.photos/seed/973/3635/1636', '2022-11-14 16:59:17', '2022-11-14 16:59:17'),
(1932, 39, 'length', 'https://picsum.photos/seed/127/2684/863', '2022-11-14 16:59:17', '2022-11-14 16:59:17'),
(1933, 39, 'director', 'https://picsum.photos/seed/2417/1730/829', '2022-11-14 16:59:17', '2022-11-14 16:59:17'),
(1934, 39, 'history', 'https://picsum.photos/seed/968/1504/1997', '2022-11-14 16:59:17', '2022-11-14 16:59:17'),
(1935, 39, 'equipment', 'https://picsum.photos/seed/1456/745/1559', '2022-11-14 16:59:17', '2022-11-14 16:59:17'),
(1936, 39, 'instruction', 'https://picsum.photos/seed/2882/835/1453', '2022-11-14 16:59:17', '2022-11-14 16:59:17'),
(1937, 39, 'personality', 'https://picsum.photos/seed/3845/1404/1651', '2022-11-14 16:59:17', '2022-11-14 16:59:17'),
(1938, 39, 'apartment', 'https://picsum.photos/seed/821/2804/1973', '2022-11-14 16:59:17', '2022-11-14 16:59:17'),
(1939, 39, 'employer', 'https://picsum.photos/seed/2552/1403/1331', '2022-11-14 16:59:17', '2022-11-14 16:59:17'),
(1940, 39, 'wedding', 'https://picsum.photos/seed/4049/2769/1357', '2022-11-14 16:59:17', '2022-11-14 16:59:17'),
(1941, 39, 'youth', 'https://picsum.photos/seed/2631/2913/1179', '2022-11-14 16:59:17', '2022-11-14 16:59:17'),
(1942, 39, 'difference', 'https://picsum.photos/seed/130/2858/1585', '2022-11-14 16:59:17', '2022-11-14 16:59:17'),
(1943, 39, 'cancer', 'https://picsum.photos/seed/323/2429/1294', '2022-11-14 16:59:17', '2022-11-14 16:59:17'),
(1944, 39, 'assignment', 'https://picsum.photos/seed/3817/2212/1215', '2022-11-14 16:59:17', '2022-11-14 16:59:17'),
(1945, 39, 'mud', 'https://picsum.photos/seed/1269/2015/763', '2022-11-14 16:59:17', '2022-11-14 16:59:17'),
(1946, 39, 'departure', 'https://picsum.photos/seed/2905/3670/1965', '2022-11-14 16:59:17', '2022-11-14 16:59:17'),
(1947, 39, 'heart', 'https://picsum.photos/seed/3419/1253/1492', '2022-11-14 16:59:17', '2022-11-14 16:59:17'),
(1948, 39, 'topic', 'https://picsum.photos/seed/1722/2290/1135', '2022-11-14 16:59:17', '2022-11-14 16:59:17'),
(1949, 39, 'climate', 'https://picsum.photos/seed/2086/2222/829', '2022-11-14 16:59:17', '2022-11-14 16:59:17'),
(1950, 39, 'organization', 'https://picsum.photos/seed/2625/764/1242', '2022-11-14 16:59:17', '2022-11-14 16:59:17'),
(1951, 40, 'decision', 'https://picsum.photos/seed/4092/1408/963', '2022-11-14 16:59:17', '2022-11-14 16:59:17'),
(1952, 40, 'university', 'https://picsum.photos/seed/4395/2763/922', '2022-11-14 16:59:17', '2022-11-14 16:59:17'),
(1953, 40, 'historian', 'https://picsum.photos/seed/1971/2529/1346', '2022-11-14 16:59:17', '2022-11-14 16:59:17'),
(1954, 40, 'awareness', 'https://picsum.photos/seed/1418/1853/1254', '2022-11-14 16:59:17', '2022-11-14 16:59:17'),
(1955, 40, 'mood', 'https://picsum.photos/seed/182/793/1580', '2022-11-14 16:59:17', '2022-11-14 16:59:17'),
(1956, 40, 'device', 'https://picsum.photos/seed/3182/1263/939', '2022-11-14 16:59:17', '2022-11-14 16:59:17'),
(1957, 40, 'virus', 'https://picsum.photos/seed/494/807/773', '2022-11-14 16:59:17', '2022-11-14 16:59:17'),
(1958, 40, 'politics', 'https://picsum.photos/seed/4262/3707/1730', '2022-11-14 16:59:17', '2022-11-14 16:59:17'),
(1959, 40, 'girl', 'https://picsum.photos/seed/156/1486/989', '2022-11-14 16:59:17', '2022-11-14 16:59:17'),
(1960, 40, 'football', 'https://picsum.photos/seed/4882/3162/858', '2022-11-14 16:59:17', '2022-11-14 16:59:17'),
(1961, 40, 'affair', 'https://picsum.photos/seed/993/901/1952', '2022-11-14 16:59:17', '2022-11-14 16:59:17'),
(1962, 40, 'wealth', 'https://picsum.photos/seed/2816/2315/1870', '2022-11-14 16:59:17', '2022-11-14 16:59:17'),
(1963, 40, 'charity', 'https://picsum.photos/seed/4381/3681/1572', '2022-11-14 16:59:17', '2022-11-14 16:59:17'),
(1964, 40, 'dealer', 'https://picsum.photos/seed/1815/2945/1502', '2022-11-14 16:59:17', '2022-11-14 16:59:17'),
(1965, 40, 'confusion', 'https://picsum.photos/seed/1773/2925/1607', '2022-11-14 16:59:17', '2022-11-14 16:59:17'),
(1966, 40, 'event', 'https://picsum.photos/seed/1274/735/1199', '2022-11-14 16:59:17', '2022-11-14 16:59:17'),
(1967, 40, 'meat', 'https://picsum.photos/seed/4061/2336/1752', '2022-11-14 16:59:17', '2022-11-14 16:59:17'),
(1968, 40, 'distribution', 'https://picsum.photos/seed/3565/943/951', '2022-11-14 16:59:17', '2022-11-14 16:59:17'),
(1969, 40, 'atmosphere', 'https://picsum.photos/seed/333/1971/1083', '2022-11-14 16:59:17', '2022-11-14 16:59:17'),
(1970, 40, 'mall', 'https://picsum.photos/seed/4695/1820/1372', '2022-11-14 16:59:17', '2022-11-14 16:59:17'),
(1971, 40, 'setting', 'https://picsum.photos/seed/3743/1330/1277', '2022-11-14 16:59:17', '2022-11-14 16:59:17'),
(1972, 40, 'reputation', 'https://picsum.photos/seed/4718/1126/1664', '2022-11-14 16:59:17', '2022-11-14 16:59:17'),
(1973, 40, 'satisfaction', 'https://picsum.photos/seed/2690/3265/1403', '2022-11-14 16:59:17', '2022-11-14 16:59:17'),
(1974, 40, 'ear', 'https://picsum.photos/seed/2001/2044/1669', '2022-11-14 16:59:17', '2022-11-14 16:59:17'),
(1975, 40, 'guest', 'https://picsum.photos/seed/4522/3417/2119', '2022-11-14 16:59:17', '2022-11-14 16:59:17'),
(1976, 40, 'river', 'https://picsum.photos/seed/4184/2957/1137', '2022-11-14 16:59:17', '2022-11-14 16:59:17'),
(1977, 40, 'feedback', 'https://picsum.photos/seed/178/3247/1956', '2022-11-14 16:59:17', '2022-11-14 16:59:17'),
(1978, 40, 'platform', 'https://picsum.photos/seed/3937/1429/1057', '2022-11-14 16:59:17', '2022-11-14 16:59:17'),
(1979, 40, 'pie', 'https://picsum.photos/seed/481/3772/1723', '2022-11-14 16:59:17', '2022-11-14 16:59:17'),
(1980, 40, 'examination', 'https://picsum.photos/seed/3304/2208/1687', '2022-11-14 16:59:17', '2022-11-14 16:59:17'),
(1981, 40, 'information', 'https://picsum.photos/seed/2911/2299/1525', '2022-11-14 16:59:17', '2022-11-14 16:59:17'),
(1982, 40, 'length', 'https://picsum.photos/seed/4556/1407/1713', '2022-11-14 16:59:17', '2022-11-14 16:59:17'),
(1983, 40, 'director', 'https://picsum.photos/seed/271/766/785', '2022-11-14 16:59:17', '2022-11-14 16:59:17'),
(1984, 40, 'history', 'https://picsum.photos/seed/673/805/1726', '2022-11-14 16:59:18', '2022-11-14 16:59:18'),
(1985, 40, 'equipment', 'https://picsum.photos/seed/1123/1531/2093', '2022-11-14 16:59:18', '2022-11-14 16:59:18'),
(1986, 40, 'instruction', 'https://picsum.photos/seed/2836/2145/2084', '2022-11-14 16:59:18', '2022-11-14 16:59:18'),
(1987, 40, 'personality', 'https://picsum.photos/seed/1213/1246/1423', '2022-11-14 16:59:18', '2022-11-14 16:59:18'),
(1988, 40, 'apartment', 'https://picsum.photos/seed/3835/1005/2107', '2022-11-14 16:59:18', '2022-11-14 16:59:18'),
(1989, 40, 'employer', 'https://picsum.photos/seed/4761/1011/1021', '2022-11-14 16:59:18', '2022-11-14 16:59:18'),
(1990, 40, 'wedding', 'https://picsum.photos/seed/101/1728/2153', '2022-11-14 16:59:18', '2022-11-14 16:59:18'),
(1991, 40, 'youth', 'https://picsum.photos/seed/1186/1029/1910', '2022-11-14 16:59:18', '2022-11-14 16:59:18'),
(1992, 40, 'difference', 'https://picsum.photos/seed/2893/1127/1523', '2022-11-14 16:59:18', '2022-11-14 16:59:18'),
(1993, 40, 'cancer', 'https://picsum.photos/seed/3429/3565/1231', '2022-11-14 16:59:18', '2022-11-14 16:59:18'),
(1994, 40, 'assignment', 'https://picsum.photos/seed/4159/2824/1105', '2022-11-14 16:59:18', '2022-11-14 16:59:18'),
(1995, 40, 'mud', 'https://picsum.photos/seed/3881/2949/1615', '2022-11-14 16:59:18', '2022-11-14 16:59:18'),
(1996, 40, 'departure', 'https://picsum.photos/seed/2135/907/1596', '2022-11-14 16:59:18', '2022-11-14 16:59:18'),
(1997, 40, 'heart', 'https://picsum.photos/seed/4942/2516/1841', '2022-11-14 16:59:18', '2022-11-14 16:59:18'),
(1998, 40, 'topic', 'https://picsum.photos/seed/2529/2066/1118', '2022-11-14 16:59:18', '2022-11-14 16:59:18'),
(1999, 40, 'climate', 'https://picsum.photos/seed/2613/758/1544', '2022-11-14 16:59:18', '2022-11-14 16:59:18'),
(2000, 40, 'organization', 'https://picsum.photos/seed/2921/2172/1018', '2022-11-14 16:59:18', '2022-11-14 16:59:18'),
(2001, 41, 'decision', 'https://picsum.photos/seed/3140/3421/1836', '2022-11-14 16:59:18', '2022-11-14 16:59:18'),
(2002, 41, 'university', 'https://picsum.photos/seed/4226/1339/1553', '2022-11-14 16:59:18', '2022-11-14 16:59:18'),
(2003, 41, 'historian', 'https://picsum.photos/seed/3603/3554/2049', '2022-11-14 16:59:18', '2022-11-14 16:59:18'),
(2004, 41, 'awareness', 'https://picsum.photos/seed/3483/3212/1877', '2022-11-14 16:59:18', '2022-11-14 16:59:18'),
(2005, 41, 'mood', 'https://picsum.photos/seed/4438/2932/1028', '2022-11-14 16:59:18', '2022-11-14 16:59:18'),
(2006, 41, 'device', 'https://picsum.photos/seed/3353/2885/1296', '2022-11-14 16:59:18', '2022-11-14 16:59:18'),
(2007, 41, 'virus', 'https://picsum.photos/seed/2671/3418/1821', '2022-11-14 16:59:18', '2022-11-14 16:59:18'),
(2008, 41, 'politics', 'https://picsum.photos/seed/2050/1663/2056', '2022-11-14 16:59:18', '2022-11-14 16:59:18'),
(2009, 41, 'girl', 'https://picsum.photos/seed/4704/1386/959', '2022-11-14 16:59:18', '2022-11-14 16:59:18'),
(2010, 41, 'football', 'https://picsum.photos/seed/2309/2794/1726', '2022-11-14 16:59:18', '2022-11-14 16:59:18'),
(2011, 41, 'affair', 'https://picsum.photos/seed/3905/2950/1310', '2022-11-14 16:59:18', '2022-11-14 16:59:18'),
(2012, 41, 'wealth', 'https://picsum.photos/seed/3227/3172/851', '2022-11-14 16:59:18', '2022-11-14 16:59:18'),
(2013, 41, 'charity', 'https://picsum.photos/seed/1353/751/1839', '2022-11-14 16:59:18', '2022-11-14 16:59:18'),
(2014, 41, 'dealer', 'https://picsum.photos/seed/2244/1191/1869', '2022-11-14 16:59:18', '2022-11-14 16:59:18'),
(2015, 41, 'confusion', 'https://picsum.photos/seed/4540/1319/1668', '2022-11-14 16:59:18', '2022-11-14 16:59:18'),
(2016, 41, 'event', 'https://picsum.photos/seed/4811/730/1963', '2022-11-14 16:59:18', '2022-11-14 16:59:18'),
(2017, 41, 'meat', 'https://picsum.photos/seed/706/3225/1527', '2022-11-14 16:59:18', '2022-11-14 16:59:18'),
(2018, 41, 'distribution', 'https://picsum.photos/seed/3727/2272/1386', '2022-11-14 16:59:18', '2022-11-14 16:59:18'),
(2019, 41, 'atmosphere', 'https://picsum.photos/seed/3770/1074/951', '2022-11-14 16:59:18', '2022-11-14 16:59:18'),
(2020, 41, 'mall', 'https://picsum.photos/seed/2032/1022/1695', '2022-11-14 16:59:18', '2022-11-14 16:59:18'),
(2021, 41, 'setting', 'https://picsum.photos/seed/2226/858/1802', '2022-11-14 16:59:18', '2022-11-14 16:59:18'),
(2022, 41, 'reputation', 'https://picsum.photos/seed/3932/2354/1668', '2022-11-14 16:59:18', '2022-11-14 16:59:18'),
(2023, 41, 'satisfaction', 'https://picsum.photos/seed/3672/1243/1931', '2022-11-14 16:59:18', '2022-11-14 16:59:18'),
(2024, 41, 'ear', 'https://picsum.photos/seed/596/964/1169', '2022-11-14 16:59:18', '2022-11-14 16:59:18'),
(2025, 41, 'guest', 'https://picsum.photos/seed/4686/1640/2090', '2022-11-14 16:59:18', '2022-11-14 16:59:18'),
(2026, 41, 'river', 'https://picsum.photos/seed/2746/2570/841', '2022-11-14 16:59:18', '2022-11-14 16:59:18'),
(2027, 41, 'feedback', 'https://picsum.photos/seed/3807/2557/1813', '2022-11-14 16:59:18', '2022-11-14 16:59:18'),
(2028, 41, 'platform', 'https://picsum.photos/seed/4174/2939/1330', '2022-11-14 16:59:18', '2022-11-14 16:59:18'),
(2029, 41, 'pie', 'https://picsum.photos/seed/1711/1901/1240', '2022-11-14 16:59:18', '2022-11-14 16:59:18'),
(2030, 41, 'examination', 'https://picsum.photos/seed/1497/3774/2004', '2022-11-14 16:59:18', '2022-11-14 16:59:18'),
(2031, 41, 'information', 'https://picsum.photos/seed/3816/1724/1060', '2022-11-14 16:59:18', '2022-11-14 16:59:18'),
(2032, 41, 'length', 'https://picsum.photos/seed/2902/1724/2137', '2022-11-14 16:59:18', '2022-11-14 16:59:18'),
(2033, 41, 'director', 'https://picsum.photos/seed/1391/3273/1706', '2022-11-14 16:59:18', '2022-11-14 16:59:18'),
(2034, 41, 'history', 'https://picsum.photos/seed/4956/1420/1415', '2022-11-14 16:59:18', '2022-11-14 16:59:18'),
(2035, 41, 'equipment', 'https://picsum.photos/seed/3646/926/842', '2022-11-14 16:59:18', '2022-11-14 16:59:18'),
(2036, 41, 'instruction', 'https://picsum.photos/seed/3854/2912/2011', '2022-11-14 16:59:18', '2022-11-14 16:59:18'),
(2037, 41, 'personality', 'https://picsum.photos/seed/371/2508/1688', '2022-11-14 16:59:18', '2022-11-14 16:59:18'),
(2038, 41, 'apartment', 'https://picsum.photos/seed/3614/2493/1935', '2022-11-14 16:59:18', '2022-11-14 16:59:18'),
(2039, 41, 'employer', 'https://picsum.photos/seed/2576/3681/770', '2022-11-14 16:59:18', '2022-11-14 16:59:18'),
(2040, 41, 'wedding', 'https://picsum.photos/seed/1866/3407/1676', '2022-11-14 16:59:18', '2022-11-14 16:59:18'),
(2041, 41, 'youth', 'https://picsum.photos/seed/3925/2204/1757', '2022-11-14 16:59:18', '2022-11-14 16:59:18'),
(2042, 41, 'difference', 'https://picsum.photos/seed/3780/973/1442', '2022-11-14 16:59:18', '2022-11-14 16:59:18'),
(2043, 41, 'cancer', 'https://picsum.photos/seed/4947/3736/1484', '2022-11-14 16:59:18', '2022-11-14 16:59:18'),
(2044, 41, 'assignment', 'https://picsum.photos/seed/4451/2404/765', '2022-11-14 16:59:18', '2022-11-14 16:59:18'),
(2045, 41, 'mud', 'https://picsum.photos/seed/2700/928/850', '2022-11-14 16:59:18', '2022-11-14 16:59:18'),
(2046, 41, 'departure', 'https://picsum.photos/seed/2372/3680/1637', '2022-11-14 16:59:18', '2022-11-14 16:59:18'),
(2047, 41, 'heart', 'https://picsum.photos/seed/3837/1509/2134', '2022-11-14 16:59:18', '2022-11-14 16:59:18'),
(2048, 41, 'topic', 'https://picsum.photos/seed/3007/3208/1061', '2022-11-14 16:59:18', '2022-11-14 16:59:18'),
(2049, 41, 'climate', 'https://picsum.photos/seed/4081/3329/801', '2022-11-14 16:59:18', '2022-11-14 16:59:18'),
(2050, 41, 'organization', 'https://picsum.photos/seed/699/2284/1920', '2022-11-14 16:59:18', '2022-11-14 16:59:18'),
(2051, 42, 'decision', 'https://picsum.photos/seed/3161/1429/1420', '2022-11-14 16:59:18', '2022-11-14 16:59:18'),
(2052, 42, 'university', 'https://picsum.photos/seed/1257/1517/893', '2022-11-14 16:59:18', '2022-11-14 16:59:18'),
(2053, 42, 'historian', 'https://picsum.photos/seed/2973/2515/834', '2022-11-14 16:59:18', '2022-11-14 16:59:18'),
(2054, 42, 'awareness', 'https://picsum.photos/seed/2749/1684/1721', '2022-11-14 16:59:18', '2022-11-14 16:59:18'),
(2055, 42, 'mood', 'https://picsum.photos/seed/4919/1456/794', '2022-11-14 16:59:18', '2022-11-14 16:59:18'),
(2056, 42, 'device', 'https://picsum.photos/seed/268/3089/802', '2022-11-14 16:59:18', '2022-11-14 16:59:18'),
(2057, 42, 'virus', 'https://picsum.photos/seed/950/2680/780', '2022-11-14 16:59:18', '2022-11-14 16:59:18'),
(2058, 42, 'politics', 'https://picsum.photos/seed/3355/3837/1327', '2022-11-14 16:59:18', '2022-11-14 16:59:18'),
(2059, 42, 'girl', 'https://picsum.photos/seed/4484/1866/1747', '2022-11-14 16:59:18', '2022-11-14 16:59:18'),
(2060, 42, 'football', 'https://picsum.photos/seed/142/3029/853', '2022-11-14 16:59:18', '2022-11-14 16:59:18'),
(2061, 42, 'affair', 'https://picsum.photos/seed/1881/1070/1201', '2022-11-14 16:59:18', '2022-11-14 16:59:18'),
(2062, 42, 'wealth', 'https://picsum.photos/seed/3610/3491/1070', '2022-11-14 16:59:18', '2022-11-14 16:59:18'),
(2063, 42, 'charity', 'https://picsum.photos/seed/175/3007/874', '2022-11-14 16:59:18', '2022-11-14 16:59:18'),
(2064, 42, 'dealer', 'https://picsum.photos/seed/2943/3292/1240', '2022-11-14 16:59:18', '2022-11-14 16:59:18'),
(2065, 42, 'confusion', 'https://picsum.photos/seed/4020/1741/2110', '2022-11-14 16:59:18', '2022-11-14 16:59:18'),
(2066, 42, 'event', 'https://picsum.photos/seed/4765/3776/1380', '2022-11-14 16:59:18', '2022-11-14 16:59:18'),
(2067, 42, 'meat', 'https://picsum.photos/seed/4458/2872/790', '2022-11-14 16:59:18', '2022-11-14 16:59:18'),
(2068, 42, 'distribution', 'https://picsum.photos/seed/4274/2841/1816', '2022-11-14 16:59:18', '2022-11-14 16:59:18'),
(2069, 42, 'atmosphere', 'https://picsum.photos/seed/1055/3712/2046', '2022-11-14 16:59:18', '2022-11-14 16:59:18'),
(2070, 42, 'mall', 'https://picsum.photos/seed/2440/1219/1405', '2022-11-14 16:59:18', '2022-11-14 16:59:18'),
(2071, 42, 'setting', 'https://picsum.photos/seed/2643/2679/1197', '2022-11-14 16:59:18', '2022-11-14 16:59:18'),
(2072, 42, 'reputation', 'https://picsum.photos/seed/817/1607/1417', '2022-11-14 16:59:18', '2022-11-14 16:59:18'),
(2073, 42, 'satisfaction', 'https://picsum.photos/seed/3637/1179/1977', '2022-11-14 16:59:18', '2022-11-14 16:59:18'),
(2074, 42, 'ear', 'https://picsum.photos/seed/4095/793/812', '2022-11-14 16:59:18', '2022-11-14 16:59:18'),
(2075, 42, 'guest', 'https://picsum.photos/seed/2698/3586/1125', '2022-11-14 16:59:18', '2022-11-14 16:59:18'),
(2076, 42, 'river', 'https://picsum.photos/seed/2525/3533/1458', '2022-11-14 16:59:18', '2022-11-14 16:59:18'),
(2077, 42, 'feedback', 'https://picsum.photos/seed/2145/1146/1603', '2022-11-14 16:59:18', '2022-11-14 16:59:18'),
(2078, 42, 'platform', 'https://picsum.photos/seed/3441/1240/1151', '2022-11-14 16:59:18', '2022-11-14 16:59:18'),
(2079, 42, 'pie', 'https://picsum.photos/seed/3578/3166/789', '2022-11-14 16:59:18', '2022-11-14 16:59:18'),
(2080, 42, 'examination', 'https://picsum.photos/seed/835/1483/1023', '2022-11-14 16:59:18', '2022-11-14 16:59:18'),
(2081, 42, 'information', 'https://picsum.photos/seed/72/2808/914', '2022-11-14 16:59:18', '2022-11-14 16:59:18'),
(2082, 42, 'length', 'https://picsum.photos/seed/1463/3226/2130', '2022-11-14 16:59:18', '2022-11-14 16:59:18'),
(2083, 42, 'director', 'https://picsum.photos/seed/4819/3032/799', '2022-11-14 16:59:18', '2022-11-14 16:59:18'),
(2084, 42, 'history', 'https://picsum.photos/seed/1929/1374/1957', '2022-11-14 16:59:18', '2022-11-14 16:59:18'),
(2085, 42, 'equipment', 'https://picsum.photos/seed/383/3348/1331', '2022-11-14 16:59:18', '2022-11-14 16:59:18'),
(2086, 42, 'instruction', 'https://picsum.photos/seed/1927/3738/1300', '2022-11-14 16:59:18', '2022-11-14 16:59:18'),
(2087, 42, 'personality', 'https://picsum.photos/seed/3926/1517/1759', '2022-11-14 16:59:18', '2022-11-14 16:59:18'),
(2088, 42, 'apartment', 'https://picsum.photos/seed/3111/1237/1726', '2022-11-14 16:59:18', '2022-11-14 16:59:18'),
(2089, 42, 'employer', 'https://picsum.photos/seed/3709/3025/755', '2022-11-14 16:59:18', '2022-11-14 16:59:18'),
(2090, 42, 'wedding', 'https://picsum.photos/seed/2983/2161/1263', '2022-11-14 16:59:18', '2022-11-14 16:59:18'),
(2091, 42, 'youth', 'https://picsum.photos/seed/419/1325/1376', '2022-11-14 16:59:18', '2022-11-14 16:59:18'),
(2092, 42, 'difference', 'https://picsum.photos/seed/3194/2656/1725', '2022-11-14 16:59:18', '2022-11-14 16:59:18'),
(2093, 42, 'cancer', 'https://picsum.photos/seed/671/1638/989', '2022-11-14 16:59:18', '2022-11-14 16:59:18'),
(2094, 42, 'assignment', 'https://picsum.photos/seed/4423/2534/1697', '2022-11-14 16:59:18', '2022-11-14 16:59:18'),
(2095, 42, 'mud', 'https://picsum.photos/seed/2290/3483/1445', '2022-11-14 16:59:18', '2022-11-14 16:59:18'),
(2096, 42, 'departure', 'https://picsum.photos/seed/3468/2859/1364', '2022-11-14 16:59:18', '2022-11-14 16:59:18'),
(2097, 42, 'heart', 'https://picsum.photos/seed/552/972/1354', '2022-11-14 16:59:18', '2022-11-14 16:59:18'),
(2098, 42, 'topic', 'https://picsum.photos/seed/2689/2254/1643', '2022-11-14 16:59:18', '2022-11-14 16:59:18'),
(2099, 42, 'climate', 'https://picsum.photos/seed/572/1999/1631', '2022-11-14 16:59:19', '2022-11-14 16:59:19'),
(2100, 42, 'organization', 'https://picsum.photos/seed/1371/1344/2135', '2022-11-14 16:59:19', '2022-11-14 16:59:19'),
(2101, 43, 'decision', 'https://picsum.photos/seed/4792/3247/1874', '2022-11-14 16:59:19', '2022-11-14 16:59:19'),
(2102, 43, 'university', 'https://picsum.photos/seed/4544/1017/1083', '2022-11-14 16:59:19', '2022-11-14 16:59:19'),
(2103, 43, 'historian', 'https://picsum.photos/seed/4304/1606/1033', '2022-11-14 16:59:19', '2022-11-14 16:59:19'),
(2104, 43, 'awareness', 'https://picsum.photos/seed/711/3402/1044', '2022-11-14 16:59:19', '2022-11-14 16:59:19'),
(2105, 43, 'mood', 'https://picsum.photos/seed/403/1494/1315', '2022-11-14 16:59:19', '2022-11-14 16:59:19'),
(2106, 43, 'device', 'https://picsum.photos/seed/4486/1629/1350', '2022-11-14 16:59:19', '2022-11-14 16:59:19'),
(2107, 43, 'virus', 'https://picsum.photos/seed/2725/3276/1883', '2022-11-14 16:59:19', '2022-11-14 16:59:19'),
(2108, 43, 'politics', 'https://picsum.photos/seed/2173/3539/843', '2022-11-14 16:59:19', '2022-11-14 16:59:19'),
(2109, 43, 'girl', 'https://picsum.photos/seed/1998/3601/1999', '2022-11-14 16:59:19', '2022-11-14 16:59:19'),
(2110, 43, 'football', 'https://picsum.photos/seed/4149/1824/1671', '2022-11-14 16:59:19', '2022-11-14 16:59:19'),
(2111, 43, 'affair', 'https://picsum.photos/seed/4928/1745/1059', '2022-11-14 16:59:19', '2022-11-14 16:59:19'),
(2112, 43, 'wealth', 'https://picsum.photos/seed/3682/3200/1096', '2022-11-14 16:59:19', '2022-11-14 16:59:19'),
(2113, 43, 'charity', 'https://picsum.photos/seed/3919/3453/918', '2022-11-14 16:59:19', '2022-11-14 16:59:19'),
(2114, 43, 'dealer', 'https://picsum.photos/seed/509/2193/1109', '2022-11-14 16:59:19', '2022-11-14 16:59:19'),
(2115, 43, 'confusion', 'https://picsum.photos/seed/1654/2087/1743', '2022-11-14 16:59:19', '2022-11-14 16:59:19'),
(2116, 43, 'event', 'https://picsum.photos/seed/750/1144/1477', '2022-11-14 16:59:19', '2022-11-14 16:59:19'),
(2117, 43, 'meat', 'https://picsum.photos/seed/3903/1129/1251', '2022-11-14 16:59:19', '2022-11-14 16:59:19'),
(2118, 43, 'distribution', 'https://picsum.photos/seed/2467/2510/1313', '2022-11-14 16:59:19', '2022-11-14 16:59:19'),
(2119, 43, 'atmosphere', 'https://picsum.photos/seed/1969/1404/1551', '2022-11-14 16:59:19', '2022-11-14 16:59:19'),
(2120, 43, 'mall', 'https://picsum.photos/seed/2875/3759/1696', '2022-11-14 16:59:19', '2022-11-14 16:59:19'),
(2121, 43, 'setting', 'https://picsum.photos/seed/4702/1920/958', '2022-11-14 16:59:19', '2022-11-14 16:59:19'),
(2122, 43, 'reputation', 'https://picsum.photos/seed/12/968/1964', '2022-11-14 16:59:19', '2022-11-14 16:59:19'),
(2123, 43, 'satisfaction', 'https://picsum.photos/seed/44/2448/735', '2022-11-14 16:59:19', '2022-11-14 16:59:19'),
(2124, 43, 'ear', 'https://picsum.photos/seed/4177/3472/963', '2022-11-14 16:59:19', '2022-11-14 16:59:19'),
(2125, 43, 'guest', 'https://picsum.photos/seed/4047/2529/957', '2022-11-14 16:59:19', '2022-11-14 16:59:19'),
(2126, 43, 'river', 'https://picsum.photos/seed/3338/1325/1521', '2022-11-14 16:59:19', '2022-11-14 16:59:19'),
(2127, 43, 'feedback', 'https://picsum.photos/seed/1918/1885/1610', '2022-11-14 16:59:19', '2022-11-14 16:59:19'),
(2128, 43, 'platform', 'https://picsum.photos/seed/582/3778/1133', '2022-11-14 16:59:19', '2022-11-14 16:59:19'),
(2129, 43, 'pie', 'https://picsum.photos/seed/4943/3362/1403', '2022-11-14 16:59:19', '2022-11-14 16:59:19'),
(2130, 43, 'examination', 'https://picsum.photos/seed/4856/1559/1714', '2022-11-14 16:59:19', '2022-11-14 16:59:19'),
(2131, 43, 'information', 'https://picsum.photos/seed/1689/1628/1887', '2022-11-14 16:59:19', '2022-11-14 16:59:19'),
(2132, 43, 'length', 'https://picsum.photos/seed/1973/2621/1937', '2022-11-14 16:59:19', '2022-11-14 16:59:19'),
(2133, 43, 'director', 'https://picsum.photos/seed/58/756/758', '2022-11-14 16:59:19', '2022-11-14 16:59:19'),
(2134, 43, 'history', 'https://picsum.photos/seed/3021/1388/1058', '2022-11-14 16:59:19', '2022-11-14 16:59:19'),
(2135, 43, 'equipment', 'https://picsum.photos/seed/4206/1902/1110', '2022-11-14 16:59:19', '2022-11-14 16:59:19'),
(2136, 43, 'instruction', 'https://picsum.photos/seed/3602/3381/1474', '2022-11-14 16:59:19', '2022-11-14 16:59:19'),
(2137, 43, 'personality', 'https://picsum.photos/seed/1971/933/2149', '2022-11-14 16:59:19', '2022-11-14 16:59:19'),
(2138, 43, 'apartment', 'https://picsum.photos/seed/3073/779/730', '2022-11-14 16:59:19', '2022-11-14 16:59:19'),
(2139, 43, 'employer', 'https://picsum.photos/seed/2883/3609/757', '2022-11-14 16:59:19', '2022-11-14 16:59:19'),
(2140, 43, 'wedding', 'https://picsum.photos/seed/2780/1574/2118', '2022-11-14 16:59:19', '2022-11-14 16:59:19'),
(2141, 43, 'youth', 'https://picsum.photos/seed/4842/2195/774', '2022-11-14 16:59:19', '2022-11-14 16:59:19'),
(2142, 43, 'difference', 'https://picsum.photos/seed/4458/2167/2024', '2022-11-14 16:59:19', '2022-11-14 16:59:19'),
(2143, 43, 'cancer', 'https://picsum.photos/seed/931/947/1262', '2022-11-14 16:59:19', '2022-11-14 16:59:19'),
(2144, 43, 'assignment', 'https://picsum.photos/seed/2381/1368/1615', '2022-11-14 16:59:19', '2022-11-14 16:59:19'),
(2145, 43, 'mud', 'https://picsum.photos/seed/2926/2283/2092', '2022-11-14 16:59:19', '2022-11-14 16:59:19'),
(2146, 43, 'departure', 'https://picsum.photos/seed/2184/1377/2084', '2022-11-14 16:59:19', '2022-11-14 16:59:19'),
(2147, 43, 'heart', 'https://picsum.photos/seed/519/1315/870', '2022-11-14 16:59:19', '2022-11-14 16:59:19'),
(2148, 43, 'topic', 'https://picsum.photos/seed/2965/1515/1927', '2022-11-14 16:59:19', '2022-11-14 16:59:19'),
(2149, 43, 'climate', 'https://picsum.photos/seed/1216/3184/1154', '2022-11-14 16:59:19', '2022-11-14 16:59:19'),
(2150, 43, 'organization', 'https://picsum.photos/seed/2376/1223/752', '2022-11-14 16:59:19', '2022-11-14 16:59:19'),
(2151, 44, 'decision', 'https://picsum.photos/seed/3128/1867/1957', '2022-11-14 16:59:19', '2022-11-14 16:59:19'),
(2152, 44, 'university', 'https://picsum.photos/seed/3542/1139/1804', '2022-11-14 16:59:19', '2022-11-14 16:59:19'),
(2153, 44, 'historian', 'https://picsum.photos/seed/1035/2678/1823', '2022-11-14 16:59:19', '2022-11-14 16:59:19'),
(2154, 44, 'awareness', 'https://picsum.photos/seed/1167/3823/1347', '2022-11-14 16:59:19', '2022-11-14 16:59:19'),
(2155, 44, 'mood', 'https://picsum.photos/seed/419/2682/2057', '2022-11-14 16:59:19', '2022-11-14 16:59:19'),
(2156, 44, 'device', 'https://picsum.photos/seed/2748/1491/1010', '2022-11-14 16:59:19', '2022-11-14 16:59:19'),
(2157, 44, 'virus', 'https://picsum.photos/seed/4982/1796/2101', '2022-11-14 16:59:19', '2022-11-14 16:59:19'),
(2158, 44, 'politics', 'https://picsum.photos/seed/4988/2146/1922', '2022-11-14 16:59:19', '2022-11-14 16:59:19'),
(2159, 44, 'girl', 'https://picsum.photos/seed/3788/1344/2137', '2022-11-14 16:59:19', '2022-11-14 16:59:19'),
(2160, 44, 'football', 'https://picsum.photos/seed/922/3527/1286', '2022-11-14 16:59:19', '2022-11-14 16:59:19'),
(2161, 44, 'affair', 'https://picsum.photos/seed/3276/3387/1852', '2022-11-14 16:59:19', '2022-11-14 16:59:19'),
(2162, 44, 'wealth', 'https://picsum.photos/seed/1922/836/2024', '2022-11-14 16:59:19', '2022-11-14 16:59:19'),
(2163, 44, 'charity', 'https://picsum.photos/seed/3977/3422/1960', '2022-11-14 16:59:19', '2022-11-14 16:59:19'),
(2164, 44, 'dealer', 'https://picsum.photos/seed/2424/3080/1166', '2022-11-14 16:59:19', '2022-11-14 16:59:19'),
(2165, 44, 'confusion', 'https://picsum.photos/seed/3993/2071/1474', '2022-11-14 16:59:19', '2022-11-14 16:59:19'),
(2166, 44, 'event', 'https://picsum.photos/seed/4508/1513/1812', '2022-11-14 16:59:19', '2022-11-14 16:59:19'),
(2167, 44, 'meat', 'https://picsum.photos/seed/3684/2064/1177', '2022-11-14 16:59:19', '2022-11-14 16:59:19'),
(2168, 44, 'distribution', 'https://picsum.photos/seed/3113/1304/1090', '2022-11-14 16:59:19', '2022-11-14 16:59:19'),
(2169, 44, 'atmosphere', 'https://picsum.photos/seed/3237/2926/1302', '2022-11-14 16:59:19', '2022-11-14 16:59:19'),
(2170, 44, 'mall', 'https://picsum.photos/seed/3859/3477/1659', '2022-11-14 16:59:19', '2022-11-14 16:59:19'),
(2171, 44, 'setting', 'https://picsum.photos/seed/1035/2421/2127', '2022-11-14 16:59:19', '2022-11-14 16:59:19'),
(2172, 44, 'reputation', 'https://picsum.photos/seed/4754/1986/791', '2022-11-14 16:59:19', '2022-11-14 16:59:19'),
(2173, 44, 'satisfaction', 'https://picsum.photos/seed/3672/3563/1499', '2022-11-14 16:59:19', '2022-11-14 16:59:19'),
(2174, 44, 'ear', 'https://picsum.photos/seed/2241/3400/1713', '2022-11-14 16:59:19', '2022-11-14 16:59:19'),
(2175, 44, 'guest', 'https://picsum.photos/seed/1468/760/1882', '2022-11-14 16:59:19', '2022-11-14 16:59:19'),
(2176, 44, 'river', 'https://picsum.photos/seed/1954/2869/1748', '2022-11-14 16:59:19', '2022-11-14 16:59:19'),
(2177, 44, 'feedback', 'https://picsum.photos/seed/272/1600/1325', '2022-11-14 16:59:19', '2022-11-14 16:59:19'),
(2178, 44, 'platform', 'https://picsum.photos/seed/2584/2215/846', '2022-11-14 16:59:19', '2022-11-14 16:59:19'),
(2179, 44, 'pie', 'https://picsum.photos/seed/2133/2416/1947', '2022-11-14 16:59:19', '2022-11-14 16:59:19'),
(2180, 44, 'examination', 'https://picsum.photos/seed/3300/3351/827', '2022-11-14 16:59:19', '2022-11-14 16:59:19'),
(2181, 44, 'information', 'https://picsum.photos/seed/114/1983/1940', '2022-11-14 16:59:19', '2022-11-14 16:59:19'),
(2182, 44, 'length', 'https://picsum.photos/seed/3206/1035/873', '2022-11-14 16:59:19', '2022-11-14 16:59:19'),
(2183, 44, 'director', 'https://picsum.photos/seed/136/2382/1917', '2022-11-14 16:59:19', '2022-11-14 16:59:19'),
(2184, 44, 'history', 'https://picsum.photos/seed/3167/2780/1071', '2022-11-14 16:59:19', '2022-11-14 16:59:19'),
(2185, 44, 'equipment', 'https://picsum.photos/seed/2267/2581/1701', '2022-11-14 16:59:19', '2022-11-14 16:59:19'),
(2186, 44, 'instruction', 'https://picsum.photos/seed/1077/2102/1692', '2022-11-14 16:59:19', '2022-11-14 16:59:19'),
(2187, 44, 'personality', 'https://picsum.photos/seed/1488/1836/2125', '2022-11-14 16:59:19', '2022-11-14 16:59:19'),
(2188, 44, 'apartment', 'https://picsum.photos/seed/3697/1006/1016', '2022-11-14 16:59:19', '2022-11-14 16:59:19'),
(2189, 44, 'employer', 'https://picsum.photos/seed/2254/2230/1969', '2022-11-14 16:59:19', '2022-11-14 16:59:19'),
(2190, 44, 'wedding', 'https://picsum.photos/seed/917/941/1268', '2022-11-14 16:59:19', '2022-11-14 16:59:19'),
(2191, 44, 'youth', 'https://picsum.photos/seed/2515/3217/1367', '2022-11-14 16:59:19', '2022-11-14 16:59:19'),
(2192, 44, 'difference', 'https://picsum.photos/seed/1381/2620/849', '2022-11-14 16:59:19', '2022-11-14 16:59:19'),
(2193, 44, 'cancer', 'https://picsum.photos/seed/3775/1615/1724', '2022-11-14 16:59:19', '2022-11-14 16:59:19'),
(2194, 44, 'assignment', 'https://picsum.photos/seed/4836/1888/965', '2022-11-14 16:59:19', '2022-11-14 16:59:19'),
(2195, 44, 'mud', 'https://picsum.photos/seed/2060/973/2055', '2022-11-14 16:59:19', '2022-11-14 16:59:19'),
(2196, 44, 'departure', 'https://picsum.photos/seed/377/3626/2021', '2022-11-14 16:59:19', '2022-11-14 16:59:19'),
(2197, 44, 'heart', 'https://picsum.photos/seed/3370/3658/1061', '2022-11-14 16:59:19', '2022-11-14 16:59:19'),
(2198, 44, 'topic', 'https://picsum.photos/seed/1483/2374/1323', '2022-11-14 16:59:19', '2022-11-14 16:59:19'),
(2199, 44, 'climate', 'https://picsum.photos/seed/700/1130/1613', '2022-11-14 16:59:19', '2022-11-14 16:59:19'),
(2200, 44, 'organization', 'https://picsum.photos/seed/402/2710/1196', '2022-11-14 16:59:19', '2022-11-14 16:59:19'),
(2201, 45, 'decision', 'https://picsum.photos/seed/2330/3531/1155', '2022-11-14 16:59:19', '2022-11-14 16:59:19'),
(2202, 45, 'university', 'https://picsum.photos/seed/4468/1615/1917', '2022-11-14 16:59:19', '2022-11-14 16:59:19'),
(2203, 45, 'historian', 'https://picsum.photos/seed/4631/1420/2060', '2022-11-14 16:59:19', '2022-11-14 16:59:19'),
(2204, 45, 'awareness', 'https://picsum.photos/seed/3439/2775/1268', '2022-11-14 16:59:19', '2022-11-14 16:59:19'),
(2205, 45, 'mood', 'https://picsum.photos/seed/3168/1972/1889', '2022-11-14 16:59:19', '2022-11-14 16:59:19'),
(2206, 45, 'device', 'https://picsum.photos/seed/1725/3050/2009', '2022-11-14 16:59:19', '2022-11-14 16:59:19'),
(2207, 45, 'virus', 'https://picsum.photos/seed/2526/2652/1535', '2022-11-14 16:59:19', '2022-11-14 16:59:19'),
(2208, 45, 'politics', 'https://picsum.photos/seed/4997/2180/1804', '2022-11-14 16:59:19', '2022-11-14 16:59:19'),
(2209, 45, 'girl', 'https://picsum.photos/seed/1719/1118/1429', '2022-11-14 16:59:19', '2022-11-14 16:59:19'),
(2210, 45, 'football', 'https://picsum.photos/seed/713/1833/815', '2022-11-14 16:59:19', '2022-11-14 16:59:19'),
(2211, 45, 'affair', 'https://picsum.photos/seed/635/2096/1745', '2022-11-14 16:59:19', '2022-11-14 16:59:19'),
(2212, 45, 'wealth', 'https://picsum.photos/seed/2786/1809/896', '2022-11-14 16:59:19', '2022-11-14 16:59:19'),
(2213, 45, 'charity', 'https://picsum.photos/seed/3835/2410/1430', '2022-11-14 16:59:20', '2022-11-14 16:59:20'),
(2214, 45, 'dealer', 'https://picsum.photos/seed/1316/1823/934', '2022-11-14 16:59:20', '2022-11-14 16:59:20'),
(2215, 45, 'confusion', 'https://picsum.photos/seed/4/1071/1182', '2022-11-14 16:59:20', '2022-11-14 16:59:20'),
(2216, 45, 'event', 'https://picsum.photos/seed/3026/887/1149', '2022-11-14 16:59:20', '2022-11-14 16:59:20'),
(2217, 45, 'meat', 'https://picsum.photos/seed/4169/3398/1425', '2022-11-14 16:59:20', '2022-11-14 16:59:20'),
(2218, 45, 'distribution', 'https://picsum.photos/seed/3725/1620/989', '2022-11-14 16:59:20', '2022-11-14 16:59:20'),
(2219, 45, 'atmosphere', 'https://picsum.photos/seed/2507/1215/733', '2022-11-14 16:59:20', '2022-11-14 16:59:20'),
(2220, 45, 'mall', 'https://picsum.photos/seed/4037/1272/1935', '2022-11-14 16:59:20', '2022-11-14 16:59:20'),
(2221, 45, 'setting', 'https://picsum.photos/seed/2166/958/984', '2022-11-14 16:59:20', '2022-11-14 16:59:20'),
(2222, 45, 'reputation', 'https://picsum.photos/seed/642/1005/761', '2022-11-14 16:59:20', '2022-11-14 16:59:20'),
(2223, 45, 'satisfaction', 'https://picsum.photos/seed/2389/2293/1734', '2022-11-14 16:59:20', '2022-11-14 16:59:20'),
(2224, 45, 'ear', 'https://picsum.photos/seed/2075/3060/1309', '2022-11-14 16:59:20', '2022-11-14 16:59:20'),
(2225, 45, 'guest', 'https://picsum.photos/seed/4258/1193/2120', '2022-11-14 16:59:20', '2022-11-14 16:59:20'),
(2226, 45, 'river', 'https://picsum.photos/seed/3878/2484/1477', '2022-11-14 16:59:20', '2022-11-14 16:59:20'),
(2227, 45, 'feedback', 'https://picsum.photos/seed/4512/1012/769', '2022-11-14 16:59:20', '2022-11-14 16:59:20'),
(2228, 45, 'platform', 'https://picsum.photos/seed/211/2187/1579', '2022-11-14 16:59:20', '2022-11-14 16:59:20'),
(2229, 45, 'pie', 'https://picsum.photos/seed/3011/3444/781', '2022-11-14 16:59:20', '2022-11-14 16:59:20'),
(2230, 45, 'examination', 'https://picsum.photos/seed/3148/2189/1304', '2022-11-14 16:59:20', '2022-11-14 16:59:20'),
(2231, 45, 'information', 'https://picsum.photos/seed/798/3348/927', '2022-11-14 16:59:20', '2022-11-14 16:59:20'),
(2232, 45, 'length', 'https://picsum.photos/seed/3954/2564/1680', '2022-11-14 16:59:20', '2022-11-14 16:59:20'),
(2233, 45, 'director', 'https://picsum.photos/seed/2067/3503/824', '2022-11-14 16:59:20', '2022-11-14 16:59:20'),
(2234, 45, 'history', 'https://picsum.photos/seed/3419/3160/1563', '2022-11-14 16:59:20', '2022-11-14 16:59:20'),
(2235, 45, 'equipment', 'https://picsum.photos/seed/2683/2919/1386', '2022-11-14 16:59:20', '2022-11-14 16:59:20'),
(2236, 45, 'instruction', 'https://picsum.photos/seed/2495/3215/1625', '2022-11-14 16:59:20', '2022-11-14 16:59:20'),
(2237, 45, 'personality', 'https://picsum.photos/seed/960/2071/1667', '2022-11-14 16:59:20', '2022-11-14 16:59:20'),
(2238, 45, 'apartment', 'https://picsum.photos/seed/4586/1685/1608', '2022-11-14 16:59:20', '2022-11-14 16:59:20'),
(2239, 45, 'employer', 'https://picsum.photos/seed/2986/1355/2042', '2022-11-14 16:59:20', '2022-11-14 16:59:20');
INSERT INTO `picture` (`id`, `id_galery`, `title`, `name_file`, `created_at`, `updated_at`) VALUES
(2240, 45, 'wedding', 'https://picsum.photos/seed/3109/3259/1097', '2022-11-14 16:59:20', '2022-11-14 16:59:20'),
(2241, 45, 'youth', 'https://picsum.photos/seed/3638/1954/1759', '2022-11-14 16:59:20', '2022-11-14 16:59:20'),
(2242, 45, 'difference', 'https://picsum.photos/seed/4944/3702/1496', '2022-11-14 16:59:20', '2022-11-14 16:59:20'),
(2243, 45, 'cancer', 'https://picsum.photos/seed/1427/2379/1240', '2022-11-14 16:59:20', '2022-11-14 16:59:20'),
(2244, 45, 'assignment', 'https://picsum.photos/seed/3614/2552/1090', '2022-11-14 16:59:20', '2022-11-14 16:59:20'),
(2245, 45, 'mud', 'https://picsum.photos/seed/697/2768/1398', '2022-11-14 16:59:20', '2022-11-14 16:59:20'),
(2246, 45, 'departure', 'https://picsum.photos/seed/2475/1026/1929', '2022-11-14 16:59:20', '2022-11-14 16:59:20'),
(2247, 45, 'heart', 'https://picsum.photos/seed/3003/901/804', '2022-11-14 16:59:20', '2022-11-14 16:59:20'),
(2248, 45, 'topic', 'https://picsum.photos/seed/4879/1577/1546', '2022-11-14 16:59:20', '2022-11-14 16:59:20'),
(2249, 45, 'climate', 'https://picsum.photos/seed/72/2838/974', '2022-11-14 16:59:20', '2022-11-14 16:59:20'),
(2250, 45, 'organization', 'https://picsum.photos/seed/2222/1257/1246', '2022-11-14 16:59:20', '2022-11-14 16:59:20'),
(2251, 46, 'decision', 'https://picsum.photos/seed/2797/2294/1046', '2022-11-14 16:59:20', '2022-11-14 16:59:20'),
(2252, 46, 'university', 'https://picsum.photos/seed/2170/750/901', '2022-11-14 16:59:20', '2022-11-14 16:59:20'),
(2253, 46, 'historian', 'https://picsum.photos/seed/2870/3031/908', '2022-11-14 16:59:20', '2022-11-14 16:59:20'),
(2254, 46, 'awareness', 'https://picsum.photos/seed/1661/2676/1896', '2022-11-14 16:59:20', '2022-11-14 16:59:20'),
(2255, 46, 'mood', 'https://picsum.photos/seed/3615/2380/1744', '2022-11-14 16:59:20', '2022-11-14 16:59:20'),
(2256, 46, 'device', 'https://picsum.photos/seed/285/3286/1511', '2022-11-14 16:59:20', '2022-11-14 16:59:20'),
(2257, 46, 'virus', 'https://picsum.photos/seed/2245/2757/1301', '2022-11-14 16:59:20', '2022-11-14 16:59:20'),
(2258, 46, 'politics', 'https://picsum.photos/seed/3748/3648/1372', '2022-11-14 16:59:20', '2022-11-14 16:59:20'),
(2259, 46, 'girl', 'https://picsum.photos/seed/3576/3678/1036', '2022-11-14 16:59:20', '2022-11-14 16:59:20'),
(2260, 46, 'football', 'https://picsum.photos/seed/2358/1304/1546', '2022-11-14 16:59:20', '2022-11-14 16:59:20'),
(2261, 46, 'affair', 'https://picsum.photos/seed/2158/3242/2025', '2022-11-14 16:59:20', '2022-11-14 16:59:20'),
(2262, 46, 'wealth', 'https://picsum.photos/seed/2638/862/2053', '2022-11-14 16:59:20', '2022-11-14 16:59:20'),
(2263, 46, 'charity', 'https://picsum.photos/seed/3994/2608/1249', '2022-11-14 16:59:20', '2022-11-14 16:59:20'),
(2264, 46, 'dealer', 'https://picsum.photos/seed/2264/2325/922', '2022-11-14 16:59:20', '2022-11-14 16:59:20'),
(2265, 46, 'confusion', 'https://picsum.photos/seed/404/1526/755', '2022-11-14 16:59:20', '2022-11-14 16:59:20'),
(2266, 46, 'event', 'https://picsum.photos/seed/4333/2600/1928', '2022-11-14 16:59:20', '2022-11-14 16:59:20'),
(2267, 46, 'meat', 'https://picsum.photos/seed/411/2555/864', '2022-11-14 16:59:20', '2022-11-14 16:59:20'),
(2268, 46, 'distribution', 'https://picsum.photos/seed/2130/1178/1199', '2022-11-14 16:59:20', '2022-11-14 16:59:20'),
(2269, 46, 'atmosphere', 'https://picsum.photos/seed/4412/1188/1038', '2022-11-14 16:59:20', '2022-11-14 16:59:20'),
(2270, 46, 'mall', 'https://picsum.photos/seed/4249/3012/1606', '2022-11-14 16:59:20', '2022-11-14 16:59:20'),
(2271, 46, 'setting', 'https://picsum.photos/seed/3867/2639/1779', '2022-11-14 16:59:20', '2022-11-14 16:59:20'),
(2272, 46, 'reputation', 'https://picsum.photos/seed/2832/822/1096', '2022-11-14 16:59:20', '2022-11-14 16:59:20'),
(2273, 46, 'satisfaction', 'https://picsum.photos/seed/866/1157/1969', '2022-11-14 16:59:20', '2022-11-14 16:59:20'),
(2274, 46, 'ear', 'https://picsum.photos/seed/1477/3115/1073', '2022-11-14 16:59:20', '2022-11-14 16:59:20'),
(2275, 46, 'guest', 'https://picsum.photos/seed/989/3286/1676', '2022-11-14 16:59:20', '2022-11-14 16:59:20'),
(2276, 46, 'river', 'https://picsum.photos/seed/4005/991/1778', '2022-11-14 16:59:20', '2022-11-14 16:59:20'),
(2277, 46, 'feedback', 'https://picsum.photos/seed/3769/2943/1606', '2022-11-14 16:59:20', '2022-11-14 16:59:20'),
(2278, 46, 'platform', 'https://picsum.photos/seed/3883/3584/1622', '2022-11-14 16:59:20', '2022-11-14 16:59:20'),
(2279, 46, 'pie', 'https://picsum.photos/seed/4669/1042/1117', '2022-11-14 16:59:20', '2022-11-14 16:59:20'),
(2280, 46, 'examination', 'https://picsum.photos/seed/1911/3089/1629', '2022-11-14 16:59:20', '2022-11-14 16:59:20'),
(2281, 46, 'information', 'https://picsum.photos/seed/2993/2443/2132', '2022-11-14 16:59:20', '2022-11-14 16:59:20'),
(2282, 46, 'length', 'https://picsum.photos/seed/129/2082/1232', '2022-11-14 16:59:20', '2022-11-14 16:59:20'),
(2283, 46, 'director', 'https://picsum.photos/seed/4758/773/753', '2022-11-14 16:59:20', '2022-11-14 16:59:20'),
(2284, 46, 'history', 'https://picsum.photos/seed/219/1711/2001', '2022-11-14 16:59:20', '2022-11-14 16:59:20'),
(2285, 46, 'equipment', 'https://picsum.photos/seed/4121/1042/868', '2022-11-14 16:59:20', '2022-11-14 16:59:20'),
(2286, 46, 'instruction', 'https://picsum.photos/seed/4039/1167/1279', '2022-11-14 16:59:20', '2022-11-14 16:59:20'),
(2287, 46, 'personality', 'https://picsum.photos/seed/3919/1924/1642', '2022-11-14 16:59:20', '2022-11-14 16:59:20'),
(2288, 46, 'apartment', 'https://picsum.photos/seed/2793/2059/1020', '2022-11-14 16:59:20', '2022-11-14 16:59:20'),
(2289, 46, 'employer', 'https://picsum.photos/seed/2882/1483/1383', '2022-11-14 16:59:20', '2022-11-14 16:59:20'),
(2290, 46, 'wedding', 'https://picsum.photos/seed/4162/964/853', '2022-11-14 16:59:20', '2022-11-14 16:59:20'),
(2291, 46, 'youth', 'https://picsum.photos/seed/2204/2161/1675', '2022-11-14 16:59:20', '2022-11-14 16:59:20'),
(2292, 46, 'difference', 'https://picsum.photos/seed/543/908/1778', '2022-11-14 16:59:20', '2022-11-14 16:59:20'),
(2293, 46, 'cancer', 'https://picsum.photos/seed/4435/861/1977', '2022-11-14 16:59:20', '2022-11-14 16:59:20'),
(2294, 46, 'assignment', 'https://picsum.photos/seed/1838/2057/1525', '2022-11-14 16:59:20', '2022-11-14 16:59:20'),
(2295, 46, 'mud', 'https://picsum.photos/seed/4049/1297/802', '2022-11-14 16:59:20', '2022-11-14 16:59:20'),
(2296, 46, 'departure', 'https://picsum.photos/seed/1894/1031/793', '2022-11-14 16:59:20', '2022-11-14 16:59:20'),
(2297, 46, 'heart', 'https://picsum.photos/seed/3385/2711/1428', '2022-11-14 16:59:20', '2022-11-14 16:59:20'),
(2298, 46, 'topic', 'https://picsum.photos/seed/3923/1609/1861', '2022-11-14 16:59:20', '2022-11-14 16:59:20'),
(2299, 46, 'climate', 'https://picsum.photos/seed/2092/3635/2062', '2022-11-14 16:59:20', '2022-11-14 16:59:20'),
(2300, 46, 'organization', 'https://picsum.photos/seed/4392/3208/968', '2022-11-14 16:59:20', '2022-11-14 16:59:20'),
(2301, 47, 'decision', 'https://picsum.photos/seed/3944/2276/2109', '2022-11-14 16:59:20', '2022-11-14 16:59:20'),
(2302, 47, 'university', 'https://picsum.photos/seed/511/1290/1735', '2022-11-14 16:59:20', '2022-11-14 16:59:20'),
(2303, 47, 'historian', 'https://picsum.photos/seed/2900/2213/1325', '2022-11-14 16:59:20', '2022-11-14 16:59:20'),
(2304, 47, 'awareness', 'https://picsum.photos/seed/4569/3153/1420', '2022-11-14 16:59:20', '2022-11-14 16:59:20'),
(2305, 47, 'mood', 'https://picsum.photos/seed/3824/2420/986', '2022-11-14 16:59:20', '2022-11-14 16:59:20'),
(2306, 47, 'device', 'https://picsum.photos/seed/4816/3613/1212', '2022-11-14 16:59:20', '2022-11-14 16:59:20'),
(2307, 47, 'virus', 'https://picsum.photos/seed/4272/1236/1548', '2022-11-14 16:59:20', '2022-11-14 16:59:20'),
(2308, 47, 'politics', 'https://picsum.photos/seed/2277/3478/869', '2022-11-14 16:59:20', '2022-11-14 16:59:20'),
(2309, 47, 'girl', 'https://picsum.photos/seed/1411/3403/864', '2022-11-14 16:59:20', '2022-11-14 16:59:20'),
(2310, 47, 'football', 'https://picsum.photos/seed/3090/3625/1094', '2022-11-14 16:59:20', '2022-11-14 16:59:20'),
(2311, 47, 'affair', 'https://picsum.photos/seed/2075/839/1461', '2022-11-14 16:59:20', '2022-11-14 16:59:20'),
(2312, 47, 'wealth', 'https://picsum.photos/seed/2694/1627/2152', '2022-11-14 16:59:20', '2022-11-14 16:59:20'),
(2313, 47, 'charity', 'https://picsum.photos/seed/2510/2295/2122', '2022-11-14 16:59:20', '2022-11-14 16:59:20'),
(2314, 47, 'dealer', 'https://picsum.photos/seed/2867/1446/847', '2022-11-14 16:59:20', '2022-11-14 16:59:20'),
(2315, 47, 'confusion', 'https://picsum.photos/seed/1198/1545/1831', '2022-11-14 16:59:20', '2022-11-14 16:59:20'),
(2316, 47, 'event', 'https://picsum.photos/seed/369/1059/1861', '2022-11-14 16:59:20', '2022-11-14 16:59:20'),
(2317, 47, 'meat', 'https://picsum.photos/seed/3155/2564/1930', '2022-11-14 16:59:20', '2022-11-14 16:59:20'),
(2318, 47, 'distribution', 'https://picsum.photos/seed/383/901/1686', '2022-11-14 16:59:20', '2022-11-14 16:59:20'),
(2319, 47, 'atmosphere', 'https://picsum.photos/seed/4733/2896/1621', '2022-11-14 16:59:20', '2022-11-14 16:59:20'),
(2320, 47, 'mall', 'https://picsum.photos/seed/3537/1448/879', '2022-11-14 16:59:20', '2022-11-14 16:59:20'),
(2321, 47, 'setting', 'https://picsum.photos/seed/4520/2638/1353', '2022-11-14 16:59:20', '2022-11-14 16:59:20'),
(2322, 47, 'reputation', 'https://picsum.photos/seed/37/1034/918', '2022-11-14 16:59:20', '2022-11-14 16:59:20'),
(2323, 47, 'satisfaction', 'https://picsum.photos/seed/3483/2940/1636', '2022-11-14 16:59:20', '2022-11-14 16:59:20'),
(2324, 47, 'ear', 'https://picsum.photos/seed/621/2376/1215', '2022-11-14 16:59:20', '2022-11-14 16:59:20'),
(2325, 47, 'guest', 'https://picsum.photos/seed/2795/2967/1817', '2022-11-14 16:59:20', '2022-11-14 16:59:20'),
(2326, 47, 'river', 'https://picsum.photos/seed/1440/1400/1016', '2022-11-14 16:59:20', '2022-11-14 16:59:20'),
(2327, 47, 'feedback', 'https://picsum.photos/seed/436/2576/1330', '2022-11-14 16:59:21', '2022-11-14 16:59:21'),
(2328, 47, 'platform', 'https://picsum.photos/seed/1281/2730/2058', '2022-11-14 16:59:21', '2022-11-14 16:59:21'),
(2329, 47, 'pie', 'https://picsum.photos/seed/3928/1602/1982', '2022-11-14 16:59:21', '2022-11-14 16:59:21'),
(2330, 47, 'examination', 'https://picsum.photos/seed/2643/2275/2117', '2022-11-14 16:59:21', '2022-11-14 16:59:21'),
(2331, 47, 'information', 'https://picsum.photos/seed/2189/1364/1754', '2022-11-14 16:59:21', '2022-11-14 16:59:21'),
(2332, 47, 'length', 'https://picsum.photos/seed/2826/2601/1991', '2022-11-14 16:59:21', '2022-11-14 16:59:21'),
(2333, 47, 'director', 'https://picsum.photos/seed/1637/3801/1936', '2022-11-14 16:59:21', '2022-11-14 16:59:21'),
(2334, 47, 'history', 'https://picsum.photos/seed/4978/3828/1924', '2022-11-14 16:59:21', '2022-11-14 16:59:21'),
(2335, 47, 'equipment', 'https://picsum.photos/seed/3635/1542/1402', '2022-11-14 16:59:21', '2022-11-14 16:59:21'),
(2336, 47, 'instruction', 'https://picsum.photos/seed/2145/2801/996', '2022-11-14 16:59:21', '2022-11-14 16:59:21'),
(2337, 47, 'personality', 'https://picsum.photos/seed/525/3838/1336', '2022-11-14 16:59:21', '2022-11-14 16:59:21'),
(2338, 47, 'apartment', 'https://picsum.photos/seed/3639/2560/730', '2022-11-14 16:59:21', '2022-11-14 16:59:21'),
(2339, 47, 'employer', 'https://picsum.photos/seed/250/1879/1678', '2022-11-14 16:59:21', '2022-11-14 16:59:21'),
(2340, 47, 'wedding', 'https://picsum.photos/seed/60/1641/936', '2022-11-14 16:59:21', '2022-11-14 16:59:21'),
(2341, 47, 'youth', 'https://picsum.photos/seed/572/2318/2121', '2022-11-14 16:59:21', '2022-11-14 16:59:21'),
(2342, 47, 'difference', 'https://picsum.photos/seed/2560/988/914', '2022-11-14 16:59:21', '2022-11-14 16:59:21'),
(2343, 47, 'cancer', 'https://picsum.photos/seed/1594/2821/1729', '2022-11-14 16:59:21', '2022-11-14 16:59:21'),
(2344, 47, 'assignment', 'https://picsum.photos/seed/786/1975/1932', '2022-11-14 16:59:21', '2022-11-14 16:59:21'),
(2345, 47, 'mud', 'https://picsum.photos/seed/2062/3616/2107', '2022-11-14 16:59:21', '2022-11-14 16:59:21'),
(2346, 47, 'departure', 'https://picsum.photos/seed/4764/1229/1953', '2022-11-14 16:59:21', '2022-11-14 16:59:21'),
(2347, 47, 'heart', 'https://picsum.photos/seed/52/957/1484', '2022-11-14 16:59:21', '2022-11-14 16:59:21'),
(2348, 47, 'topic', 'https://picsum.photos/seed/3949/1307/1891', '2022-11-14 16:59:21', '2022-11-14 16:59:21'),
(2349, 47, 'climate', 'https://picsum.photos/seed/2409/3188/1619', '2022-11-14 16:59:21', '2022-11-14 16:59:21'),
(2350, 47, 'organization', 'https://picsum.photos/seed/3979/1578/1773', '2022-11-14 16:59:21', '2022-11-14 16:59:21'),
(2351, 48, 'decision', 'https://picsum.photos/seed/604/3222/811', '2022-11-14 16:59:21', '2022-11-14 16:59:21'),
(2352, 48, 'university', 'https://picsum.photos/seed/1622/3116/1257', '2022-11-14 16:59:21', '2022-11-14 16:59:21'),
(2353, 48, 'historian', 'https://picsum.photos/seed/2423/3434/1985', '2022-11-14 16:59:21', '2022-11-14 16:59:21'),
(2354, 48, 'awareness', 'https://picsum.photos/seed/4409/3277/1712', '2022-11-14 16:59:21', '2022-11-14 16:59:21'),
(2355, 48, 'mood', 'https://picsum.photos/seed/3960/928/1432', '2022-11-14 16:59:21', '2022-11-14 16:59:21'),
(2356, 48, 'device', 'https://picsum.photos/seed/2535/2421/2042', '2022-11-14 16:59:21', '2022-11-14 16:59:21'),
(2357, 48, 'virus', 'https://picsum.photos/seed/4970/1305/756', '2022-11-14 16:59:21', '2022-11-14 16:59:21'),
(2358, 48, 'politics', 'https://picsum.photos/seed/290/2782/1854', '2022-11-14 16:59:21', '2022-11-14 16:59:21'),
(2359, 48, 'girl', 'https://picsum.photos/seed/2357/1001/1029', '2022-11-14 16:59:21', '2022-11-14 16:59:21'),
(2360, 48, 'football', 'https://picsum.photos/seed/4621/2052/856', '2022-11-14 16:59:21', '2022-11-14 16:59:21'),
(2361, 48, 'affair', 'https://picsum.photos/seed/3140/2932/960', '2022-11-14 16:59:21', '2022-11-14 16:59:21'),
(2362, 48, 'wealth', 'https://picsum.photos/seed/2141/2610/1243', '2022-11-14 16:59:21', '2022-11-14 16:59:21'),
(2363, 48, 'charity', 'https://picsum.photos/seed/3932/2241/1063', '2022-11-14 16:59:21', '2022-11-14 16:59:21'),
(2364, 48, 'dealer', 'https://picsum.photos/seed/2298/2358/857', '2022-11-14 16:59:21', '2022-11-14 16:59:21'),
(2365, 48, 'confusion', 'https://picsum.photos/seed/1229/1034/2076', '2022-11-14 16:59:21', '2022-11-14 16:59:21'),
(2366, 48, 'event', 'https://picsum.photos/seed/3241/725/1554', '2022-11-14 16:59:21', '2022-11-14 16:59:21'),
(2367, 48, 'meat', 'https://picsum.photos/seed/189/2591/894', '2022-11-14 16:59:21', '2022-11-14 16:59:21'),
(2368, 48, 'distribution', 'https://picsum.photos/seed/3096/1302/1352', '2022-11-14 16:59:21', '2022-11-14 16:59:21'),
(2369, 48, 'atmosphere', 'https://picsum.photos/seed/2677/1218/2128', '2022-11-14 16:59:21', '2022-11-14 16:59:21'),
(2370, 48, 'mall', 'https://picsum.photos/seed/1202/3260/804', '2022-11-14 16:59:21', '2022-11-14 16:59:21'),
(2371, 48, 'setting', 'https://picsum.photos/seed/762/1726/1314', '2022-11-14 16:59:21', '2022-11-14 16:59:21'),
(2372, 48, 'reputation', 'https://picsum.photos/seed/196/1108/1892', '2022-11-14 16:59:21', '2022-11-14 16:59:21'),
(2373, 48, 'satisfaction', 'https://picsum.photos/seed/1825/2563/1033', '2022-11-14 16:59:21', '2022-11-14 16:59:21'),
(2374, 48, 'ear', 'https://picsum.photos/seed/2977/805/934', '2022-11-14 16:59:21', '2022-11-14 16:59:21'),
(2375, 48, 'guest', 'https://picsum.photos/seed/2047/1531/881', '2022-11-14 16:59:21', '2022-11-14 16:59:21'),
(2376, 48, 'river', 'https://picsum.photos/seed/411/2150/1410', '2022-11-14 16:59:21', '2022-11-14 16:59:21'),
(2377, 48, 'feedback', 'https://picsum.photos/seed/3028/1746/1897', '2022-11-14 16:59:21', '2022-11-14 16:59:21'),
(2378, 48, 'platform', 'https://picsum.photos/seed/4928/1908/1143', '2022-11-14 16:59:21', '2022-11-14 16:59:21'),
(2379, 48, 'pie', 'https://picsum.photos/seed/3212/3600/2118', '2022-11-14 16:59:21', '2022-11-14 16:59:21'),
(2380, 48, 'examination', 'https://picsum.photos/seed/1162/860/1582', '2022-11-14 16:59:21', '2022-11-14 16:59:21'),
(2381, 48, 'information', 'https://picsum.photos/seed/4160/1274/2015', '2022-11-14 16:59:21', '2022-11-14 16:59:21'),
(2382, 48, 'length', 'https://picsum.photos/seed/109/2981/1731', '2022-11-14 16:59:21', '2022-11-14 16:59:21'),
(2383, 48, 'director', 'https://picsum.photos/seed/379/967/1102', '2022-11-14 16:59:21', '2022-11-14 16:59:21'),
(2384, 48, 'history', 'https://picsum.photos/seed/4537/1123/999', '2022-11-14 16:59:21', '2022-11-14 16:59:21'),
(2385, 48, 'equipment', 'https://picsum.photos/seed/3828/2667/1683', '2022-11-14 16:59:21', '2022-11-14 16:59:21'),
(2386, 48, 'instruction', 'https://picsum.photos/seed/1600/2780/1919', '2022-11-14 16:59:21', '2022-11-14 16:59:21'),
(2387, 48, 'personality', 'https://picsum.photos/seed/4856/3471/1673', '2022-11-14 16:59:21', '2022-11-14 16:59:21'),
(2388, 48, 'apartment', 'https://picsum.photos/seed/1106/1185/1052', '2022-11-14 16:59:21', '2022-11-14 16:59:21'),
(2389, 48, 'employer', 'https://picsum.photos/seed/4688/3487/1321', '2022-11-14 16:59:21', '2022-11-14 16:59:21'),
(2390, 48, 'wedding', 'https://picsum.photos/seed/2320/2587/935', '2022-11-14 16:59:21', '2022-11-14 16:59:21'),
(2391, 48, 'youth', 'https://picsum.photos/seed/3074/848/1281', '2022-11-14 16:59:21', '2022-11-14 16:59:21'),
(2392, 48, 'difference', 'https://picsum.photos/seed/2103/2778/1564', '2022-11-14 16:59:21', '2022-11-14 16:59:21'),
(2393, 48, 'cancer', 'https://picsum.photos/seed/4190/3193/1947', '2022-11-14 16:59:21', '2022-11-14 16:59:21'),
(2394, 48, 'assignment', 'https://picsum.photos/seed/88/2525/1329', '2022-11-14 16:59:21', '2022-11-14 16:59:21'),
(2395, 48, 'mud', 'https://picsum.photos/seed/1080/3549/1967', '2022-11-14 16:59:21', '2022-11-14 16:59:21'),
(2396, 48, 'departure', 'https://picsum.photos/seed/1722/2371/1477', '2022-11-14 16:59:21', '2022-11-14 16:59:21'),
(2397, 48, 'heart', 'https://picsum.photos/seed/137/1291/1591', '2022-11-14 16:59:21', '2022-11-14 16:59:21'),
(2398, 48, 'topic', 'https://picsum.photos/seed/1864/1701/1894', '2022-11-14 16:59:21', '2022-11-14 16:59:21'),
(2399, 48, 'climate', 'https://picsum.photos/seed/816/3633/1613', '2022-11-14 16:59:21', '2022-11-14 16:59:21'),
(2400, 48, 'organization', 'https://picsum.photos/seed/4127/3372/1750', '2022-11-14 16:59:21', '2022-11-14 16:59:21'),
(2401, 49, 'decision', 'https://picsum.photos/seed/4815/2094/1350', '2022-11-14 16:59:21', '2022-11-14 16:59:21'),
(2402, 49, 'university', 'https://picsum.photos/seed/308/730/1924', '2022-11-14 16:59:21', '2022-11-14 16:59:21'),
(2403, 49, 'historian', 'https://picsum.photos/seed/1887/2025/2006', '2022-11-14 16:59:21', '2022-11-14 16:59:21'),
(2404, 49, 'awareness', 'https://picsum.photos/seed/1716/3030/1236', '2022-11-14 16:59:21', '2022-11-14 16:59:21'),
(2405, 49, 'mood', 'https://picsum.photos/seed/846/2278/1865', '2022-11-14 16:59:21', '2022-11-14 16:59:21'),
(2406, 49, 'device', 'https://picsum.photos/seed/3605/1151/2144', '2022-11-14 16:59:21', '2022-11-14 16:59:21'),
(2407, 49, 'virus', 'https://picsum.photos/seed/3082/3447/2095', '2022-11-14 16:59:21', '2022-11-14 16:59:21'),
(2408, 49, 'politics', 'https://picsum.photos/seed/1347/2456/1563', '2022-11-14 16:59:21', '2022-11-14 16:59:21'),
(2409, 49, 'girl', 'https://picsum.photos/seed/1443/2788/805', '2022-11-14 16:59:21', '2022-11-14 16:59:21'),
(2410, 49, 'football', 'https://picsum.photos/seed/1653/798/872', '2022-11-14 16:59:21', '2022-11-14 16:59:21'),
(2411, 49, 'affair', 'https://picsum.photos/seed/1518/2441/1727', '2022-11-14 16:59:21', '2022-11-14 16:59:21'),
(2412, 49, 'wealth', 'https://picsum.photos/seed/4781/1848/869', '2022-11-14 16:59:21', '2022-11-14 16:59:21'),
(2413, 49, 'charity', 'https://picsum.photos/seed/3665/975/953', '2022-11-14 16:59:21', '2022-11-14 16:59:21'),
(2414, 49, 'dealer', 'https://picsum.photos/seed/1248/2074/1720', '2022-11-14 16:59:21', '2022-11-14 16:59:21'),
(2415, 49, 'confusion', 'https://picsum.photos/seed/2996/3645/1741', '2022-11-14 16:59:21', '2022-11-14 16:59:21'),
(2416, 49, 'event', 'https://picsum.photos/seed/2850/2753/1190', '2022-11-14 16:59:21', '2022-11-14 16:59:21'),
(2417, 49, 'meat', 'https://picsum.photos/seed/4166/2405/762', '2022-11-14 16:59:21', '2022-11-14 16:59:21'),
(2418, 49, 'distribution', 'https://picsum.photos/seed/2154/1338/1083', '2022-11-14 16:59:21', '2022-11-14 16:59:21'),
(2419, 49, 'atmosphere', 'https://picsum.photos/seed/1854/1637/2127', '2022-11-14 16:59:21', '2022-11-14 16:59:21'),
(2420, 49, 'mall', 'https://picsum.photos/seed/269/3008/1323', '2022-11-14 16:59:21', '2022-11-14 16:59:21'),
(2421, 49, 'setting', 'https://picsum.photos/seed/2217/1726/1869', '2022-11-14 16:59:21', '2022-11-14 16:59:21'),
(2422, 49, 'reputation', 'https://picsum.photos/seed/843/915/1835', '2022-11-14 16:59:21', '2022-11-14 16:59:21'),
(2423, 49, 'satisfaction', 'https://picsum.photos/seed/871/1381/1218', '2022-11-14 16:59:21', '2022-11-14 16:59:21'),
(2424, 49, 'ear', 'https://picsum.photos/seed/1693/3117/1249', '2022-11-14 16:59:21', '2022-11-14 16:59:21'),
(2425, 49, 'guest', 'https://picsum.photos/seed/556/3089/746', '2022-11-14 16:59:21', '2022-11-14 16:59:21'),
(2426, 49, 'river', 'https://picsum.photos/seed/2801/2583/1281', '2022-11-14 16:59:21', '2022-11-14 16:59:21'),
(2427, 49, 'feedback', 'https://picsum.photos/seed/651/2845/975', '2022-11-14 16:59:21', '2022-11-14 16:59:21'),
(2428, 49, 'platform', 'https://picsum.photos/seed/3818/1916/1222', '2022-11-14 16:59:21', '2022-11-14 16:59:21'),
(2429, 49, 'pie', 'https://picsum.photos/seed/855/1600/1329', '2022-11-14 16:59:21', '2022-11-14 16:59:21'),
(2430, 49, 'examination', 'https://picsum.photos/seed/1535/2142/1439', '2022-11-14 16:59:21', '2022-11-14 16:59:21'),
(2431, 49, 'information', 'https://picsum.photos/seed/2607/2994/893', '2022-11-14 16:59:21', '2022-11-14 16:59:21'),
(2432, 49, 'length', 'https://picsum.photos/seed/2176/3179/2018', '2022-11-14 16:59:21', '2022-11-14 16:59:21'),
(2433, 49, 'director', 'https://picsum.photos/seed/1788/2046/723', '2022-11-14 16:59:21', '2022-11-14 16:59:21'),
(2434, 49, 'history', 'https://picsum.photos/seed/902/3341/788', '2022-11-14 16:59:21', '2022-11-14 16:59:21'),
(2435, 49, 'equipment', 'https://picsum.photos/seed/3377/753/893', '2022-11-14 16:59:21', '2022-11-14 16:59:21'),
(2436, 49, 'instruction', 'https://picsum.photos/seed/4538/1168/1953', '2022-11-14 16:59:21', '2022-11-14 16:59:21'),
(2437, 49, 'personality', 'https://picsum.photos/seed/886/3645/1778', '2022-11-14 16:59:21', '2022-11-14 16:59:21'),
(2438, 49, 'apartment', 'https://picsum.photos/seed/4431/2583/746', '2022-11-14 16:59:21', '2022-11-14 16:59:21'),
(2439, 49, 'employer', 'https://picsum.photos/seed/4049/2400/2091', '2022-11-14 16:59:21', '2022-11-14 16:59:21'),
(2440, 49, 'wedding', 'https://picsum.photos/seed/2225/3489/1294', '2022-11-14 16:59:21', '2022-11-14 16:59:21'),
(2441, 49, 'youth', 'https://picsum.photos/seed/647/3273/981', '2022-11-14 16:59:21', '2022-11-14 16:59:21'),
(2442, 49, 'difference', 'https://picsum.photos/seed/444/1717/1491', '2022-11-14 16:59:22', '2022-11-14 16:59:22'),
(2443, 49, 'cancer', 'https://picsum.photos/seed/1090/1072/1574', '2022-11-14 16:59:22', '2022-11-14 16:59:22'),
(2444, 49, 'assignment', 'https://picsum.photos/seed/3641/3195/1275', '2022-11-14 16:59:22', '2022-11-14 16:59:22'),
(2445, 49, 'mud', 'https://picsum.photos/seed/1252/1989/1817', '2022-11-14 16:59:22', '2022-11-14 16:59:22'),
(2446, 49, 'departure', 'https://picsum.photos/seed/4347/3051/1045', '2022-11-14 16:59:22', '2022-11-14 16:59:22'),
(2447, 49, 'heart', 'https://picsum.photos/seed/3021/2750/1912', '2022-11-14 16:59:22', '2022-11-14 16:59:22'),
(2448, 49, 'topic', 'https://picsum.photos/seed/2429/1044/731', '2022-11-14 16:59:22', '2022-11-14 16:59:22'),
(2449, 49, 'climate', 'https://picsum.photos/seed/2407/2012/1439', '2022-11-14 16:59:22', '2022-11-14 16:59:22'),
(2450, 49, 'organization', 'https://picsum.photos/seed/1395/2891/2139', '2022-11-14 16:59:22', '2022-11-14 16:59:22'),
(2451, 50, 'decision', 'https://picsum.photos/seed/4758/1437/1687', '2022-11-14 16:59:22', '2022-11-14 16:59:22'),
(2452, 50, 'university', 'https://picsum.photos/seed/1184/2762/739', '2022-11-14 16:59:22', '2022-11-14 16:59:22'),
(2453, 50, 'historian', 'https://picsum.photos/seed/4373/2383/738', '2022-11-14 16:59:22', '2022-11-14 16:59:22'),
(2454, 50, 'awareness', 'https://picsum.photos/seed/38/3164/2019', '2022-11-14 16:59:22', '2022-11-14 16:59:22'),
(2455, 50, 'mood', 'https://picsum.photos/seed/4533/1988/1648', '2022-11-14 16:59:22', '2022-11-14 16:59:22'),
(2456, 50, 'device', 'https://picsum.photos/seed/1021/2721/1015', '2022-11-14 16:59:22', '2022-11-14 16:59:22'),
(2457, 50, 'virus', 'https://picsum.photos/seed/3915/3266/1318', '2022-11-14 16:59:22', '2022-11-14 16:59:22'),
(2458, 50, 'politics', 'https://picsum.photos/seed/4457/2820/1944', '2022-11-14 16:59:22', '2022-11-14 16:59:22'),
(2459, 50, 'girl', 'https://picsum.photos/seed/2887/1365/2157', '2022-11-14 16:59:22', '2022-11-14 16:59:22'),
(2460, 50, 'football', 'https://picsum.photos/seed/1577/1047/1082', '2022-11-14 16:59:22', '2022-11-14 16:59:22'),
(2461, 50, 'affair', 'https://picsum.photos/seed/3885/1376/1790', '2022-11-14 16:59:22', '2022-11-14 16:59:22'),
(2462, 50, 'wealth', 'https://picsum.photos/seed/31/781/946', '2022-11-14 16:59:22', '2022-11-14 16:59:22'),
(2463, 50, 'charity', 'https://picsum.photos/seed/978/1478/1174', '2022-11-14 16:59:22', '2022-11-14 16:59:22'),
(2464, 50, 'dealer', 'https://picsum.photos/seed/4511/3598/1193', '2022-11-14 16:59:22', '2022-11-14 16:59:22'),
(2465, 50, 'confusion', 'https://picsum.photos/seed/20/799/2118', '2022-11-14 16:59:22', '2022-11-14 16:59:22'),
(2466, 50, 'event', 'https://picsum.photos/seed/3476/855/1049', '2022-11-14 16:59:22', '2022-11-14 16:59:22'),
(2467, 50, 'meat', 'https://picsum.photos/seed/1648/3740/1201', '2022-11-14 16:59:22', '2022-11-14 16:59:22'),
(2468, 50, 'distribution', 'https://picsum.photos/seed/1674/1519/1470', '2022-11-14 16:59:22', '2022-11-14 16:59:22'),
(2469, 50, 'atmosphere', 'https://picsum.photos/seed/1663/761/820', '2022-11-14 16:59:22', '2022-11-14 16:59:22'),
(2470, 50, 'mall', 'https://picsum.photos/seed/1615/2891/1015', '2022-11-14 16:59:22', '2022-11-14 16:59:22'),
(2471, 50, 'setting', 'https://picsum.photos/seed/3544/739/1347', '2022-11-14 16:59:22', '2022-11-14 16:59:22'),
(2472, 50, 'reputation', 'https://picsum.photos/seed/2611/2978/1945', '2022-11-14 16:59:22', '2022-11-14 16:59:22'),
(2473, 50, 'satisfaction', 'https://picsum.photos/seed/1256/1741/955', '2022-11-14 16:59:22', '2022-11-14 16:59:22'),
(2474, 50, 'ear', 'https://picsum.photos/seed/3442/3596/1218', '2022-11-14 16:59:22', '2022-11-14 16:59:22'),
(2475, 50, 'guest', 'https://picsum.photos/seed/3737/852/1447', '2022-11-14 16:59:22', '2022-11-14 16:59:22'),
(2476, 50, 'river', 'https://picsum.photos/seed/2553/3324/1312', '2022-11-14 16:59:22', '2022-11-14 16:59:22'),
(2477, 50, 'feedback', 'https://picsum.photos/seed/3552/3260/1118', '2022-11-14 16:59:22', '2022-11-14 16:59:22'),
(2478, 50, 'platform', 'https://picsum.photos/seed/3768/3242/1205', '2022-11-14 16:59:22', '2022-11-14 16:59:22'),
(2479, 50, 'pie', 'https://picsum.photos/seed/2300/1744/1547', '2022-11-14 16:59:22', '2022-11-14 16:59:22'),
(2480, 50, 'examination', 'https://picsum.photos/seed/3413/2994/1553', '2022-11-14 16:59:22', '2022-11-14 16:59:22'),
(2481, 50, 'information', 'https://picsum.photos/seed/1833/1615/1111', '2022-11-14 16:59:22', '2022-11-14 16:59:22'),
(2482, 50, 'length', 'https://picsum.photos/seed/1302/3034/1347', '2022-11-14 16:59:22', '2022-11-14 16:59:22'),
(2483, 50, 'director', 'https://picsum.photos/seed/912/2235/906', '2022-11-14 16:59:22', '2022-11-14 16:59:22'),
(2484, 50, 'history', 'https://picsum.photos/seed/3720/2840/1872', '2022-11-14 16:59:22', '2022-11-14 16:59:22'),
(2485, 50, 'equipment', 'https://picsum.photos/seed/1607/3359/888', '2022-11-14 16:59:22', '2022-11-14 16:59:22'),
(2486, 50, 'instruction', 'https://picsum.photos/seed/549/1578/864', '2022-11-14 16:59:22', '2022-11-14 16:59:22'),
(2487, 50, 'personality', 'https://picsum.photos/seed/493/2725/1775', '2022-11-14 16:59:22', '2022-11-14 16:59:22'),
(2488, 50, 'apartment', 'https://picsum.photos/seed/4475/774/1436', '2022-11-14 16:59:22', '2022-11-14 16:59:22'),
(2489, 50, 'employer', 'https://picsum.photos/seed/68/1491/1172', '2022-11-14 16:59:22', '2022-11-14 16:59:22'),
(2490, 50, 'wedding', 'https://picsum.photos/seed/3415/2699/2046', '2022-11-14 16:59:22', '2022-11-14 16:59:22'),
(2491, 50, 'youth', 'https://picsum.photos/seed/4580/2891/1162', '2022-11-14 16:59:22', '2022-11-14 16:59:22'),
(2492, 50, 'difference', 'https://picsum.photos/seed/3143/1099/1197', '2022-11-14 16:59:22', '2022-11-14 16:59:22'),
(2493, 50, 'cancer', 'https://picsum.photos/seed/1648/1181/962', '2022-11-14 16:59:22', '2022-11-14 16:59:22'),
(2494, 50, 'assignment', 'https://picsum.photos/seed/3838/3128/1634', '2022-11-14 16:59:22', '2022-11-14 16:59:22'),
(2495, 50, 'mud', 'https://picsum.photos/seed/2579/2510/1157', '2022-11-14 16:59:22', '2022-11-14 16:59:22'),
(2496, 50, 'departure', 'https://picsum.photos/seed/52/3687/1244', '2022-11-14 16:59:22', '2022-11-14 16:59:22'),
(2497, 50, 'heart', 'https://picsum.photos/seed/3469/2637/1958', '2022-11-14 16:59:22', '2022-11-14 16:59:22'),
(2498, 50, 'topic', 'https://picsum.photos/seed/3019/2829/1807', '2022-11-14 16:59:22', '2022-11-14 16:59:22'),
(2499, 50, 'climate', 'https://picsum.photos/seed/1547/3373/923', '2022-11-14 16:59:22', '2022-11-14 16:59:22'),
(2500, 50, 'organization', 'https://picsum.photos/seed/701/1452/2147', '2022-11-14 16:59:22', '2022-11-14 16:59:22');

-- --------------------------------------------------------

--
-- Structure de la table `picture_tag`
--

CREATE TABLE `picture_tag` (
  `id_tag` int NOT NULL,
  `id_picture` int NOT NULL
) ENGINE=InnoDB DEFAULT CHARSET=utf8mb3;

--
-- Déchargement des données de la table `picture_tag`
--

INSERT INTO `picture_tag` (`id_tag`, `id_picture`) VALUES
(4, 1),
(5, 1),
(6, 1),
(7, 2),
(8, 2),
(9, 2),
(10, 3),
(11, 3),
(11, 3),
(9, 4),
(12, 4),
(13, 4),
(3, 5),
(3, 5),
(14, 5),
(15, 6),
(16, 6),
(17, 6),
(18, 7),
(19, 7),
(3, 7),
(6, 8),
(20, 8),
(4, 8),
(18, 9),
(16, 9),
(20, 9),
(21, 10),
(22, 10),
(23, 10),
(19, 11),
(24, 11),
(10, 11),
(18, 12),
(25, 12),
(26, 12),
(24, 13),
(6, 13),
(27, 13),
(23, 14),
(28, 14),
(4, 14),
(3, 15),
(29, 15),
(30, 15),
(31, 16),
(1, 16),
(13, 16),
(8, 17),
(13, 17),
(19, 17),
(32, 18),
(28, 18),
(33, 18),
(4, 19),
(30, 19),
(24, 19),
(34, 20),
(24, 20),
(35, 20),
(36, 21),
(8, 21),
(2, 21),
(15, 22),
(22, 22),
(5, 22),
(6, 23),
(25, 23),
(15, 23),
(4, 24),
(15, 24),
(16, 24),
(35, 25),
(30, 25),
(31, 25),
(37, 26),
(38, 26),
(12, 26),
(16, 27),
(39, 27),
(40, 27),
(9, 28),
(41, 28),
(30, 28),
(7, 29),
(26, 29),
(37, 29),
(14, 30),
(21, 30),
(27, 30),
(14, 31),
(24, 31),
(24, 31),
(42, 32),
(43, 32),
(35, 32),
(17, 33),
(9, 33),
(2, 33),
(24, 34),
(5, 34),
(22, 34),
(14, 35),
(13, 35),
(9, 35),
(16, 36),
(21, 36),
(2, 36),
(11, 37),
(44, 37),
(12, 37),
(5, 38),
(36, 38),
(2, 38),
(34, 39),
(13, 39),
(11, 39),
(36, 40),
(20, 40),
(26, 40),
(14, 41),
(45, 41),
(39, 41),
(8, 42),
(33, 42),
(19, 42),
(17, 43),
(19, 43),
(33, 43),
(30, 44),
(45, 44),
(18, 44),
(10, 45),
(18, 45),
(10, 45),
(5, 46),
(43, 46),
(37, 46),
(46, 47),
(45, 47),
(31, 47),
(2, 48),
(25, 48),
(32, 48),
(42, 49),
(41, 49),
(18, 49),
(42, 50),
(21, 50),
(1, 50),
(35, 51),
(19, 51),
(10, 51),
(20, 52),
(48, 52),
(49, 52),
(1, 53),
(30, 53),
(35, 53),
(43, 54),
(8, 54),
(38, 54),
(49, 55),
(26, 55),
(15, 55),
(31, 56),
(49, 56),
(16, 56),
(16, 57),
(13, 57),
(27, 57),
(30, 58),
(9, 58),
(34, 58),
(44, 59),
(13, 59),
(10, 59),
(2, 60),
(12, 60),
(47, 60),
(33, 61),
(30, 61),
(20, 61),
(29, 62),
(45, 62),
(1, 62),
(28, 63),
(2, 63),
(5, 63),
(43, 64),
(26, 64),
(42, 64),
(21, 65),
(1, 65),
(32, 65),
(12, 66),
(31, 66),
(16, 66),
(21, 67),
(41, 67),
(22, 67),
(50, 68),
(30, 68),
(8, 68),
(19, 69),
(1, 69),
(45, 69),
(12, 70),
(7, 70),
(37, 70),
(45, 71),
(49, 71),
(40, 71),
(34, 72),
(40, 72),
(42, 72),
(28, 73),
(42, 73),
(37, 73),
(21, 74),
(3, 74),
(17, 74),
(30, 75),
(50, 75),
(14, 75),
(31, 76),
(43, 76),
(10, 76),
(4, 77),
(34, 77),
(5, 77),
(3, 78),
(11, 78),
(31, 78),
(38, 79),
(26, 79),
(37, 79),
(9, 80),
(48, 80),
(14, 80),
(25, 81),
(6, 81),
(26, 81),
(25, 82),
(5, 82),
(47, 82),
(17, 83),
(4, 83),
(44, 83),
(10, 84),
(44, 84),
(15, 84),
(42, 85),
(46, 85),
(34, 85),
(30, 86),
(46, 86),
(8, 86),
(42, 87),
(26, 87),
(33, 87),
(30, 88),
(46, 88),
(13, 88),
(21, 89),
(10, 89),
(17, 89),
(23, 90),
(48, 90),
(8, 90),
(14, 91),
(35, 91),
(25, 91),
(27, 92),
(29, 92),
(23, 92),
(16, 93),
(2, 93),
(31, 93),
(36, 94),
(29, 94),
(35, 94),
(24, 95),
(41, 95),
(32, 95),
(1, 96),
(36, 96),
(20, 96),
(35, 97),
(13, 97),
(40, 97),
(44, 98),
(47, 98),
(25, 98),
(30, 99),
(19, 99),
(24, 99),
(41, 100),
(48, 100),
(30, 100),
(48, 101),
(37, 101),
(16, 101),
(40, 102),
(44, 102),
(6, 102),
(22, 103),
(23, 103),
(5, 103),
(12, 104),
(14, 104),
(2, 104),
(44, 105),
(49, 105),
(21, 105),
(42, 106),
(19, 106),
(32, 106),
(4, 107),
(4, 107),
(3, 107),
(6, 108),
(23, 108),
(42, 108),
(4, 109),
(13, 109),
(39, 109),
(46, 110),
(40, 110),
(39, 110),
(37, 111),
(19, 111),
(4, 111),
(46, 112),
(33, 112),
(8, 112),
(27, 113),
(18, 113),
(27, 113),
(19, 114),
(7, 114),
(43, 114),
(15, 115),
(29, 115),
(31, 115),
(4, 116),
(41, 116),
(15, 116),
(6, 117),
(13, 117),
(20, 117),
(41, 118),
(26, 118),
(45, 118),
(12, 119),
(43, 119),
(8, 119),
(38, 120),
(16, 120),
(20, 120),
(10, 121),
(14, 121),
(30, 121),
(43, 122),
(46, 122),
(6, 122),
(14, 123),
(9, 123),
(34, 123),
(19, 124),
(23, 124),
(39, 124),
(31, 125),
(43, 125),
(43, 125),
(41, 126),
(44, 126),
(7, 126),
(29, 127),
(1, 127),
(46, 127),
(14, 128),
(38, 128),
(47, 128),
(13, 129),
(32, 129),
(7, 129),
(1, 130),
(34, 130),
(7, 130),
(28, 131),
(36, 131),
(14, 131),
(45, 132),
(1, 132),
(35, 132),
(18, 133),
(27, 133),
(39, 133),
(32, 134),
(12, 134),
(11, 134),
(17, 135),
(14, 135),
(13, 135),
(40, 136),
(36, 136),
(9, 136),
(44, 137),
(47, 137),
(37, 137),
(37, 138),
(5, 138),
(4, 138),
(37, 139),
(38, 139),
(43, 139),
(3, 140),
(8, 140),
(15, 140),
(49, 141),
(35, 141),
(41, 141),
(24, 142),
(50, 142),
(24, 142),
(7, 143),
(21, 143),
(19, 143),
(25, 144),
(27, 144),
(5, 144),
(37, 145),
(37, 145),
(13, 145),
(50, 146),
(11, 146),
(34, 146),
(27, 147),
(37, 147),
(5, 147),
(49, 148),
(17, 148),
(47, 148),
(7, 149),
(35, 149),
(39, 149),
(19, 150),
(45, 150),
(24, 150),
(19, 151),
(23, 151),
(1, 151),
(34, 152),
(13, 152),
(43, 152),
(5, 153),
(41, 153),
(18, 153),
(46, 154),
(33, 154),
(26, 154),
(9, 155),
(45, 155),
(48, 155),
(47, 156),
(21, 156),
(50, 156),
(39, 157),
(19, 157),
(11, 157),
(48, 158),
(32, 158),
(27, 158),
(22, 159),
(5, 159),
(11, 159),
(23, 160),
(49, 160),
(40, 160),
(23, 161),
(17, 161),
(31, 161),
(36, 162),
(16, 162),
(9, 162),
(8, 163),
(43, 163),
(23, 163),
(19, 164),
(32, 164),
(18, 164),
(44, 165),
(6, 165),
(30, 165),
(49, 166),
(45, 166),
(45, 166),
(22, 167),
(9, 167),
(18, 167),
(32, 168),
(24, 168),
(10, 168),
(7, 169),
(32, 169),
(35, 169),
(16, 170),
(22, 170),
(20, 170),
(35, 171),
(34, 171),
(29, 171),
(4, 172),
(48, 172),
(10, 172),
(21, 173),
(16, 173),
(49, 173),
(49, 174),
(24, 174),
(41, 174),
(9, 175),
(3, 175),
(33, 175),
(15, 176),
(41, 176),
(30, 176),
(26, 177),
(43, 177),
(17, 177),
(23, 178),
(40, 178),
(33, 178),
(15, 179),
(44, 179),
(6, 179),
(29, 180),
(4, 180),
(1, 180),
(28, 181),
(28, 181),
(25, 181),
(31, 182),
(50, 182),
(20, 182),
(40, 183),
(5, 183),
(8, 183),
(50, 184),
(37, 184),
(42, 184),
(30, 185),
(8, 185),
(49, 185),
(41, 186),
(20, 186),
(47, 186),
(37, 187),
(43, 187),
(50, 187),
(38, 188),
(34, 188),
(42, 188),
(14, 189),
(39, 189),
(2, 189),
(34, 190),
(48, 190),
(24, 190),
(10, 191),
(11, 191),
(37, 191),
(31, 192),
(28, 192),
(33, 192),
(26, 193),
(3, 193),
(36, 193),
(32, 194),
(12, 194),
(22, 194),
(43, 195),
(43, 195),
(36, 195),
(1, 196),
(19, 196),
(12, 196),
(5, 197),
(14, 197),
(19, 197),
(7, 198),
(22, 198),
(38, 198),
(40, 199),
(24, 199),
(17, 199),
(37, 200),
(14, 200),
(8, 200),
(30, 201),
(8, 201),
(32, 201),
(35, 202),
(12, 202),
(5, 202),
(44, 203),
(29, 203),
(3, 203),
(48, 204),
(11, 204),
(17, 204),
(4, 205),
(20, 205),
(11, 205),
(12, 206),
(12, 206),
(24, 206),
(29, 207),
(46, 207),
(43, 207),
(18, 208),
(33, 208),
(47, 208),
(29, 209),
(41, 209),
(30, 209),
(5, 210),
(26, 210),
(22, 210),
(25, 211),
(28, 211),
(26, 211),
(1, 212),
(12, 212),
(36, 212),
(47, 213),
(29, 213),
(35, 213),
(36, 214),
(26, 214),
(37, 214),
(7, 215),
(32, 215),
(11, 215),
(30, 216),
(5, 216),
(49, 216),
(22, 217),
(20, 217),
(33, 217),
(32, 218),
(5, 218),
(30, 218),
(9, 219),
(18, 219),
(13, 219),
(29, 220),
(20, 220),
(11, 220),
(6, 221),
(50, 221),
(35, 221),
(3, 222),
(5, 222),
(12, 222),
(31, 223),
(23, 223),
(20, 223),
(13, 224),
(9, 224),
(32, 224),
(16, 225),
(16, 225),
(1, 225),
(2, 226),
(32, 226),
(8, 226),
(22, 227),
(39, 227),
(16, 227),
(46, 228),
(17, 228),
(3, 228),
(28, 229),
(25, 229),
(18, 229),
(7, 230),
(40, 230),
(34, 230),
(31, 231),
(14, 231),
(31, 231),
(33, 232),
(29, 232),
(3, 232),
(32, 233),
(41, 233),
(12, 233),
(15, 234),
(24, 234),
(6, 234),
(35, 235),
(20, 235),
(11, 235),
(5, 236),
(15, 236),
(35, 236),
(27, 237),
(46, 237),
(27, 237),
(36, 238),
(23, 238),
(10, 238),
(15, 239),
(20, 239),
(42, 239),
(24, 240),
(46, 240),
(37, 240),
(6, 241),
(25, 241),
(29, 241),
(28, 242),
(23, 242),
(16, 242),
(19, 243),
(22, 243),
(7, 243),
(6, 244),
(16, 244),
(16, 244),
(50, 245),
(11, 245),
(25, 245),
(20, 246),
(46, 246),
(38, 246),
(12, 247),
(46, 247),
(49, 247),
(32, 248),
(45, 248),
(17, 248),
(37, 249),
(11, 249),
(49, 249),
(3, 250),
(44, 250),
(4, 250),
(43, 251),
(29, 251),
(19, 251),
(44, 252),
(5, 252),
(14, 252),
(30, 253),
(33, 253),
(34, 253),
(10, 254),
(47, 254),
(1, 254),
(5, 255),
(5, 255),
(46, 255),
(5, 256),
(25, 256),
(42, 256),
(13, 257),
(10, 257),
(34, 257),
(7, 258),
(15, 258),
(46, 258),
(9, 259),
(39, 259),
(26, 259),
(22, 260),
(46, 260),
(38, 260),
(41, 261),
(1, 261),
(33, 261),
(27, 262),
(2, 262),
(1, 262),
(26, 263),
(14, 263),
(10, 263),
(13, 264),
(23, 264),
(23, 264),
(23, 265),
(23, 265),
(5, 265),
(22, 266),
(9, 266),
(24, 266),
(35, 267),
(28, 267),
(30, 267),
(47, 268),
(22, 268),
(48, 268),
(9, 269),
(29, 269),
(15, 269),
(12, 270),
(12, 270),
(7, 270),
(13, 271),
(39, 271),
(13, 271),
(18, 272),
(3, 272),
(38, 272),
(46, 273),
(21, 273),
(50, 273),
(24, 274),
(47, 274),
(42, 274),
(26, 275),
(3, 275),
(7, 275),
(39, 276),
(15, 276),
(14, 276),
(22, 277),
(18, 277),
(7, 277),
(6, 278),
(29, 278),
(28, 278),
(14, 279),
(47, 279),
(20, 279),
(44, 280),
(21, 280),
(21, 280),
(5, 281),
(23, 281),
(8, 281),
(2, 282),
(49, 282),
(13, 282),
(38, 283),
(9, 283),
(12, 283),
(19, 284),
(24, 284),
(45, 284),
(42, 285),
(49, 285),
(18, 285),
(14, 286),
(30, 286),
(4, 286),
(30, 287),
(47, 287),
(12, 287),
(2, 288),
(7, 288),
(46, 288),
(37, 289),
(30, 289),
(5, 289),
(37, 290),
(38, 290),
(21, 290),
(1, 291),
(12, 291),
(7, 291),
(7, 292),
(46, 292),
(49, 292),
(20, 293),
(5, 293),
(49, 293),
(35, 294),
(21, 294),
(42, 294),
(26, 295),
(10, 295),
(45, 295),
(20, 296),
(30, 296),
(48, 296),
(45, 297),
(47, 297),
(4, 297),
(17, 298),
(10, 298),
(24, 298),
(25, 299),
(21, 299),
(13, 299),
(34, 300),
(9, 300),
(46, 300),
(18, 301),
(45, 301),
(46, 301),
(27, 302),
(20, 302),
(4, 302),
(49, 303),
(47, 303),
(35, 303),
(9, 304),
(45, 304),
(38, 304),
(50, 305),
(24, 305),
(21, 305),
(33, 306),
(7, 306),
(11, 306),
(33, 307),
(29, 307),
(13, 307),
(19, 308),
(14, 308),
(35, 308),
(7, 309),
(10, 309),
(41, 309),
(43, 310),
(13, 310),
(11, 310),
(43, 311),
(42, 311),
(44, 311),
(37, 312),
(37, 312),
(27, 312),
(40, 313),
(28, 313),
(41, 313),
(27, 314),
(13, 314),
(6, 314),
(26, 315),
(36, 315),
(36, 315),
(1, 316),
(29, 316),
(6, 316),
(39, 317),
(15, 317),
(22, 317),
(35, 318),
(22, 318),
(34, 318),
(4, 319),
(14, 319),
(42, 319),
(46, 320),
(10, 320),
(11, 320),
(50, 321),
(45, 321),
(22, 321),
(1, 322),
(11, 322),
(24, 322),
(45, 323),
(41, 323),
(18, 323),
(38, 324),
(30, 324),
(44, 324),
(45, 325),
(23, 325),
(39, 325),
(24, 326),
(48, 326),
(48, 326),
(9, 327),
(37, 327),
(29, 327),
(17, 328),
(18, 328),
(13, 328),
(19, 329),
(25, 329),
(12, 329),
(16, 330),
(30, 330),
(40, 330),
(36, 331),
(16, 331),
(2, 331),
(30, 332),
(2, 332),
(46, 332),
(11, 333),
(4, 333),
(45, 333),
(15, 334),
(16, 334),
(39, 334),
(41, 335),
(38, 335),
(17, 335),
(39, 336),
(49, 336),
(10, 336),
(44, 337),
(2, 337),
(4, 337),
(30, 338),
(38, 338),
(2, 338),
(14, 339),
(4, 339),
(30, 339),
(30, 340),
(25, 340),
(50, 340),
(40, 341),
(44, 341),
(45, 341),
(2, 342),
(40, 342),
(16, 342),
(40, 343),
(18, 343),
(28, 343),
(9, 344),
(38, 344),
(41, 344),
(30, 345),
(28, 345),
(10, 345),
(2, 346),
(33, 346),
(4, 346),
(38, 347),
(29, 347),
(30, 347),
(42, 348),
(8, 348),
(37, 348),
(30, 349),
(29, 349),
(14, 349),
(26, 350),
(43, 350),
(32, 350),
(8, 351),
(48, 351),
(25, 351),
(16, 352),
(35, 352),
(28, 352),
(36, 353),
(24, 353),
(32, 353),
(45, 354),
(25, 354),
(3, 354),
(46, 355),
(2, 355),
(43, 355),
(9, 356),
(8, 356),
(7, 356),
(23, 357),
(35, 357),
(47, 357),
(49, 358),
(15, 358),
(16, 358),
(12, 359),
(48, 359),
(21, 359),
(5, 360),
(21, 360),
(30, 360),
(40, 361),
(8, 361),
(35, 361),
(36, 362),
(12, 362),
(10, 362),
(33, 363),
(37, 363),
(40, 363),
(39, 364),
(17, 364),
(27, 364),
(2, 365),
(11, 365),
(24, 365),
(24, 366),
(42, 366),
(12, 366),
(10, 367),
(9, 367),
(30, 367),
(29, 368),
(29, 368),
(22, 368),
(19, 369),
(42, 369),
(47, 369),
(45, 370),
(35, 370),
(44, 370),
(11, 371),
(14, 371),
(46, 371),
(33, 372),
(6, 372),
(33, 372),
(17, 373),
(30, 373),
(43, 373),
(40, 374),
(35, 374),
(21, 374),
(17, 375),
(44, 375),
(3, 375),
(50, 376),
(34, 376),
(5, 376),
(39, 377),
(33, 377),
(20, 377),
(35, 378),
(35, 378),
(7, 378),
(48, 379),
(48, 379),
(37, 379),
(40, 380),
(34, 380),
(42, 380),
(27, 381),
(5, 381),
(4, 381),
(43, 382),
(16, 382),
(24, 382),
(8, 383),
(41, 383),
(48, 383),
(43, 384),
(32, 384),
(43, 384),
(49, 385),
(13, 385),
(26, 385),
(31, 386),
(37, 386),
(1, 386),
(33, 387),
(32, 387),
(41, 387),
(35, 388),
(23, 388),
(32, 388),
(16, 389),
(33, 389),
(25, 389),
(35, 390),
(19, 390),
(36, 390),
(9, 391),
(43, 391),
(9, 391),
(17, 392),
(5, 392),
(23, 392),
(13, 393),
(31, 393),
(38, 393),
(10, 394),
(43, 394),
(24, 394),
(44, 395),
(10, 395),
(36, 395),
(22, 396),
(16, 396),
(8, 396),
(46, 397),
(41, 397),
(3, 397),
(40, 398),
(14, 398),
(35, 398),
(45, 399),
(41, 399),
(9, 399),
(25, 400),
(21, 400),
(29, 400),
(27, 401),
(8, 401),
(38, 401),
(36, 402),
(27, 402),
(28, 402),
(23, 403),
(26, 403),
(33, 403),
(28, 404),
(23, 404),
(19, 404),
(36, 405),
(46, 405),
(46, 405),
(44, 406),
(6, 406),
(10, 406),
(31, 407),
(29, 407),
(47, 407),
(32, 408),
(10, 408),
(45, 408),
(30, 409),
(22, 409),
(31, 409),
(7, 410),
(5, 410),
(45, 410),
(50, 411),
(10, 411),
(41, 411),
(27, 412),
(18, 412),
(17, 412),
(6, 413),
(5, 413),
(24, 413),
(32, 414),
(36, 414),
(16, 414),
(7, 415),
(48, 415),
(36, 415),
(32, 416),
(33, 416),
(34, 416),
(24, 417),
(36, 417),
(25, 417),
(32, 418),
(18, 418),
(29, 418),
(11, 419),
(42, 419),
(42, 419),
(50, 420),
(37, 420),
(27, 420),
(8, 421),
(42, 421),
(8, 421),
(15, 422),
(30, 422),
(41, 422),
(41, 423),
(3, 423),
(14, 423),
(8, 424),
(15, 424),
(40, 424),
(45, 425),
(16, 425),
(15, 425),
(25, 426),
(9, 426),
(44, 426),
(9, 427),
(48, 427),
(1, 427),
(30, 428),
(5, 428),
(12, 428),
(21, 429),
(48, 429),
(43, 429),
(33, 430),
(41, 430),
(39, 430),
(38, 431),
(31, 431),
(3, 431),
(19, 432),
(29, 432),
(45, 432),
(19, 433),
(33, 433),
(8, 433),
(22, 434),
(34, 434),
(14, 434),
(2, 435),
(30, 435),
(7, 435),
(48, 436),
(17, 436),
(32, 436),
(16, 437),
(9, 437),
(23, 437),
(24, 438),
(17, 438),
(17, 438),
(36, 439),
(27, 439),
(11, 439),
(15, 440),
(12, 440),
(34, 440),
(26, 441),
(47, 441),
(9, 441),
(15, 442),
(10, 442),
(1, 442),
(50, 443),
(41, 443),
(26, 443),
(29, 444),
(24, 444),
(10, 444),
(35, 445),
(26, 445),
(48, 445),
(29, 446),
(7, 446),
(3, 446),
(41, 447),
(21, 447),
(40, 447),
(26, 448),
(36, 448),
(39, 448),
(25, 449),
(27, 449),
(19, 449),
(41, 450),
(17, 450),
(31, 450),
(2, 451),
(29, 451),
(13, 451),
(9, 452),
(18, 452),
(20, 452),
(29, 453),
(30, 453),
(12, 453),
(18, 454),
(19, 454),
(32, 454),
(4, 455),
(15, 455),
(5, 455),
(46, 456),
(18, 456),
(21, 456),
(40, 457),
(18, 457),
(12, 457),
(32, 458),
(7, 458),
(23, 458),
(6, 459),
(26, 459),
(27, 459),
(16, 460),
(12, 460),
(9, 460),
(22, 461),
(40, 461),
(30, 461),
(36, 462),
(38, 462),
(22, 462),
(36, 463),
(2, 463),
(12, 463),
(20, 464),
(3, 464),
(42, 464),
(7, 465),
(44, 465),
(24, 465),
(19, 466),
(31, 466),
(43, 466),
(11, 467),
(42, 467),
(2, 467),
(17, 468),
(12, 468),
(35, 468),
(28, 469),
(30, 469),
(34, 469),
(30, 470),
(41, 470),
(35, 470),
(36, 471),
(33, 471),
(5, 471),
(48, 472),
(11, 472),
(3, 472),
(1, 473),
(47, 473),
(25, 473),
(31, 474),
(15, 474),
(12, 474),
(49, 475),
(47, 475),
(45, 475),
(5, 476),
(40, 476),
(37, 476),
(3, 477),
(34, 477),
(8, 477),
(9, 478),
(5, 478),
(29, 478),
(10, 479),
(9, 479),
(45, 479),
(22, 480),
(31, 480),
(6, 480),
(38, 481),
(48, 481),
(35, 481),
(19, 482),
(50, 482),
(30, 482),
(22, 483),
(13, 483),
(9, 483),
(47, 484),
(47, 484),
(26, 484),
(18, 485),
(21, 485),
(23, 485),
(3, 486),
(37, 486),
(42, 486),
(24, 487),
(11, 487),
(32, 487),
(24, 488),
(29, 488),
(34, 488),
(50, 489),
(39, 489),
(2, 489),
(32, 490),
(40, 490),
(10, 490),
(43, 491),
(23, 491),
(49, 491),
(14, 492),
(50, 492),
(40, 492),
(27, 493),
(40, 493),
(49, 493),
(20, 494),
(11, 494),
(38, 494),
(47, 495),
(32, 495),
(21, 495),
(45, 496),
(38, 496),
(19, 496),
(35, 497),
(12, 497),
(45, 497),
(32, 498),
(46, 498),
(31, 498),
(26, 499),
(41, 499),
(39, 499),
(32, 500),
(48, 500),
(34, 500),
(26, 501),
(7, 501),
(49, 501),
(36, 502),
(40, 502),
(11, 502),
(33, 503),
(14, 503),
(49, 503),
(45, 504),
(24, 504),
(8, 504),
(1, 505),
(41, 505),
(14, 505),
(34, 506),
(45, 506),
(7, 506),
(6, 507),
(10, 507),
(23, 507),
(16, 508),
(47, 508),
(49, 508),
(48, 509),
(45, 509),
(13, 509),
(36, 510),
(7, 510),
(50, 510),
(41, 511),
(21, 511),
(3, 511),
(35, 512),
(46, 512),
(18, 512),
(36, 513),
(34, 513),
(24, 513),
(31, 514),
(43, 514),
(2, 514),
(32, 515),
(45, 515),
(3, 515),
(16, 516),
(1, 516),
(30, 516),
(2, 517),
(2, 517),
(27, 517),
(6, 518),
(21, 518),
(33, 518),
(38, 519),
(44, 519),
(31, 519),
(17, 520),
(11, 520),
(30, 520),
(38, 521),
(26, 521),
(4, 521),
(19, 522),
(31, 522),
(37, 522),
(5, 523),
(3, 523),
(28, 523),
(30, 524),
(27, 524),
(35, 524),
(14, 525),
(46, 525),
(44, 525),
(10, 526),
(29, 526),
(23, 526),
(5, 527),
(16, 527),
(1, 527),
(34, 528),
(8, 528),
(25, 528),
(32, 529),
(17, 529),
(35, 529),
(29, 530),
(14, 530),
(19, 530),
(30, 531),
(22, 531),
(9, 531),
(48, 532),
(15, 532),
(21, 532),
(29, 533),
(30, 533),
(17, 533),
(30, 534),
(42, 534),
(45, 534),
(29, 535),
(38, 535),
(46, 535),
(22, 536),
(29, 536),
(37, 536),
(23, 537),
(14, 537),
(6, 537),
(44, 538),
(36, 538),
(11, 538),
(40, 539),
(42, 539),
(32, 539),
(29, 540),
(42, 540),
(25, 540),
(7, 541),
(12, 541),
(32, 541),
(21, 542),
(17, 542),
(46, 542),
(22, 543),
(49, 543),
(42, 543),
(25, 544),
(48, 544),
(14, 544),
(50, 545),
(33, 545),
(32, 545),
(25, 546),
(6, 546),
(18, 546),
(21, 547),
(35, 547),
(4, 547),
(44, 548),
(39, 548),
(11, 548),
(31, 549),
(29, 549),
(4, 549),
(8, 550),
(43, 550),
(24, 550),
(30, 551),
(7, 551),
(42, 551),
(18, 552),
(36, 552),
(12, 552),
(44, 553),
(42, 553),
(40, 553),
(14, 554),
(1, 554),
(18, 554),
(26, 555),
(49, 555),
(11, 555),
(12, 556),
(31, 556),
(2, 556),
(4, 557),
(4, 557),
(43, 557),
(22, 558),
(44, 558),
(12, 558),
(17, 559),
(37, 559),
(14, 559),
(14, 560),
(16, 560),
(48, 560),
(14, 561),
(40, 561),
(47, 561),
(47, 562),
(29, 562),
(41, 562),
(5, 563),
(33, 563),
(18, 563),
(37, 564),
(50, 564),
(10, 564),
(5, 565),
(40, 565),
(18, 565),
(5, 566),
(34, 566),
(37, 566),
(50, 567),
(10, 567),
(34, 567),
(10, 568),
(21, 568),
(6, 568),
(23, 569),
(24, 569),
(6, 569),
(39, 570),
(19, 570),
(35, 570),
(42, 571),
(21, 571),
(13, 571),
(15, 572),
(25, 572),
(30, 572),
(45, 573),
(18, 573),
(8, 573),
(28, 574),
(10, 574),
(18, 574),
(23, 575),
(29, 575),
(30, 575),
(20, 576),
(28, 576),
(33, 576),
(50, 577),
(2, 577),
(6, 577),
(15, 578),
(17, 578),
(43, 578),
(11, 579),
(18, 579),
(49, 579),
(47, 580),
(37, 580),
(29, 580),
(6, 581),
(10, 581),
(33, 581),
(4, 582),
(15, 582),
(45, 582),
(25, 583),
(26, 583),
(30, 583),
(49, 584),
(10, 584),
(12, 584),
(40, 585),
(13, 585),
(40, 585),
(23, 586),
(29, 586),
(45, 586),
(33, 587),
(7, 587),
(39, 587),
(48, 588),
(23, 588),
(41, 588),
(22, 589),
(37, 589),
(11, 589),
(21, 590),
(34, 590),
(45, 590),
(2, 591),
(9, 591),
(20, 591),
(48, 592),
(6, 592),
(20, 592),
(27, 593),
(41, 593),
(16, 593),
(26, 594),
(33, 594),
(13, 594),
(41, 595),
(23, 595),
(4, 595),
(18, 596),
(17, 596),
(37, 596),
(42, 597),
(11, 597),
(31, 597),
(15, 598),
(7, 598),
(11, 598),
(3, 599),
(33, 599),
(10, 599),
(45, 600),
(48, 600),
(29, 600),
(30, 601),
(34, 601),
(2, 601),
(12, 602),
(23, 602),
(26, 602),
(33, 603),
(13, 603),
(2, 603),
(10, 604),
(13, 604),
(40, 604),
(41, 605),
(50, 605),
(13, 605),
(27, 606),
(42, 606),
(30, 606),
(40, 607),
(8, 607),
(44, 607),
(22, 608),
(8, 608),
(1, 608),
(36, 609),
(4, 609),
(33, 609),
(27, 610),
(9, 610),
(25, 610),
(44, 611),
(27, 611),
(25, 611),
(14, 612),
(28, 612),
(16, 612),
(40, 613),
(7, 613),
(15, 613),
(31, 614),
(44, 614),
(22, 614),
(47, 615),
(46, 615),
(5, 615),
(38, 616),
(13, 616),
(5, 616),
(39, 617),
(11, 617),
(16, 617),
(38, 618),
(18, 618),
(40, 618),
(7, 619),
(3, 619),
(11, 619),
(31, 620),
(12, 620),
(38, 620),
(13, 621),
(33, 621),
(32, 621),
(1, 622),
(6, 622),
(47, 622),
(45, 623),
(47, 623),
(25, 623),
(40, 624),
(39, 624),
(38, 624),
(24, 625),
(28, 625),
(49, 625),
(41, 626),
(27, 626),
(35, 626),
(3, 627),
(11, 627),
(35, 627),
(37, 628),
(26, 628),
(13, 628),
(31, 629),
(14, 629),
(47, 629),
(39, 630),
(25, 630),
(38, 630),
(10, 631),
(4, 631),
(6, 631),
(30, 632),
(41, 632),
(13, 632),
(38, 633),
(14, 633),
(1, 633),
(35, 634),
(16, 634),
(14, 634),
(6, 635),
(12, 635),
(36, 635),
(17, 636),
(28, 636),
(27, 636),
(32, 637),
(23, 637),
(49, 637),
(39, 638),
(50, 638),
(48, 638),
(42, 639),
(30, 639),
(23, 639),
(42, 640),
(45, 640),
(49, 640),
(48, 641),
(42, 641),
(9, 641),
(19, 642),
(16, 642),
(28, 642),
(20, 643),
(4, 643),
(49, 643),
(25, 644),
(42, 644),
(2, 644),
(45, 645),
(40, 645),
(47, 645),
(44, 646),
(42, 646),
(44, 646),
(23, 647),
(8, 647),
(29, 647),
(48, 648),
(5, 648),
(7, 648),
(43, 649),
(3, 649),
(17, 649),
(5, 650),
(30, 650),
(37, 650),
(1, 651),
(47, 651),
(30, 651),
(33, 652),
(22, 652),
(21, 652),
(17, 653),
(5, 653),
(23, 653),
(5, 654),
(26, 654),
(19, 654),
(17, 655),
(42, 655),
(14, 655),
(40, 656),
(37, 656),
(49, 656),
(16, 657),
(24, 657),
(28, 657),
(12, 658),
(50, 658),
(38, 658),
(11, 659),
(42, 659),
(24, 659),
(19, 660),
(38, 660),
(46, 660),
(50, 661),
(43, 661),
(24, 661),
(41, 662),
(45, 662),
(7, 662),
(36, 663),
(32, 663),
(8, 663),
(26, 664),
(27, 664),
(11, 664),
(42, 665),
(30, 665),
(20, 665),
(44, 666),
(37, 666),
(7, 666),
(16, 667),
(25, 667),
(29, 667),
(36, 668),
(8, 668),
(30, 668),
(33, 669),
(47, 669),
(41, 669),
(46, 670),
(20, 670),
(3, 670),
(41, 671),
(5, 671),
(48, 671),
(15, 672),
(30, 672),
(1, 672),
(44, 673),
(36, 673),
(3, 673),
(25, 674),
(5, 674),
(45, 674),
(38, 675),
(14, 675),
(49, 675),
(8, 676),
(32, 676),
(22, 676),
(7, 677),
(16, 677),
(27, 677),
(30, 678),
(10, 678),
(1, 678),
(45, 679),
(33, 679),
(4, 679),
(37, 680),
(16, 680),
(47, 680),
(6, 681),
(40, 681),
(7, 681),
(48, 682),
(34, 682),
(18, 682),
(48, 683),
(6, 683),
(16, 683),
(11, 684),
(20, 684),
(42, 684),
(49, 685),
(30, 685),
(31, 685),
(20, 686),
(27, 686),
(37, 686),
(48, 687),
(20, 687),
(9, 687),
(41, 688),
(25, 688),
(18, 688),
(37, 689),
(23, 689),
(15, 689),
(31, 690),
(14, 690),
(19, 690),
(16, 691),
(32, 691),
(29, 691),
(16, 692),
(40, 692),
(15, 692),
(42, 693),
(20, 693),
(24, 693),
(11, 694),
(24, 694),
(8, 694),
(13, 695),
(8, 695),
(3, 695),
(31, 696),
(44, 696),
(2, 696),
(35, 697),
(8, 697),
(28, 697),
(19, 698),
(16, 698),
(33, 698),
(4, 699),
(36, 699),
(11, 699),
(23, 700),
(21, 700),
(35, 700),
(2, 701),
(18, 701),
(9, 701),
(46, 702),
(15, 702),
(26, 702),
(3, 703),
(46, 703),
(40, 703),
(26, 704),
(9, 704),
(21, 704),
(3, 705),
(18, 705),
(4, 705),
(41, 706),
(35, 706),
(30, 706),
(31, 707),
(22, 707),
(20, 707),
(50, 708),
(38, 708),
(13, 708),
(14, 709),
(7, 709),
(12, 709),
(4, 710),
(30, 710),
(27, 710),
(40, 711),
(9, 711),
(19, 711),
(44, 712),
(11, 712),
(21, 712),
(29, 713),
(23, 713),
(45, 713),
(20, 714),
(40, 714),
(27, 714),
(6, 715),
(23, 715),
(47, 715),
(23, 716),
(12, 716),
(50, 716),
(10, 717),
(2, 717),
(37, 717),
(31, 718),
(17, 718),
(1, 718),
(1, 719),
(13, 719),
(40, 719),
(31, 720),
(24, 720),
(42, 720),
(46, 721),
(1, 721),
(14, 721),
(35, 722),
(9, 722),
(28, 722),
(47, 723),
(4, 723),
(45, 723),
(18, 724),
(39, 724),
(29, 724),
(35, 725),
(17, 725),
(48, 725),
(9, 726),
(26, 726),
(32, 726),
(35, 727),
(12, 727),
(21, 727),
(28, 728),
(33, 728),
(41, 728),
(46, 729),
(13, 729),
(21, 729),
(26, 730),
(33, 730),
(23, 730),
(41, 731),
(29, 731),
(9, 731),
(15, 732),
(27, 732),
(16, 732),
(12, 733),
(24, 733),
(40, 733),
(18, 734),
(35, 734),
(36, 734),
(40, 735),
(11, 735),
(45, 735),
(19, 736),
(36, 736),
(17, 736),
(44, 737),
(26, 737),
(25, 737),
(50, 738),
(31, 738),
(45, 738),
(49, 739),
(34, 739),
(40, 739),
(40, 740),
(43, 740),
(13, 740),
(32, 741),
(26, 741),
(4, 741),
(42, 742),
(13, 742),
(30, 742),
(41, 743),
(49, 743),
(26, 743),
(24, 744),
(30, 744),
(14, 744),
(20, 745),
(36, 745),
(40, 745),
(8, 746),
(21, 746),
(19, 746),
(33, 747),
(35, 747),
(8, 747),
(4, 748),
(47, 748),
(38, 748),
(29, 749),
(33, 749),
(16, 749),
(27, 750),
(41, 750),
(30, 750),
(1, 751),
(41, 751),
(21, 751),
(22, 752),
(32, 752),
(35, 752),
(26, 753),
(16, 753),
(5, 753),
(46, 754),
(41, 754),
(18, 754),
(19, 755),
(44, 755),
(14, 755),
(21, 756),
(19, 756),
(14, 756),
(41, 757),
(30, 757),
(26, 757),
(22, 758),
(9, 758),
(6, 758),
(12, 759),
(23, 759),
(41, 759),
(20, 760),
(5, 760),
(50, 760),
(29, 761),
(49, 761),
(32, 761),
(20, 762),
(43, 762),
(43, 762),
(32, 763),
(47, 763),
(19, 763),
(41, 764),
(14, 764),
(40, 764),
(45, 765),
(50, 765),
(27, 765),
(17, 766),
(14, 766),
(24, 766),
(39, 767),
(22, 767),
(12, 767),
(2, 768),
(28, 768),
(5, 768),
(23, 769),
(12, 769),
(45, 769),
(29, 770),
(2, 770),
(44, 770),
(46, 771),
(9, 771),
(17, 771),
(5, 772),
(40, 772),
(31, 772),
(38, 773),
(31, 773),
(37, 773),
(32, 774),
(11, 774),
(3, 774),
(30, 775),
(46, 775),
(39, 775),
(43, 776),
(40, 776),
(1, 776),
(36, 777),
(6, 777),
(23, 777),
(6, 778),
(29, 778),
(16, 778),
(24, 779),
(13, 779),
(43, 779),
(28, 780),
(35, 780),
(12, 780),
(27, 781),
(12, 781),
(23, 781),
(34, 782),
(9, 782),
(3, 782),
(8, 783),
(5, 783),
(20, 783),
(8, 784),
(48, 784),
(22, 784),
(27, 785),
(2, 785),
(28, 785),
(24, 786),
(20, 786),
(23, 786),
(47, 787),
(38, 787),
(4, 787),
(38, 788),
(18, 788),
(28, 788),
(33, 789),
(17, 789),
(8, 789),
(11, 790),
(11, 790),
(26, 790),
(13, 791),
(16, 791),
(25, 791),
(19, 792),
(48, 792),
(35, 792),
(5, 793),
(42, 793),
(3, 793),
(16, 794),
(10, 794),
(18, 794),
(1, 795),
(19, 795),
(45, 795),
(34, 796),
(26, 796),
(17, 796),
(18, 797),
(12, 797),
(31, 797),
(4, 798),
(16, 798),
(39, 798),
(41, 799),
(29, 799),
(42, 799),
(14, 800),
(46, 800),
(38, 800),
(38, 801),
(19, 801),
(44, 801),
(50, 802),
(11, 802),
(15, 802),
(6, 803),
(22, 803),
(10, 803),
(17, 804),
(22, 804),
(45, 804),
(24, 805),
(8, 805),
(25, 805),
(30, 806),
(12, 806),
(7, 806),
(18, 807),
(9, 807),
(32, 807),
(48, 808),
(45, 808),
(45, 808),
(30, 809),
(42, 809),
(29, 809),
(2, 810),
(47, 810),
(50, 810),
(26, 811),
(35, 811),
(9, 811),
(7, 812),
(41, 812),
(8, 812),
(45, 813),
(38, 813),
(30, 813),
(21, 814),
(13, 814),
(15, 814),
(23, 815),
(16, 815),
(8, 815),
(6, 816),
(2, 816),
(13, 816),
(16, 817),
(46, 817),
(13, 817),
(14, 818),
(16, 818),
(46, 818),
(13, 819),
(18, 819),
(34, 819),
(41, 820),
(39, 820),
(39, 820),
(13, 821),
(29, 821),
(32, 821),
(50, 822),
(49, 822),
(20, 822),
(8, 823),
(42, 823),
(36, 823),
(13, 824),
(22, 824),
(9, 824),
(46, 825),
(14, 825),
(9, 825),
(17, 826),
(17, 826),
(50, 826),
(5, 827),
(20, 827),
(32, 827),
(30, 828),
(48, 828),
(44, 828),
(12, 829),
(38, 829),
(35, 829),
(33, 830),
(33, 830),
(37, 830),
(26, 831),
(16, 831),
(3, 831),
(38, 832),
(14, 832),
(48, 832),
(27, 833),
(39, 833),
(31, 833),
(45, 834),
(31, 834),
(10, 834),
(39, 835),
(29, 835),
(14, 835),
(17, 836),
(45, 836),
(23, 836),
(37, 837),
(28, 837),
(28, 837),
(3, 838),
(43, 838),
(45, 838),
(40, 839),
(43, 839),
(34, 839),
(30, 840),
(40, 840),
(1, 840),
(22, 841),
(23, 841),
(45, 841),
(43, 842),
(10, 842),
(32, 842),
(24, 843),
(47, 843),
(9, 843),
(14, 844),
(35, 844),
(28, 844),
(16, 845),
(14, 845),
(18, 845),
(20, 846),
(16, 846),
(38, 846),
(40, 847),
(34, 847),
(26, 847),
(14, 848),
(34, 848),
(50, 848),
(41, 849),
(27, 849),
(19, 849),
(11, 850),
(40, 850),
(2, 850),
(25, 851),
(3, 851),
(29, 851),
(50, 852),
(23, 852),
(30, 852),
(34, 853),
(39, 853),
(10, 853),
(27, 854),
(4, 854),
(42, 854),
(40, 855),
(20, 855),
(27, 855),
(4, 856),
(17, 856),
(49, 856),
(19, 857),
(21, 857),
(13, 857),
(13, 858),
(2, 858),
(5, 858),
(49, 859),
(29, 859),
(19, 859),
(41, 860),
(42, 860),
(44, 860),
(45, 861),
(22, 861),
(48, 861),
(27, 862),
(24, 862),
(4, 862),
(12, 863),
(22, 863),
(3, 863),
(18, 864),
(28, 864),
(22, 864),
(44, 865),
(15, 865),
(31, 865),
(9, 866),
(22, 866),
(2, 866),
(5, 867),
(9, 867),
(4, 867),
(2, 868),
(41, 868),
(4, 868),
(31, 869),
(27, 869),
(4, 869),
(14, 870),
(4, 870),
(27, 870),
(30, 871),
(15, 871),
(40, 871),
(11, 872),
(24, 872),
(41, 872),
(18, 873),
(10, 873),
(46, 873),
(29, 874),
(49, 874),
(19, 874),
(40, 875),
(28, 875),
(47, 875),
(44, 876),
(29, 876),
(27, 876),
(26, 877),
(34, 877),
(6, 877),
(22, 878),
(31, 878),
(49, 878),
(6, 879),
(15, 879),
(9, 879),
(39, 880),
(50, 880),
(7, 880),
(7, 881),
(48, 881),
(31, 881),
(12, 882),
(25, 882),
(37, 882),
(27, 883),
(31, 883),
(20, 883),
(20, 884),
(36, 884),
(13, 884),
(40, 885),
(10, 885),
(17, 885),
(19, 886),
(1, 886),
(25, 886),
(6, 887),
(29, 887),
(50, 887),
(32, 888),
(25, 888),
(27, 888),
(50, 889),
(29, 889),
(18, 889),
(17, 890),
(42, 890),
(12, 890),
(40, 891),
(40, 891),
(2, 891),
(44, 892),
(23, 892),
(3, 892),
(10, 893),
(33, 893),
(38, 893),
(13, 894),
(32, 894),
(48, 894),
(49, 895),
(41, 895),
(4, 895),
(38, 896),
(47, 896),
(3, 896),
(2, 897),
(7, 897),
(4, 897),
(39, 898),
(35, 898),
(23, 898),
(31, 899),
(41, 899),
(50, 899),
(21, 900),
(3, 900),
(28, 900),
(2, 901),
(24, 901),
(12, 901),
(34, 902),
(13, 902),
(2, 902),
(34, 903),
(45, 903),
(50, 903),
(14, 904),
(46, 904),
(50, 904),
(39, 905),
(48, 905),
(38, 905),
(19, 906),
(31, 906),
(46, 906),
(18, 907),
(35, 907),
(49, 907),
(29, 908),
(49, 908),
(27, 908),
(8, 909),
(12, 909),
(22, 909),
(29, 910),
(15, 910),
(31, 910),
(9, 911),
(20, 911),
(49, 911),
(44, 912),
(33, 912),
(6, 912),
(31, 913),
(48, 913),
(37, 913),
(7, 914),
(35, 914),
(27, 914),
(12, 915),
(25, 915),
(8, 915),
(13, 916),
(7, 916),
(3, 916),
(5, 917),
(13, 917),
(7, 917),
(36, 918),
(42, 918),
(33, 918),
(37, 919),
(16, 919),
(20, 919),
(31, 920),
(38, 920),
(30, 920),
(29, 921),
(16, 921),
(8, 921),
(22, 922),
(28, 922),
(39, 922),
(15, 923),
(7, 923),
(41, 923),
(7, 924),
(36, 924),
(31, 924),
(29, 925),
(8, 925),
(42, 925),
(47, 926),
(33, 926),
(42, 926),
(47, 927),
(36, 927),
(22, 927),
(6, 928),
(34, 928),
(15, 928),
(17, 929),
(14, 929),
(9, 929),
(32, 930),
(36, 930),
(37, 930),
(46, 931),
(37, 931),
(32, 931),
(44, 932),
(39, 932),
(42, 932),
(49, 933),
(14, 933),
(49, 933),
(10, 934),
(44, 934),
(49, 934),
(26, 935),
(35, 935),
(16, 935),
(8, 936),
(40, 936),
(47, 936),
(11, 937),
(38, 937),
(28, 937),
(8, 938),
(39, 938),
(15, 938),
(3, 939),
(1, 939),
(23, 939),
(12, 940),
(20, 940),
(31, 940),
(50, 941),
(48, 941),
(1, 941),
(47, 942),
(41, 942),
(10, 942),
(41, 943),
(20, 943),
(42, 943),
(9, 944),
(42, 944),
(41, 944),
(13, 945),
(24, 945),
(29, 945),
(27, 946),
(7, 946),
(6, 946),
(42, 947),
(44, 947),
(23, 947),
(2, 948),
(22, 948),
(34, 948),
(50, 949),
(27, 949),
(36, 949),
(21, 950),
(37, 950),
(2, 950),
(6, 951),
(10, 951),
(11, 951),
(28, 952),
(4, 952),
(38, 952),
(19, 953),
(22, 953),
(36, 953),
(35, 954),
(3, 954),
(48, 954),
(8, 955),
(37, 955),
(13, 955),
(29, 956),
(28, 956),
(39, 956),
(13, 957),
(48, 957),
(23, 957),
(10, 958),
(1, 958),
(30, 958),
(28, 959),
(20, 959),
(44, 959),
(8, 960),
(9, 960),
(26, 960),
(42, 961),
(20, 961),
(34, 961),
(33, 962),
(19, 962),
(30, 962),
(38, 963),
(18, 963),
(15, 963),
(8, 964),
(50, 964),
(14, 964),
(39, 965),
(6, 965),
(8, 965),
(47, 966),
(27, 966),
(9, 966),
(7, 967),
(11, 967),
(27, 967),
(41, 968),
(28, 968),
(30, 968),
(20, 969),
(20, 969),
(8, 969),
(7, 970),
(32, 970),
(42, 970),
(16, 971),
(25, 971),
(21, 971),
(23, 972),
(50, 972),
(24, 972),
(29, 973),
(6, 973),
(13, 973),
(48, 974),
(11, 974),
(11, 974),
(18, 975),
(8, 975),
(36, 975),
(41, 976),
(36, 976),
(35, 976),
(50, 977),
(22, 977),
(27, 977),
(11, 978),
(19, 978),
(39, 978),
(32, 979),
(23, 979),
(40, 979),
(37, 980),
(32, 980),
(21, 980),
(36, 981),
(37, 981),
(15, 981),
(30, 982),
(49, 982),
(40, 982),
(50, 983),
(42, 983),
(13, 983),
(18, 984),
(1, 984),
(45, 984),
(19, 985),
(50, 985),
(2, 985),
(24, 986),
(23, 986),
(45, 986),
(11, 987),
(2, 987),
(22, 987),
(49, 988),
(9, 988),
(34, 988),
(28, 989),
(24, 989),
(7, 989),
(27, 990),
(44, 990),
(10, 990),
(14, 991),
(3, 991),
(5, 991),
(29, 992),
(12, 992),
(45, 992),
(6, 993),
(35, 993),
(44, 993),
(20, 994),
(46, 994),
(1, 994),
(36, 995),
(23, 995),
(6, 995),
(6, 996),
(34, 996),
(18, 996),
(17, 997),
(25, 997),
(17, 997),
(41, 998),
(46, 998),
(10, 998),
(6, 999),
(32, 999),
(18, 999),
(9, 1000),
(3, 1000),
(44, 1000),
(13, 1001),
(38, 1001),
(1, 1001),
(16, 1002),
(11, 1002),
(41, 1002),
(50, 1003),
(50, 1003),
(37, 1003),
(39, 1004),
(31, 1004),
(15, 1004),
(43, 1005),
(16, 1005),
(37, 1005),
(29, 1006),
(7, 1006),
(18, 1006),
(42, 1007),
(50, 1007),
(47, 1007),
(47, 1008),
(19, 1008),
(27, 1008),
(46, 1009),
(45, 1009),
(1, 1009),
(5, 1010),
(8, 1010),
(44, 1010),
(19, 1011),
(1, 1011),
(3, 1011),
(11, 1012),
(5, 1012),
(6, 1012),
(21, 1013),
(37, 1013),
(43, 1013),
(17, 1014),
(34, 1014),
(3, 1014),
(34, 1015),
(39, 1015),
(24, 1015),
(22, 1016),
(46, 1016),
(42, 1016),
(10, 1017),
(37, 1017),
(18, 1017),
(30, 1018),
(49, 1018),
(44, 1018),
(27, 1019),
(32, 1019),
(20, 1019),
(3, 1020),
(43, 1020),
(50, 1020),
(48, 1021),
(16, 1021),
(11, 1021),
(27, 1022),
(23, 1022),
(23, 1022),
(42, 1023),
(19, 1023),
(50, 1023),
(37, 1024),
(28, 1024),
(31, 1024),
(46, 1025),
(49, 1025),
(50, 1025),
(39, 1026),
(33, 1026),
(46, 1026),
(45, 1027),
(29, 1027),
(14, 1027),
(34, 1028),
(37, 1028),
(1, 1028),
(40, 1029),
(24, 1029),
(31, 1029),
(17, 1030),
(11, 1030),
(24, 1030),
(17, 1031),
(30, 1031),
(6, 1031),
(33, 1032),
(14, 1032),
(15, 1032),
(32, 1033),
(33, 1033),
(41, 1033),
(48, 1034),
(50, 1034),
(2, 1034),
(49, 1035),
(22, 1035),
(27, 1035),
(26, 1036),
(9, 1036),
(31, 1036),
(19, 1037),
(1, 1037),
(20, 1037),
(37, 1038),
(33, 1038),
(21, 1038),
(30, 1039),
(4, 1039),
(42, 1039),
(29, 1040),
(45, 1040),
(1, 1040),
(16, 1041),
(6, 1041),
(24, 1041),
(26, 1042),
(34, 1042),
(49, 1042),
(21, 1043),
(28, 1043),
(23, 1043),
(39, 1044),
(17, 1044),
(13, 1044),
(34, 1045),
(20, 1045),
(35, 1045),
(44, 1046),
(35, 1046),
(6, 1046),
(5, 1047),
(31, 1047),
(14, 1047),
(47, 1048),
(9, 1048),
(50, 1048),
(10, 1049),
(47, 1049),
(19, 1049),
(41, 1050),
(7, 1050),
(36, 1050),
(39, 1051),
(18, 1051),
(32, 1051),
(3, 1052),
(25, 1052),
(46, 1052),
(16, 1053),
(48, 1053),
(14, 1053),
(27, 1054),
(45, 1054),
(46, 1054),
(14, 1055),
(42, 1055),
(49, 1055),
(2, 1056),
(40, 1056),
(29, 1056),
(38, 1057),
(21, 1057),
(49, 1057),
(36, 1058),
(14, 1058),
(45, 1058),
(26, 1059),
(43, 1059),
(4, 1059),
(20, 1060),
(40, 1060),
(15, 1060),
(29, 1061),
(40, 1061),
(45, 1061),
(50, 1062),
(13, 1062),
(10, 1062),
(34, 1063),
(15, 1063),
(24, 1063),
(6, 1064),
(17, 1064),
(31, 1064),
(30, 1065),
(48, 1065),
(9, 1065),
(24, 1066),
(23, 1066),
(15, 1066),
(28, 1067),
(32, 1067),
(16, 1067),
(2, 1068),
(15, 1068),
(12, 1068),
(42, 1069),
(32, 1069),
(25, 1069),
(17, 1070),
(33, 1070),
(15, 1070),
(16, 1071),
(28, 1071),
(38, 1071),
(9, 1072),
(44, 1072),
(25, 1072),
(27, 1073),
(11, 1073),
(47, 1073),
(3, 1074),
(41, 1074),
(42, 1074),
(39, 1075),
(29, 1075),
(44, 1075),
(37, 1076),
(3, 1076),
(32, 1076),
(8, 1077),
(14, 1077),
(11, 1077),
(15, 1078),
(19, 1078),
(13, 1078),
(36, 1079),
(18, 1079),
(8, 1079),
(40, 1080),
(21, 1080),
(41, 1080),
(4, 1081),
(6, 1081),
(21, 1081),
(10, 1082),
(38, 1082),
(12, 1082),
(21, 1083),
(37, 1083),
(21, 1083),
(43, 1084),
(22, 1084),
(17, 1084),
(31, 1085),
(20, 1085),
(7, 1085),
(15, 1086),
(8, 1086),
(49, 1086),
(11, 1087),
(50, 1087),
(5, 1087),
(40, 1088),
(12, 1088),
(10, 1088),
(38, 1089),
(12, 1089),
(45, 1089),
(10, 1090),
(28, 1090),
(24, 1090),
(1, 1091),
(45, 1091),
(49, 1091),
(33, 1092),
(42, 1092),
(25, 1092),
(49, 1093),
(16, 1093),
(17, 1093),
(26, 1094),
(29, 1094),
(5, 1094),
(43, 1095),
(42, 1095),
(27, 1095),
(35, 1096),
(14, 1096),
(34, 1096),
(38, 1097),
(2, 1097),
(2, 1097),
(44, 1098),
(8, 1098),
(29, 1098),
(26, 1099),
(18, 1099),
(21, 1099),
(18, 1100),
(11, 1100),
(37, 1100),
(26, 1101),
(44, 1101),
(33, 1101),
(3, 1102),
(15, 1102),
(33, 1102),
(16, 1103),
(36, 1103),
(33, 1103),
(36, 1104),
(4, 1104),
(50, 1104),
(25, 1105),
(3, 1105),
(30, 1105),
(15, 1106),
(15, 1106),
(1, 1106),
(12, 1107),
(35, 1107),
(42, 1107),
(44, 1108),
(11, 1108),
(46, 1108),
(20, 1109),
(7, 1109),
(11, 1109),
(18, 1110),
(42, 1110),
(1, 1110),
(33, 1111),
(40, 1111),
(30, 1111),
(44, 1112),
(38, 1112),
(47, 1112),
(21, 1113),
(37, 1113),
(33, 1113),
(4, 1114),
(7, 1114),
(7, 1114),
(28, 1115),
(33, 1115),
(39, 1115),
(37, 1116),
(35, 1116),
(24, 1116),
(11, 1117),
(4, 1117),
(22, 1117),
(20, 1118),
(7, 1118),
(14, 1118),
(25, 1119),
(17, 1119),
(12, 1119),
(40, 1120),
(1, 1120),
(18, 1120),
(17, 1121),
(46, 1121),
(1, 1121),
(50, 1122),
(9, 1122),
(26, 1122),
(6, 1123),
(10, 1123),
(4, 1123),
(47, 1124),
(50, 1124),
(5, 1124),
(9, 1125),
(24, 1125),
(35, 1125),
(44, 1126),
(7, 1126),
(48, 1126),
(25, 1127),
(34, 1127),
(39, 1127),
(45, 1128),
(15, 1128),
(45, 1128),
(14, 1129),
(46, 1129),
(6, 1129),
(19, 1130),
(4, 1130),
(32, 1130),
(18, 1131),
(34, 1131),
(29, 1131),
(48, 1132),
(41, 1132),
(36, 1132),
(49, 1133),
(50, 1133),
(33, 1133),
(24, 1134),
(1, 1134),
(6, 1134),
(14, 1135),
(42, 1135),
(22, 1135),
(36, 1136),
(29, 1136),
(4, 1136),
(35, 1137),
(14, 1137),
(21, 1137),
(49, 1138),
(7, 1138),
(37, 1138),
(41, 1139),
(26, 1139),
(34, 1139),
(23, 1140),
(8, 1140),
(30, 1140),
(36, 1141),
(35, 1141),
(19, 1141),
(10, 1142),
(4, 1142),
(46, 1142),
(21, 1143),
(20, 1143),
(48, 1143),
(26, 1144),
(39, 1144),
(43, 1144),
(18, 1145),
(27, 1145),
(3, 1145),
(2, 1146),
(41, 1146),
(21, 1146),
(16, 1147),
(31, 1147),
(28, 1147),
(6, 1148),
(9, 1148),
(15, 1148),
(34, 1149),
(9, 1149),
(30, 1149),
(19, 1150),
(10, 1150),
(44, 1150),
(34, 1151),
(7, 1151),
(36, 1151),
(11, 1152),
(21, 1152),
(16, 1152),
(49, 1153),
(14, 1153),
(10, 1153),
(2, 1154),
(8, 1154),
(24, 1154),
(4, 1155),
(42, 1155),
(49, 1155),
(37, 1156),
(7, 1156),
(1, 1156),
(50, 1157),
(46, 1157),
(19, 1157),
(10, 1158),
(31, 1158),
(50, 1158),
(41, 1159),
(6, 1159),
(5, 1159),
(22, 1160),
(24, 1160),
(4, 1160),
(50, 1161),
(7, 1161),
(4, 1161),
(48, 1162),
(19, 1162),
(17, 1162),
(28, 1163),
(1, 1163),
(27, 1163),
(16, 1164),
(36, 1164),
(13, 1164),
(24, 1165),
(44, 1165),
(34, 1165),
(3, 1166),
(41, 1166),
(3, 1166),
(2, 1167),
(6, 1167),
(2, 1167),
(45, 1168),
(30, 1168),
(7, 1168),
(14, 1169),
(32, 1169),
(1, 1169),
(36, 1170),
(29, 1170),
(33, 1170),
(2, 1171),
(47, 1171),
(22, 1171),
(1, 1172),
(39, 1172),
(23, 1172),
(21, 1173),
(45, 1173),
(8, 1173),
(48, 1174),
(24, 1174),
(31, 1174),
(40, 1175),
(17, 1175),
(15, 1175),
(11, 1176),
(15, 1176),
(11, 1176),
(45, 1177),
(45, 1177),
(3, 1177),
(45, 1178),
(1, 1178),
(17, 1178),
(16, 1179),
(3, 1179),
(28, 1179),
(39, 1180),
(27, 1180),
(19, 1180),
(6, 1181),
(17, 1181),
(25, 1181),
(8, 1182),
(10, 1182),
(8, 1182),
(3, 1183),
(16, 1183),
(22, 1183),
(10, 1184),
(44, 1184),
(18, 1184),
(3, 1185),
(47, 1185),
(17, 1185),
(12, 1186),
(1, 1186),
(20, 1186),
(5, 1187),
(46, 1187),
(6, 1187),
(32, 1188),
(23, 1188),
(24, 1188),
(21, 1189),
(37, 1189),
(9, 1189),
(36, 1190),
(34, 1190),
(5, 1190),
(41, 1191),
(40, 1191),
(13, 1191),
(6, 1192),
(35, 1192),
(32, 1192),
(43, 1193),
(21, 1193),
(36, 1193),
(49, 1194),
(24, 1194),
(37, 1194),
(40, 1195),
(20, 1195),
(22, 1195),
(29, 1196),
(35, 1196),
(25, 1196),
(14, 1197),
(45, 1197),
(39, 1197),
(36, 1198),
(13, 1198),
(46, 1198),
(31, 1199),
(25, 1199),
(43, 1199),
(4, 1200),
(15, 1200),
(38, 1200),
(50, 1201),
(31, 1201),
(1, 1201),
(17, 1202),
(40, 1202),
(20, 1202),
(8, 1203),
(41, 1203),
(21, 1203),
(26, 1204),
(13, 1204),
(15, 1204),
(29, 1205),
(42, 1205),
(43, 1205),
(48, 1206),
(39, 1206),
(43, 1206),
(13, 1207),
(8, 1207),
(2, 1207),
(36, 1208),
(25, 1208),
(26, 1208),
(19, 1209),
(26, 1209),
(46, 1209),
(30, 1210),
(47, 1210),
(46, 1210),
(7, 1211),
(50, 1211),
(47, 1211),
(34, 1212),
(41, 1212),
(37, 1212),
(39, 1213),
(27, 1213),
(25, 1213),
(43, 1214),
(47, 1214),
(5, 1214),
(4, 1215),
(5, 1215),
(8, 1215),
(29, 1216),
(32, 1216),
(25, 1216),
(40, 1217),
(21, 1217),
(35, 1217),
(11, 1218),
(1, 1218),
(18, 1218),
(8, 1219),
(16, 1219),
(37, 1219),
(11, 1220),
(13, 1220),
(47, 1220),
(34, 1221),
(41, 1221),
(37, 1221),
(41, 1222),
(32, 1222),
(8, 1222),
(16, 1223),
(4, 1223),
(28, 1223),
(38, 1224),
(38, 1224),
(40, 1224),
(49, 1225),
(29, 1225),
(24, 1225),
(1, 1226),
(12, 1226),
(33, 1226),
(42, 1227),
(25, 1227),
(18, 1227),
(45, 1228),
(33, 1228),
(3, 1228),
(18, 1229),
(36, 1229),
(5, 1229),
(8, 1230),
(38, 1230),
(26, 1230),
(25, 1231),
(24, 1231),
(14, 1231),
(47, 1232),
(1, 1232),
(7, 1232),
(24, 1233),
(13, 1233),
(31, 1233),
(21, 1234),
(11, 1234),
(23, 1234),
(33, 1235),
(44, 1235),
(35, 1235),
(34, 1236),
(35, 1236),
(43, 1236),
(14, 1237),
(45, 1237),
(39, 1237),
(43, 1238),
(14, 1238),
(40, 1238),
(23, 1239),
(13, 1239),
(15, 1239),
(24, 1240),
(32, 1240),
(2, 1240),
(29, 1241),
(20, 1241),
(44, 1241),
(4, 1242),
(34, 1242),
(10, 1242),
(46, 1243),
(1, 1243),
(43, 1243),
(10, 1244),
(23, 1244),
(30, 1244),
(15, 1245),
(41, 1245),
(29, 1245),
(21, 1246),
(40, 1246),
(19, 1246),
(29, 1247),
(11, 1247),
(27, 1247),
(30, 1248),
(9, 1248),
(7, 1248),
(47, 1249),
(7, 1249),
(49, 1249),
(2, 1250),
(15, 1250),
(16, 1250),
(24, 1251),
(31, 1251),
(3, 1251),
(15, 1252),
(28, 1252),
(27, 1252),
(46, 1253),
(48, 1253),
(27, 1253),
(15, 1254),
(10, 1254),
(20, 1254),
(38, 1255),
(10, 1255),
(44, 1255),
(15, 1256),
(45, 1256),
(40, 1256),
(17, 1257),
(19, 1257),
(42, 1257),
(29, 1258),
(16, 1258),
(46, 1258),
(33, 1259),
(41, 1259),
(29, 1259),
(19, 1260),
(22, 1260),
(43, 1260),
(39, 1261),
(6, 1261),
(43, 1261),
(29, 1262),
(48, 1262),
(30, 1262),
(2, 1263),
(8, 1263),
(48, 1263),
(50, 1264),
(26, 1264),
(24, 1264),
(3, 1265),
(40, 1265),
(18, 1265),
(21, 1266),
(16, 1266),
(39, 1266),
(48, 1267),
(4, 1267),
(6, 1267),
(6, 1268),
(16, 1268),
(45, 1268),
(12, 1269),
(14, 1269),
(29, 1269),
(32, 1270),
(15, 1270),
(16, 1270),
(10, 1271),
(31, 1271),
(22, 1271),
(26, 1272),
(17, 1272),
(22, 1272),
(16, 1273),
(47, 1273),
(30, 1273),
(8, 1274),
(10, 1274),
(11, 1274),
(32, 1275),
(50, 1275),
(22, 1275),
(39, 1276),
(7, 1276),
(6, 1276),
(40, 1277),
(39, 1277),
(24, 1277),
(1, 1278),
(27, 1278),
(49, 1278),
(29, 1279),
(24, 1279),
(20, 1279),
(25, 1280),
(33, 1280),
(5, 1280),
(4, 1281),
(30, 1281),
(14, 1281),
(38, 1282),
(21, 1282),
(49, 1282),
(11, 1283),
(25, 1283),
(41, 1283),
(14, 1284),
(16, 1284),
(42, 1284),
(12, 1285),
(31, 1285),
(38, 1285),
(10, 1286),
(23, 1286),
(39, 1286),
(9, 1287),
(7, 1287),
(3, 1287),
(34, 1288),
(29, 1288),
(37, 1288),
(12, 1289),
(35, 1289),
(16, 1289),
(45, 1290),
(41, 1290),
(24, 1290),
(8, 1291),
(38, 1291),
(32, 1291),
(36, 1292),
(17, 1292),
(21, 1292),
(22, 1293),
(20, 1293),
(40, 1293),
(15, 1294),
(50, 1294),
(34, 1294),
(29, 1295),
(41, 1295),
(19, 1295),
(19, 1296),
(12, 1296),
(30, 1296),
(36, 1297),
(16, 1297),
(22, 1297),
(4, 1298),
(22, 1298),
(8, 1298),
(18, 1299),
(4, 1299),
(17, 1299),
(4, 1300),
(44, 1300),
(39, 1300),
(43, 1301),
(48, 1301),
(30, 1301),
(44, 1302),
(30, 1302),
(18, 1302),
(39, 1303),
(30, 1303),
(35, 1303),
(17, 1304),
(14, 1304),
(24, 1304),
(22, 1305),
(32, 1305),
(14, 1305),
(49, 1306),
(10, 1306),
(31, 1306),
(1, 1307),
(13, 1307),
(6, 1307),
(38, 1308),
(33, 1308),
(19, 1308),
(4, 1309),
(4, 1309),
(8, 1309),
(49, 1310),
(25, 1310),
(45, 1310),
(11, 1311),
(23, 1311),
(4, 1311),
(50, 1312),
(4, 1312),
(34, 1312),
(46, 1313),
(19, 1313),
(45, 1313),
(15, 1314),
(15, 1314),
(38, 1314),
(7, 1315),
(47, 1315),
(40, 1315),
(38, 1316),
(49, 1316),
(27, 1316),
(10, 1317),
(24, 1317),
(24, 1317),
(3, 1318),
(27, 1318),
(35, 1318),
(22, 1319),
(5, 1319),
(20, 1319),
(11, 1320),
(38, 1320),
(39, 1320),
(5, 1321),
(12, 1321),
(18, 1321),
(34, 1322),
(36, 1322),
(49, 1322),
(40, 1323),
(9, 1323),
(10, 1323),
(34, 1324),
(24, 1324),
(31, 1324),
(42, 1325),
(5, 1325),
(40, 1325),
(40, 1326),
(17, 1326),
(4, 1326),
(24, 1327),
(28, 1327),
(38, 1327),
(26, 1328),
(26, 1328),
(27, 1328),
(31, 1329),
(28, 1329),
(18, 1329),
(6, 1330),
(24, 1330),
(7, 1330),
(48, 1331),
(1, 1331),
(18, 1331),
(5, 1332),
(8, 1332),
(9, 1332),
(16, 1333),
(3, 1333),
(15, 1333),
(19, 1334),
(31, 1334),
(31, 1334),
(39, 1335),
(37, 1335),
(34, 1335),
(43, 1336),
(27, 1336),
(20, 1336),
(36, 1337),
(34, 1337),
(50, 1337),
(50, 1338),
(43, 1338),
(7, 1338),
(30, 1339),
(36, 1339),
(23, 1339),
(49, 1340),
(27, 1340),
(7, 1340),
(47, 1341),
(5, 1341),
(28, 1341),
(37, 1342),
(47, 1342),
(29, 1342),
(27, 1343),
(49, 1343),
(20, 1343),
(50, 1344),
(10, 1344),
(48, 1344),
(20, 1345),
(14, 1345),
(5, 1345),
(10, 1346),
(36, 1346),
(45, 1346),
(34, 1347),
(39, 1347),
(33, 1347),
(1, 1348),
(13, 1348),
(42, 1348),
(25, 1349),
(11, 1349),
(44, 1349),
(21, 1350),
(43, 1350),
(14, 1350),
(21, 1351),
(26, 1351),
(22, 1351),
(27, 1352),
(42, 1352),
(16, 1352),
(2, 1353),
(22, 1353),
(2, 1353),
(22, 1354),
(6, 1354),
(2, 1354),
(17, 1355),
(6, 1355),
(17, 1355),
(31, 1356),
(14, 1356),
(4, 1356),
(5, 1357),
(30, 1357),
(36, 1357),
(2, 1358),
(26, 1358),
(47, 1358),
(18, 1359),
(18, 1359),
(49, 1359),
(26, 1360),
(14, 1360),
(46, 1360),
(29, 1361),
(46, 1361),
(8, 1361),
(27, 1362),
(19, 1362),
(32, 1362),
(25, 1363),
(9, 1363),
(9, 1363),
(19, 1364),
(12, 1364),
(17, 1364),
(35, 1365),
(10, 1365),
(28, 1365),
(8, 1366),
(19, 1366),
(44, 1366),
(48, 1367),
(38, 1367),
(37, 1367),
(3, 1368),
(22, 1368),
(36, 1368),
(3, 1369),
(12, 1369),
(13, 1369),
(31, 1370),
(27, 1370),
(18, 1370),
(4, 1371),
(6, 1371),
(40, 1371),
(13, 1372),
(16, 1372),
(21, 1372),
(26, 1373),
(11, 1373),
(37, 1373),
(4, 1374),
(35, 1374),
(33, 1374),
(26, 1375),
(16, 1375),
(50, 1375),
(41, 1376),
(22, 1376),
(37, 1376),
(23, 1377),
(18, 1377),
(21, 1377),
(34, 1378),
(24, 1378),
(37, 1378),
(49, 1379),
(2, 1379),
(8, 1379),
(38, 1380),
(17, 1380),
(35, 1380),
(46, 1381),
(2, 1381),
(49, 1381),
(37, 1382),
(43, 1382),
(34, 1382),
(10, 1383),
(12, 1383),
(27, 1383),
(26, 1384),
(2, 1384),
(24, 1384),
(46, 1385),
(12, 1385),
(49, 1385),
(6, 1386),
(13, 1386),
(22, 1386),
(32, 1387),
(44, 1387),
(35, 1387),
(15, 1388),
(1, 1388),
(26, 1388),
(10, 1389),
(43, 1389),
(40, 1389),
(30, 1390),
(43, 1390),
(17, 1390),
(21, 1391),
(33, 1391),
(29, 1391),
(43, 1392),
(46, 1392),
(42, 1392),
(13, 1393),
(49, 1393),
(35, 1393),
(11, 1394),
(3, 1394),
(50, 1394),
(6, 1395),
(49, 1395),
(16, 1395),
(13, 1396),
(20, 1396),
(44, 1396),
(21, 1397),
(20, 1397),
(50, 1397),
(35, 1398),
(4, 1398),
(7, 1398),
(5, 1399),
(38, 1399),
(50, 1399),
(26, 1400),
(42, 1400),
(4, 1400),
(19, 1401),
(23, 1401),
(42, 1401),
(12, 1402),
(8, 1402),
(24, 1402),
(2, 1403),
(43, 1403),
(14, 1403),
(29, 1404),
(35, 1404),
(26, 1404),
(23, 1405),
(2, 1405),
(38, 1405),
(46, 1406),
(46, 1406),
(5, 1406),
(42, 1407),
(11, 1407),
(3, 1407),
(28, 1408),
(6, 1408),
(24, 1408),
(38, 1409),
(21, 1409),
(37, 1409),
(43, 1410),
(7, 1410),
(41, 1410),
(4, 1411),
(42, 1411),
(9, 1411),
(29, 1412),
(14, 1412),
(7, 1412),
(13, 1413),
(2, 1413),
(25, 1413),
(20, 1414),
(17, 1414),
(10, 1414),
(16, 1415),
(3, 1415),
(12, 1415),
(16, 1416),
(9, 1416),
(16, 1416),
(1, 1417),
(28, 1417),
(25, 1417),
(9, 1418),
(18, 1418),
(34, 1418),
(38, 1419),
(50, 1419),
(1, 1419),
(36, 1420),
(30, 1420),
(26, 1420),
(29, 1421),
(4, 1421),
(12, 1421),
(12, 1422),
(27, 1422),
(27, 1422),
(38, 1423),
(13, 1423),
(3, 1423),
(18, 1424),
(46, 1424),
(17, 1424),
(17, 1425),
(13, 1425),
(25, 1425),
(2, 1426),
(47, 1426),
(27, 1426),
(28, 1427),
(28, 1427),
(48, 1427),
(11, 1428),
(9, 1428),
(4, 1428),
(38, 1429),
(14, 1429),
(21, 1429),
(31, 1430),
(5, 1430),
(7, 1430),
(18, 1431),
(18, 1431),
(49, 1431),
(41, 1432),
(34, 1432),
(12, 1432),
(35, 1433),
(30, 1433),
(1, 1433),
(16, 1434),
(39, 1434),
(33, 1434),
(19, 1435),
(43, 1435),
(47, 1435),
(43, 1436),
(10, 1436),
(49, 1436),
(50, 1437),
(47, 1437),
(11, 1437),
(45, 1438),
(13, 1438),
(23, 1438),
(14, 1439),
(12, 1439),
(21, 1439),
(40, 1440),
(18, 1440),
(1, 1440),
(41, 1441),
(31, 1441),
(35, 1441),
(45, 1442),
(7, 1442),
(35, 1442),
(20, 1443),
(2, 1443),
(35, 1443),
(37, 1444),
(19, 1444),
(5, 1444),
(29, 1445),
(11, 1445),
(49, 1445),
(21, 1446),
(10, 1446),
(31, 1446),
(36, 1447),
(50, 1447),
(11, 1447),
(48, 1448),
(5, 1448),
(43, 1448),
(26, 1449),
(17, 1449),
(1, 1449),
(49, 1450),
(27, 1450),
(8, 1450),
(14, 1451),
(17, 1451),
(15, 1451),
(6, 1452),
(18, 1452),
(1, 1452),
(46, 1453),
(20, 1453),
(33, 1453),
(46, 1454),
(22, 1454),
(17, 1454),
(7, 1455),
(19, 1455),
(15, 1455),
(11, 1456),
(6, 1456),
(28, 1456),
(29, 1457),
(21, 1457),
(17, 1457),
(34, 1458),
(10, 1458),
(20, 1458),
(16, 1459),
(10, 1459),
(28, 1459),
(4, 1460),
(19, 1460),
(16, 1460),
(42, 1461),
(3, 1461),
(47, 1461),
(37, 1462),
(10, 1462),
(19, 1462),
(13, 1463),
(26, 1463),
(18, 1463),
(48, 1464),
(1, 1464),
(28, 1464),
(28, 1465),
(10, 1465),
(29, 1465),
(50, 1466),
(36, 1466),
(30, 1466),
(36, 1467),
(47, 1467),
(31, 1467),
(25, 1468),
(10, 1468),
(26, 1468),
(30, 1469),
(11, 1469),
(39, 1469),
(50, 1470),
(29, 1470),
(25, 1470),
(22, 1471),
(37, 1471),
(8, 1471),
(12, 1472),
(35, 1472),
(8, 1472),
(37, 1473),
(7, 1473),
(36, 1473),
(13, 1474),
(19, 1474),
(32, 1474),
(26, 1475),
(22, 1475),
(43, 1475),
(1, 1476),
(43, 1476),
(1, 1476),
(25, 1477),
(19, 1477),
(48, 1477),
(21, 1478),
(27, 1478),
(25, 1478),
(48, 1479),
(31, 1479),
(24, 1479),
(36, 1480),
(45, 1480),
(29, 1480),
(15, 1481),
(4, 1481),
(9, 1481),
(13, 1482),
(34, 1482),
(29, 1482),
(14, 1483),
(20, 1483),
(31, 1483),
(14, 1484),
(43, 1484),
(18, 1484),
(46, 1485),
(5, 1485),
(41, 1485),
(37, 1486),
(38, 1486),
(22, 1486),
(47, 1487),
(15, 1487),
(1, 1487),
(22, 1488),
(43, 1488),
(22, 1488),
(39, 1489),
(12, 1489),
(14, 1489),
(26, 1490),
(38, 1490),
(47, 1490),
(29, 1491),
(38, 1491),
(34, 1491),
(19, 1492),
(23, 1492),
(34, 1492),
(5, 1493),
(6, 1493),
(42, 1493),
(32, 1494),
(37, 1494),
(32, 1494),
(25, 1495),
(40, 1495),
(45, 1495),
(38, 1496),
(28, 1496),
(46, 1496),
(8, 1497),
(24, 1497),
(23, 1497),
(21, 1498),
(8, 1498),
(35, 1498),
(4, 1499),
(29, 1499),
(38, 1499),
(12, 1500),
(27, 1500),
(11, 1500),
(29, 1501),
(36, 1501),
(16, 1501),
(46, 1502),
(9, 1502),
(24, 1502),
(15, 1503),
(41, 1503),
(12, 1503),
(2, 1504),
(50, 1504),
(35, 1504),
(38, 1505),
(39, 1505),
(34, 1505),
(4, 1506),
(49, 1506),
(3, 1506),
(5, 1507),
(49, 1507),
(17, 1507),
(18, 1508),
(41, 1508),
(9, 1508),
(49, 1509),
(37, 1509),
(40, 1509),
(47, 1510),
(50, 1510),
(12, 1510),
(42, 1511),
(45, 1511),
(40, 1511),
(22, 1512),
(26, 1512),
(10, 1512),
(48, 1513),
(10, 1513),
(29, 1513),
(36, 1514),
(12, 1514),
(13, 1514),
(8, 1515),
(43, 1515),
(4, 1515),
(9, 1516),
(34, 1516),
(17, 1516),
(34, 1517),
(13, 1517),
(41, 1517),
(37, 1518),
(35, 1518),
(39, 1518),
(47, 1519),
(35, 1519),
(48, 1519),
(10, 1520),
(14, 1520),
(47, 1520),
(3, 1521),
(25, 1521),
(46, 1521),
(37, 1522),
(3, 1522),
(22, 1522),
(25, 1523),
(32, 1523),
(1, 1523),
(47, 1524),
(25, 1524),
(24, 1524),
(25, 1525),
(42, 1525),
(9, 1525),
(8, 1526),
(27, 1526),
(11, 1526),
(22, 1527),
(10, 1527),
(27, 1527),
(38, 1528),
(29, 1528),
(42, 1528),
(45, 1529),
(28, 1529),
(36, 1529),
(42, 1530),
(13, 1530),
(27, 1530),
(23, 1531),
(30, 1531),
(10, 1531),
(14, 1532),
(45, 1532),
(2, 1532),
(45, 1533),
(35, 1533),
(30, 1533),
(6, 1534),
(48, 1534),
(35, 1534),
(17, 1535),
(22, 1535),
(25, 1535),
(8, 1536),
(2, 1536),
(15, 1536),
(15, 1537),
(49, 1537),
(14, 1537),
(7, 1538),
(17, 1538),
(33, 1538),
(25, 1539),
(37, 1539),
(26, 1539),
(20, 1540),
(17, 1540),
(2, 1540),
(20, 1541),
(47, 1541),
(30, 1541),
(37, 1542),
(29, 1542),
(3, 1542),
(2, 1543),
(41, 1543),
(8, 1543),
(13, 1544),
(14, 1544),
(8, 1544),
(39, 1545),
(11, 1545),
(3, 1545),
(47, 1546),
(16, 1546),
(13, 1546),
(12, 1547),
(35, 1547),
(8, 1547),
(1, 1548),
(16, 1548),
(28, 1548),
(24, 1549),
(45, 1549),
(26, 1549),
(41, 1550),
(5, 1550),
(32, 1550),
(30, 1551),
(48, 1551),
(31, 1551),
(41, 1552),
(42, 1552),
(32, 1552),
(11, 1553),
(7, 1553),
(36, 1553),
(6, 1554),
(42, 1554),
(10, 1554),
(3, 1555),
(2, 1555),
(31, 1555),
(2, 1556),
(27, 1556),
(22, 1556),
(31, 1557),
(22, 1557),
(43, 1557),
(1, 1558),
(15, 1558),
(34, 1558),
(28, 1559),
(2, 1559),
(5, 1559),
(27, 1560),
(9, 1560),
(30, 1560),
(11, 1561),
(40, 1561),
(44, 1561),
(2, 1562),
(50, 1562),
(15, 1562),
(25, 1563),
(35, 1563),
(22, 1563),
(46, 1564),
(14, 1564),
(23, 1564),
(17, 1565),
(15, 1565),
(25, 1565),
(12, 1566),
(3, 1566),
(6, 1566),
(4, 1567),
(5, 1567),
(8, 1567),
(34, 1568),
(8, 1568),
(36, 1568),
(8, 1569),
(8, 1569),
(48, 1569),
(34, 1570),
(19, 1570),
(23, 1570),
(37, 1571),
(15, 1571),
(9, 1571),
(29, 1572),
(42, 1572),
(36, 1572),
(20, 1573),
(7, 1573),
(34, 1573),
(50, 1574),
(48, 1574),
(30, 1574),
(4, 1575),
(46, 1575),
(28, 1575),
(29, 1576),
(34, 1576),
(40, 1576),
(42, 1577),
(33, 1577),
(7, 1577),
(43, 1578),
(23, 1578),
(12, 1578),
(15, 1579),
(47, 1579),
(37, 1579),
(11, 1580),
(13, 1580),
(48, 1580),
(6, 1581),
(35, 1581),
(24, 1581),
(6, 1582),
(38, 1582),
(5, 1582),
(18, 1583),
(3, 1583),
(14, 1583),
(2, 1584),
(42, 1584),
(31, 1584),
(12, 1585),
(6, 1585),
(23, 1585),
(26, 1586),
(30, 1586),
(14, 1586),
(12, 1587),
(30, 1587),
(34, 1587),
(14, 1588),
(28, 1588),
(19, 1588),
(3, 1589),
(15, 1589),
(45, 1589),
(4, 1590),
(16, 1590),
(50, 1590),
(47, 1591),
(5, 1591),
(40, 1591),
(8, 1592),
(26, 1592),
(17, 1592),
(41, 1593),
(10, 1593),
(19, 1593),
(21, 1594),
(16, 1594),
(16, 1594),
(17, 1595),
(20, 1595),
(38, 1595),
(39, 1596),
(1, 1596),
(39, 1596),
(41, 1597),
(21, 1597),
(19, 1597),
(9, 1598),
(8, 1598),
(4, 1598),
(16, 1599),
(32, 1599),
(14, 1599),
(11, 1600),
(24, 1600),
(10, 1600),
(37, 1601),
(42, 1601),
(6, 1601),
(33, 1602),
(15, 1602),
(10, 1602),
(37, 1603),
(11, 1603),
(48, 1603),
(17, 1604),
(43, 1604),
(2, 1604),
(28, 1605),
(50, 1605),
(36, 1605),
(40, 1606),
(17, 1606),
(9, 1606),
(44, 1607),
(48, 1607),
(34, 1607),
(39, 1608),
(2, 1608),
(38, 1608),
(14, 1609),
(10, 1609),
(11, 1609),
(8, 1610),
(11, 1610),
(34, 1610),
(32, 1611),
(9, 1611),
(35, 1611),
(45, 1612),
(40, 1612),
(32, 1612),
(37, 1613),
(36, 1613),
(27, 1613),
(39, 1614),
(14, 1614),
(8, 1614),
(22, 1615),
(25, 1615),
(30, 1615),
(37, 1616),
(43, 1616),
(11, 1616),
(44, 1617),
(28, 1617),
(9, 1617),
(35, 1618),
(23, 1618),
(8, 1618),
(25, 1619),
(41, 1619),
(37, 1619),
(14, 1620),
(45, 1620),
(8, 1620),
(9, 1621),
(22, 1621),
(14, 1621),
(12, 1622),
(36, 1622),
(13, 1622),
(25, 1623),
(28, 1623),
(8, 1623),
(18, 1624),
(18, 1624),
(4, 1624),
(26, 1625),
(2, 1625),
(48, 1625),
(25, 1626),
(31, 1626),
(48, 1626),
(46, 1627),
(20, 1627),
(47, 1627),
(18, 1628),
(7, 1628),
(44, 1628),
(36, 1629),
(31, 1629),
(6, 1629),
(41, 1630),
(5, 1630),
(17, 1630),
(13, 1631),
(49, 1631),
(3, 1631),
(46, 1632),
(6, 1632),
(43, 1632),
(18, 1633),
(1, 1633),
(32, 1633),
(25, 1634),
(43, 1634),
(48, 1634),
(25, 1635),
(23, 1635),
(14, 1635),
(23, 1636),
(37, 1636),
(17, 1636),
(35, 1637),
(49, 1637),
(18, 1637),
(6, 1638),
(3, 1638),
(11, 1638),
(37, 1639),
(49, 1639),
(30, 1639),
(17, 1640),
(4, 1640),
(38, 1640),
(1, 1641),
(21, 1641),
(18, 1641),
(39, 1642),
(25, 1642),
(18, 1642),
(48, 1643),
(1, 1643),
(6, 1643),
(35, 1644),
(36, 1644),
(3, 1644),
(46, 1645),
(14, 1645),
(4, 1645),
(10, 1646),
(7, 1646),
(6, 1646),
(23, 1647),
(23, 1647),
(37, 1647),
(33, 1648),
(46, 1648),
(21, 1648),
(3, 1649),
(34, 1649),
(35, 1649),
(8, 1650),
(42, 1650),
(26, 1650),
(13, 1651),
(1, 1651),
(18, 1651),
(5, 1652),
(1, 1652),
(24, 1652),
(43, 1653),
(32, 1653),
(32, 1653),
(44, 1654),
(47, 1654),
(25, 1654),
(42, 1655),
(19, 1655),
(29, 1655),
(46, 1656),
(3, 1656),
(22, 1656),
(9, 1657),
(42, 1657),
(13, 1657),
(34, 1658),
(44, 1658),
(50, 1658),
(17, 1659),
(29, 1659),
(2, 1659),
(41, 1660),
(32, 1660),
(47, 1660),
(6, 1661),
(49, 1661),
(4, 1661),
(33, 1662),
(4, 1662),
(13, 1662),
(47, 1663),
(9, 1663),
(19, 1663),
(27, 1664),
(27, 1664),
(35, 1664),
(26, 1665),
(28, 1665),
(23, 1665),
(30, 1666),
(35, 1666),
(41, 1666),
(33, 1667),
(43, 1667),
(30, 1667),
(17, 1668),
(11, 1668),
(32, 1668),
(46, 1669),
(10, 1669),
(37, 1669),
(34, 1670),
(48, 1670),
(13, 1670),
(10, 1671),
(31, 1671),
(29, 1671),
(9, 1672),
(45, 1672),
(43, 1672),
(23, 1673),
(12, 1673),
(25, 1673),
(30, 1674),
(28, 1674),
(26, 1674),
(2, 1675),
(5, 1675),
(8, 1675),
(14, 1676),
(21, 1676),
(17, 1676),
(1, 1677),
(27, 1677),
(21, 1677),
(7, 1678),
(30, 1678),
(15, 1678),
(41, 1679),
(9, 1679),
(47, 1679),
(25, 1680),
(32, 1680),
(5, 1680),
(4, 1681),
(23, 1681),
(26, 1681),
(2, 1682),
(14, 1682),
(15, 1682),
(37, 1683),
(8, 1683),
(31, 1683),
(22, 1684),
(41, 1684),
(38, 1684),
(36, 1685),
(49, 1685),
(19, 1685),
(4, 1686),
(37, 1686),
(7, 1686),
(39, 1687),
(37, 1687),
(31, 1687),
(27, 1688),
(13, 1688),
(34, 1688),
(8, 1689),
(12, 1689),
(10, 1689),
(40, 1690),
(45, 1690),
(27, 1690),
(15, 1691),
(39, 1691),
(19, 1691),
(10, 1692),
(38, 1692),
(6, 1692),
(33, 1693),
(17, 1693),
(14, 1693),
(50, 1694),
(6, 1694),
(24, 1694),
(36, 1695),
(9, 1695),
(37, 1695),
(9, 1696),
(33, 1696),
(43, 1696),
(15, 1697),
(22, 1697),
(24, 1697),
(37, 1698),
(36, 1698),
(26, 1698),
(38, 1699),
(1, 1699),
(5, 1699),
(14, 1700),
(14, 1700),
(21, 1700),
(3, 1701),
(8, 1701),
(43, 1701),
(17, 1702),
(3, 1702),
(49, 1702),
(20, 1703),
(9, 1703),
(28, 1703),
(47, 1704),
(37, 1704),
(45, 1704),
(11, 1705),
(31, 1705),
(31, 1705),
(33, 1706),
(15, 1706),
(12, 1706),
(49, 1707),
(33, 1707),
(38, 1707),
(19, 1708),
(34, 1708),
(26, 1708),
(32, 1709),
(14, 1709),
(4, 1709),
(11, 1710),
(17, 1710),
(28, 1710),
(36, 1711),
(37, 1711),
(12, 1711),
(44, 1712),
(9, 1712),
(23, 1712),
(20, 1713),
(31, 1713),
(42, 1713),
(14, 1714),
(31, 1714),
(38, 1714),
(41, 1715),
(29, 1715),
(20, 1715),
(23, 1716),
(1, 1716),
(22, 1716),
(4, 1717),
(49, 1717),
(28, 1717),
(17, 1718),
(49, 1718),
(2, 1718),
(19, 1719),
(38, 1719),
(12, 1719),
(22, 1720),
(48, 1720),
(42, 1720),
(14, 1721),
(2, 1721),
(36, 1721),
(23, 1722),
(31, 1722),
(15, 1722),
(26, 1723),
(32, 1723),
(8, 1723),
(35, 1724),
(24, 1724),
(3, 1724),
(12, 1725),
(13, 1725),
(10, 1725),
(49, 1726),
(8, 1726),
(42, 1726),
(4, 1727),
(49, 1727),
(13, 1727),
(47, 1728),
(18, 1728),
(13, 1728),
(34, 1729),
(50, 1729),
(18, 1729),
(1, 1730),
(23, 1730),
(15, 1730),
(13, 1731),
(48, 1731),
(23, 1731),
(40, 1732),
(44, 1732),
(31, 1732),
(30, 1733),
(42, 1733),
(33, 1733),
(28, 1734),
(19, 1734),
(31, 1734),
(39, 1735),
(40, 1735),
(12, 1735),
(45, 1736),
(12, 1736),
(15, 1736),
(29, 1737),
(20, 1737),
(35, 1737),
(6, 1738),
(14, 1738),
(22, 1738),
(42, 1739),
(50, 1739),
(9, 1739),
(15, 1740),
(33, 1740),
(15, 1740),
(27, 1741),
(7, 1741),
(22, 1741),
(29, 1742),
(38, 1742),
(13, 1742),
(43, 1743),
(25, 1743),
(44, 1743),
(48, 1744),
(43, 1744),
(36, 1744),
(22, 1745),
(50, 1745),
(36, 1745),
(16, 1746),
(27, 1746),
(25, 1746),
(48, 1747),
(13, 1747),
(47, 1747),
(29, 1748),
(2, 1748),
(46, 1748),
(25, 1749),
(30, 1749),
(8, 1749),
(22, 1750),
(35, 1750),
(28, 1750),
(39, 1751),
(33, 1751),
(44, 1751),
(14, 1752),
(26, 1752),
(29, 1752),
(44, 1753),
(47, 1753),
(18, 1753),
(4, 1754),
(16, 1754),
(32, 1754),
(49, 1755),
(20, 1755),
(23, 1755),
(16, 1756),
(13, 1756),
(36, 1756),
(39, 1757),
(3, 1757),
(42, 1757),
(49, 1758),
(50, 1758),
(21, 1758),
(33, 1759),
(20, 1759),
(37, 1759),
(26, 1760),
(26, 1760),
(40, 1760),
(34, 1761),
(33, 1761),
(37, 1761),
(28, 1762),
(47, 1762),
(19, 1762),
(43, 1763),
(32, 1763),
(50, 1763),
(50, 1764),
(28, 1764),
(15, 1764),
(2, 1765),
(20, 1765),
(48, 1765),
(3, 1766),
(45, 1766),
(42, 1766),
(36, 1767),
(17, 1767),
(43, 1767),
(15, 1768),
(8, 1768),
(3, 1768),
(21, 1769),
(11, 1769),
(34, 1769),
(45, 1770),
(48, 1770),
(45, 1770),
(44, 1771),
(37, 1771),
(36, 1771),
(46, 1772),
(46, 1772),
(29, 1772),
(10, 1773),
(26, 1773),
(32, 1773),
(5, 1774),
(45, 1774),
(41, 1774),
(28, 1775),
(37, 1775),
(24, 1775),
(18, 1776),
(39, 1776),
(8, 1776),
(30, 1777),
(5, 1777),
(32, 1777),
(34, 1778),
(30, 1778),
(7, 1778),
(15, 1779),
(39, 1779),
(12, 1779),
(50, 1780),
(38, 1780),
(24, 1780),
(48, 1781),
(19, 1781),
(31, 1781),
(27, 1782),
(25, 1782),
(15, 1782),
(7, 1783),
(26, 1783),
(40, 1783),
(22, 1784),
(18, 1784),
(14, 1784),
(49, 1785),
(36, 1785),
(33, 1785),
(12, 1786),
(30, 1786),
(10, 1786),
(9, 1787),
(1, 1787),
(24, 1787),
(14, 1788),
(1, 1788),
(44, 1788),
(16, 1789),
(25, 1789),
(10, 1789),
(34, 1790),
(13, 1790),
(24, 1790),
(26, 1791),
(43, 1791),
(28, 1791),
(22, 1792),
(17, 1792),
(33, 1792),
(41, 1793),
(35, 1793),
(9, 1793),
(15, 1794),
(29, 1794),
(21, 1794),
(15, 1795),
(39, 1795),
(37, 1795),
(12, 1796),
(21, 1796),
(50, 1796),
(20, 1797),
(35, 1797),
(38, 1797),
(25, 1798),
(37, 1798),
(25, 1798),
(36, 1799),
(1, 1799),
(31, 1799),
(31, 1800),
(23, 1800),
(8, 1800),
(21, 1801),
(18, 1801),
(1, 1801),
(9, 1802),
(38, 1802),
(45, 1802),
(7, 1803),
(41, 1803),
(38, 1803),
(22, 1804),
(45, 1804),
(48, 1804),
(2, 1805),
(30, 1805),
(39, 1805),
(40, 1806),
(21, 1806),
(17, 1806),
(25, 1807),
(30, 1807),
(22, 1807),
(25, 1808);
INSERT INTO `picture_tag` (`id_tag`, `id_picture`) VALUES
(21, 1808),
(32, 1808),
(34, 1809),
(18, 1809),
(39, 1809),
(2, 1810),
(17, 1810),
(45, 1810),
(4, 1811),
(6, 1811),
(13, 1811),
(41, 1812),
(27, 1812),
(25, 1812),
(34, 1813),
(11, 1813),
(11, 1813),
(16, 1814),
(45, 1814),
(21, 1814),
(24, 1815),
(27, 1815),
(47, 1815),
(21, 1816),
(10, 1816),
(47, 1816),
(13, 1817),
(30, 1817),
(37, 1817),
(13, 1818),
(22, 1818),
(45, 1818),
(39, 1819),
(13, 1819),
(1, 1819),
(49, 1820),
(37, 1820),
(15, 1820),
(2, 1821),
(5, 1821),
(6, 1821),
(39, 1822),
(26, 1822),
(15, 1822),
(44, 1823),
(31, 1823),
(47, 1823),
(39, 1824),
(22, 1824),
(39, 1824),
(9, 1825),
(49, 1825),
(36, 1825),
(27, 1826),
(7, 1826),
(5, 1826),
(1, 1827),
(5, 1827),
(17, 1827),
(44, 1828),
(14, 1828),
(45, 1828),
(41, 1829),
(42, 1829),
(22, 1829),
(34, 1830),
(47, 1830),
(15, 1830),
(28, 1831),
(27, 1831),
(19, 1831),
(41, 1832),
(30, 1832),
(34, 1832),
(42, 1833),
(26, 1833),
(39, 1833),
(40, 1834),
(33, 1834),
(16, 1834),
(15, 1835),
(2, 1835),
(30, 1835),
(45, 1836),
(4, 1836),
(46, 1836),
(41, 1837),
(49, 1837),
(19, 1837),
(11, 1838),
(22, 1838),
(44, 1838),
(47, 1839),
(1, 1839),
(3, 1839),
(28, 1840),
(45, 1840),
(17, 1840),
(27, 1841),
(39, 1841),
(36, 1841),
(48, 1842),
(24, 1842),
(43, 1842),
(42, 1843),
(14, 1843),
(1, 1843),
(31, 1844),
(44, 1844),
(45, 1844),
(35, 1845),
(16, 1845),
(17, 1845),
(13, 1846),
(27, 1846),
(32, 1846),
(44, 1847),
(7, 1847),
(2, 1847),
(41, 1848),
(18, 1848),
(22, 1848),
(23, 1849),
(6, 1849),
(38, 1849),
(10, 1850),
(50, 1850),
(10, 1850),
(42, 1851),
(19, 1851),
(17, 1851),
(36, 1852),
(43, 1852),
(8, 1852),
(17, 1853),
(39, 1853),
(7, 1853),
(50, 1854),
(10, 1854),
(23, 1854),
(8, 1855),
(20, 1855),
(14, 1855),
(47, 1856),
(16, 1856),
(46, 1856),
(28, 1857),
(8, 1857),
(20, 1857),
(24, 1858),
(47, 1858),
(33, 1858),
(32, 1859),
(27, 1859),
(41, 1859),
(1, 1860),
(9, 1860),
(20, 1860),
(21, 1861),
(38, 1861),
(25, 1861),
(3, 1862),
(37, 1862),
(14, 1862),
(6, 1863),
(24, 1863),
(8, 1863),
(9, 1864),
(34, 1864),
(8, 1864),
(9, 1865),
(50, 1865),
(22, 1865),
(47, 1866),
(42, 1866),
(35, 1866),
(8, 1867),
(4, 1867),
(1, 1867),
(1, 1868),
(25, 1868),
(7, 1868),
(28, 1869),
(39, 1869),
(46, 1869),
(44, 1870),
(16, 1870),
(17, 1870),
(3, 1871),
(32, 1871),
(5, 1871),
(1, 1872),
(8, 1872),
(26, 1872),
(17, 1873),
(41, 1873),
(45, 1873),
(21, 1874),
(47, 1874),
(16, 1874),
(22, 1875),
(20, 1875),
(13, 1875),
(31, 1876),
(7, 1876),
(8, 1876),
(11, 1877),
(13, 1877),
(23, 1877),
(9, 1878),
(34, 1878),
(34, 1878),
(10, 1879),
(44, 1879),
(22, 1879),
(12, 1880),
(25, 1880),
(10, 1880),
(28, 1881),
(45, 1881),
(24, 1881),
(14, 1882),
(21, 1882),
(24, 1882),
(29, 1883),
(40, 1883),
(46, 1883),
(18, 1884),
(28, 1884),
(8, 1884),
(8, 1885),
(41, 1885),
(23, 1885),
(2, 1886),
(10, 1886),
(49, 1886),
(21, 1887),
(3, 1887),
(26, 1887),
(5, 1888),
(18, 1888),
(8, 1888),
(28, 1889),
(35, 1889),
(31, 1889),
(44, 1890),
(27, 1890),
(45, 1890),
(23, 1891),
(2, 1891),
(5, 1891),
(41, 1892),
(8, 1892),
(34, 1892),
(21, 1893),
(30, 1893),
(7, 1893),
(19, 1894),
(17, 1894),
(40, 1894),
(11, 1895),
(39, 1895),
(45, 1895),
(15, 1896),
(37, 1896),
(4, 1896),
(4, 1897),
(46, 1897),
(35, 1897),
(5, 1898),
(43, 1898),
(33, 1898),
(46, 1899),
(20, 1899),
(26, 1899),
(29, 1900),
(8, 1900),
(45, 1900),
(14, 1901),
(14, 1901),
(48, 1901),
(43, 1902),
(26, 1902),
(42, 1902),
(49, 1903),
(4, 1903),
(15, 1903),
(46, 1904),
(39, 1904),
(46, 1904),
(29, 1905),
(48, 1905),
(42, 1905),
(37, 1906),
(45, 1906),
(30, 1906),
(11, 1907),
(14, 1907),
(21, 1907),
(30, 1908),
(19, 1908),
(33, 1908),
(18, 1909),
(45, 1909),
(26, 1909),
(19, 1910),
(45, 1910),
(22, 1910),
(20, 1911),
(34, 1911),
(2, 1911),
(24, 1912),
(10, 1912),
(19, 1912),
(49, 1913),
(38, 1913),
(16, 1913),
(18, 1914),
(30, 1914),
(48, 1914),
(31, 1915),
(17, 1915),
(35, 1915),
(41, 1916),
(30, 1916),
(32, 1916),
(28, 1917),
(22, 1917),
(23, 1917),
(49, 1918),
(24, 1918),
(17, 1918),
(34, 1919),
(24, 1919),
(49, 1919),
(20, 1920),
(35, 1920),
(43, 1920),
(2, 1921),
(5, 1921),
(16, 1921),
(38, 1922),
(5, 1922),
(13, 1922),
(6, 1923),
(41, 1923),
(5, 1923),
(34, 1924),
(17, 1924),
(16, 1924),
(3, 1925),
(39, 1925),
(14, 1925),
(49, 1926),
(43, 1926),
(13, 1926),
(8, 1927),
(1, 1927),
(4, 1927),
(33, 1928),
(19, 1928),
(10, 1928),
(25, 1929),
(21, 1929),
(7, 1929),
(32, 1930),
(18, 1930),
(29, 1930),
(48, 1931),
(40, 1931),
(33, 1931),
(22, 1932),
(20, 1932),
(6, 1932),
(35, 1933),
(30, 1933),
(46, 1933),
(15, 1934),
(43, 1934),
(27, 1934),
(14, 1935),
(18, 1935),
(10, 1935),
(17, 1936),
(26, 1936),
(37, 1936),
(3, 1937),
(28, 1937),
(46, 1937),
(5, 1938),
(20, 1938),
(28, 1938),
(12, 1939),
(20, 1939),
(13, 1939),
(21, 1940),
(31, 1940),
(13, 1940),
(20, 1941),
(21, 1941),
(27, 1941),
(23, 1942),
(31, 1942),
(43, 1942),
(2, 1943),
(6, 1943),
(44, 1943),
(32, 1944),
(39, 1944),
(45, 1944),
(49, 1945),
(9, 1945),
(10, 1945),
(17, 1946),
(10, 1946),
(27, 1946),
(16, 1947),
(44, 1947),
(43, 1947),
(6, 1948),
(8, 1948),
(4, 1948),
(28, 1949),
(44, 1949),
(15, 1949),
(18, 1950),
(6, 1950),
(12, 1950),
(36, 1951),
(40, 1951),
(18, 1951),
(28, 1952),
(37, 1952),
(47, 1952),
(20, 1953),
(29, 1953),
(33, 1953),
(10, 1954),
(39, 1954),
(22, 1954),
(29, 1955),
(1, 1955),
(48, 1955),
(47, 1956),
(25, 1956),
(34, 1956),
(3, 1957),
(34, 1957),
(7, 1957),
(49, 1958),
(14, 1958),
(43, 1958),
(41, 1959),
(8, 1959),
(17, 1959),
(43, 1960),
(11, 1960),
(26, 1960),
(3, 1961),
(11, 1961),
(27, 1961),
(13, 1962),
(12, 1962),
(14, 1962),
(44, 1963),
(31, 1963),
(33, 1963),
(21, 1964),
(27, 1964),
(34, 1964),
(31, 1965),
(2, 1965),
(2, 1965),
(7, 1966),
(10, 1966),
(18, 1966),
(39, 1967),
(33, 1967),
(6, 1967),
(36, 1968),
(38, 1968),
(24, 1968),
(15, 1969),
(35, 1969),
(19, 1969),
(20, 1970),
(11, 1970),
(22, 1970),
(29, 1971),
(22, 1971),
(42, 1971),
(35, 1972),
(27, 1972),
(44, 1972),
(49, 1973),
(27, 1973),
(7, 1973),
(13, 1974),
(6, 1974),
(26, 1974),
(20, 1975),
(19, 1975),
(24, 1975),
(39, 1976),
(49, 1976),
(47, 1976),
(16, 1977),
(35, 1977),
(31, 1977),
(37, 1978),
(44, 1978),
(20, 1978),
(25, 1979),
(43, 1979),
(7, 1979),
(33, 1980),
(3, 1980),
(3, 1980),
(15, 1981),
(40, 1981),
(22, 1981),
(23, 1982),
(40, 1982),
(3, 1982),
(14, 1983),
(25, 1983),
(32, 1983),
(19, 1984),
(33, 1984),
(25, 1984),
(32, 1985),
(5, 1985),
(43, 1985),
(10, 1986),
(39, 1986),
(44, 1986),
(4, 1987),
(28, 1987),
(27, 1987),
(47, 1988),
(6, 1988),
(11, 1988),
(12, 1989),
(42, 1989),
(12, 1989),
(12, 1990),
(25, 1990),
(16, 1990),
(35, 1991),
(38, 1991),
(41, 1991),
(28, 1992),
(37, 1992),
(20, 1992),
(44, 1993),
(39, 1993),
(27, 1993),
(4, 1994),
(15, 1994),
(48, 1994),
(14, 1995),
(4, 1995),
(25, 1995),
(12, 1996),
(1, 1996),
(25, 1996),
(32, 1997),
(32, 1997),
(29, 1997),
(40, 1998),
(38, 1998),
(11, 1998),
(32, 1999),
(16, 1999),
(31, 1999),
(30, 2000),
(40, 2000),
(1, 2000),
(36, 2001),
(50, 2001),
(25, 2001),
(20, 2002),
(9, 2002),
(9, 2002),
(19, 2003),
(19, 2003),
(36, 2003),
(24, 2004),
(35, 2004),
(41, 2004),
(8, 2005),
(44, 2005),
(44, 2005),
(13, 2006),
(33, 2006),
(17, 2006),
(12, 2007),
(13, 2007),
(24, 2007),
(26, 2008),
(27, 2008),
(25, 2008),
(28, 2009),
(7, 2009),
(15, 2009),
(29, 2010),
(46, 2010),
(36, 2010),
(9, 2011),
(18, 2011),
(14, 2011),
(41, 2012),
(6, 2012),
(47, 2012),
(13, 2013),
(11, 2013),
(32, 2013),
(32, 2014),
(23, 2014),
(40, 2014),
(15, 2015),
(23, 2015),
(3, 2015),
(28, 2016),
(38, 2016),
(32, 2016),
(18, 2017),
(36, 2017),
(30, 2017),
(30, 2018),
(25, 2018),
(16, 2018),
(39, 2019),
(37, 2019),
(49, 2019),
(16, 2020),
(21, 2020),
(7, 2020),
(50, 2021),
(14, 2021),
(20, 2021),
(50, 2022),
(26, 2022),
(21, 2022),
(1, 2023),
(2, 2023),
(3, 2023),
(9, 2024),
(32, 2024),
(11, 2024),
(48, 2025),
(11, 2025),
(45, 2025),
(4, 2026),
(14, 2026),
(18, 2026),
(10, 2027),
(19, 2027),
(24, 2027),
(37, 2028),
(23, 2028),
(27, 2028),
(39, 2029),
(14, 2029),
(28, 2029),
(4, 2030),
(49, 2030),
(8, 2030),
(10, 2031),
(1, 2031),
(49, 2031),
(11, 2032),
(23, 2032),
(10, 2032),
(21, 2033),
(36, 2033),
(45, 2033),
(43, 2034),
(2, 2034),
(38, 2034),
(2, 2035),
(40, 2035),
(18, 2035),
(47, 2036),
(21, 2036),
(21, 2036),
(44, 2037),
(42, 2037),
(28, 2037),
(31, 2038),
(1, 2038),
(18, 2038),
(6, 2039),
(35, 2039),
(34, 2039),
(1, 2040),
(17, 2040),
(31, 2040),
(47, 2041),
(19, 2041),
(21, 2041),
(16, 2042),
(9, 2042),
(44, 2042),
(22, 2043),
(6, 2043),
(41, 2043),
(19, 2044),
(17, 2044),
(22, 2044),
(37, 2045),
(43, 2045),
(38, 2045),
(2, 2046),
(50, 2046),
(45, 2046),
(43, 2047),
(22, 2047),
(9, 2047),
(14, 2048),
(18, 2048),
(15, 2048),
(40, 2049),
(48, 2049),
(44, 2049),
(28, 2050),
(47, 2050),
(5, 2050),
(7, 2051),
(36, 2051),
(50, 2051),
(48, 2052),
(27, 2052),
(41, 2052),
(44, 2053),
(9, 2053),
(14, 2053),
(18, 2054),
(23, 2054),
(1, 2054),
(12, 2055),
(31, 2055),
(19, 2055),
(32, 2056),
(34, 2056),
(28, 2056),
(31, 2057),
(31, 2057),
(10, 2057),
(19, 2058),
(15, 2058),
(1, 2058),
(6, 2059),
(27, 2059),
(27, 2059),
(8, 2060),
(32, 2060),
(23, 2060),
(45, 2061),
(29, 2061),
(2, 2061),
(46, 2062),
(36, 2062),
(7, 2062),
(20, 2063),
(32, 2063),
(34, 2063),
(24, 2064),
(10, 2064),
(10, 2064),
(19, 2065),
(10, 2065),
(49, 2065),
(48, 2066),
(11, 2066),
(38, 2066),
(22, 2067),
(48, 2067),
(42, 2067),
(31, 2068),
(46, 2068),
(33, 2068),
(16, 2069),
(28, 2069),
(18, 2069),
(12, 2070),
(33, 2070),
(26, 2070),
(10, 2071),
(30, 2071),
(41, 2071),
(49, 2072),
(27, 2072),
(2, 2072),
(25, 2073),
(25, 2073),
(38, 2073),
(50, 2074),
(41, 2074),
(43, 2074),
(3, 2075),
(24, 2075),
(49, 2075),
(7, 2076),
(44, 2076),
(1, 2076),
(20, 2077),
(2, 2077),
(28, 2077),
(45, 2078),
(45, 2078),
(19, 2078),
(36, 2079),
(10, 2079),
(21, 2079),
(3, 2080),
(21, 2080),
(27, 2080),
(42, 2081),
(27, 2081),
(28, 2081),
(31, 2082),
(22, 2082),
(9, 2082),
(43, 2083),
(30, 2083),
(17, 2083),
(17, 2084),
(4, 2084),
(32, 2084),
(30, 2085),
(10, 2085),
(45, 2085),
(35, 2086),
(48, 2086),
(35, 2086),
(24, 2087),
(23, 2087),
(45, 2087),
(45, 2088),
(42, 2088),
(17, 2088),
(12, 2089),
(40, 2089),
(17, 2089),
(10, 2090),
(27, 2090),
(21, 2090),
(40, 2091),
(4, 2091),
(35, 2091),
(34, 2092),
(39, 2092),
(44, 2092),
(43, 2093),
(23, 2093),
(11, 2093),
(3, 2094),
(38, 2094),
(20, 2094),
(46, 2095),
(28, 2095),
(17, 2095),
(49, 2096),
(49, 2096),
(8, 2096),
(50, 2097),
(28, 2097),
(2, 2097),
(7, 2098),
(22, 2098),
(49, 2098),
(50, 2099),
(9, 2099),
(10, 2099),
(26, 2100),
(10, 2100),
(4, 2100),
(21, 2101),
(4, 2101),
(45, 2101),
(41, 2102),
(34, 2102),
(13, 2102),
(6, 2103),
(31, 2103),
(29, 2103),
(5, 2104),
(18, 2104),
(31, 2104),
(39, 2105),
(38, 2105),
(13, 2105),
(6, 2106),
(41, 2106),
(2, 2106),
(16, 2107),
(41, 2107),
(20, 2107),
(10, 2108),
(46, 2108),
(20, 2108),
(16, 2109),
(41, 2109),
(19, 2109),
(13, 2110),
(4, 2110),
(16, 2110),
(4, 2111),
(38, 2111),
(42, 2111),
(28, 2112),
(11, 2112),
(50, 2112),
(30, 2113),
(13, 2113),
(23, 2113),
(43, 2114),
(44, 2114),
(19, 2114),
(21, 2115),
(14, 2115),
(20, 2115),
(8, 2116),
(41, 2116),
(42, 2116),
(14, 2117),
(41, 2117),
(20, 2117),
(38, 2118),
(22, 2118),
(2, 2118),
(45, 2119),
(16, 2119),
(42, 2119),
(24, 2120),
(23, 2120),
(18, 2120),
(8, 2121),
(13, 2121),
(35, 2121),
(20, 2122),
(15, 2122),
(16, 2122),
(8, 2123),
(30, 2123),
(46, 2123),
(35, 2124),
(13, 2124),
(1, 2124),
(33, 2125),
(8, 2125),
(45, 2125),
(17, 2126),
(25, 2126),
(26, 2126),
(49, 2127),
(12, 2127),
(17, 2127),
(37, 2128),
(27, 2128),
(8, 2128),
(39, 2129),
(24, 2129),
(14, 2129),
(1, 2130),
(13, 2130),
(39, 2130),
(46, 2131),
(24, 2131),
(26, 2131),
(13, 2132),
(36, 2132),
(35, 2132),
(44, 2133),
(37, 2133),
(5, 2133),
(16, 2134),
(8, 2134),
(44, 2134),
(38, 2135),
(8, 2135),
(16, 2135),
(9, 2136),
(12, 2136),
(40, 2136),
(14, 2137),
(16, 2137),
(44, 2137),
(30, 2138),
(38, 2138),
(33, 2138),
(1, 2139),
(30, 2139),
(19, 2139),
(38, 2140),
(40, 2140),
(12, 2140),
(16, 2141),
(37, 2141),
(6, 2141),
(43, 2142),
(28, 2142),
(31, 2142),
(14, 2143),
(24, 2143),
(6, 2143),
(27, 2144),
(27, 2144),
(42, 2144),
(39, 2145),
(23, 2145),
(44, 2145),
(36, 2146),
(21, 2146),
(11, 2146),
(14, 2147),
(12, 2147),
(38, 2147),
(19, 2148),
(15, 2148),
(26, 2148),
(10, 2149),
(31, 2149),
(24, 2149),
(7, 2150),
(49, 2150),
(16, 2150),
(45, 2151),
(5, 2151),
(33, 2151),
(21, 2152),
(34, 2152),
(14, 2152),
(45, 2153),
(16, 2153),
(32, 2153),
(19, 2154),
(15, 2154),
(47, 2154),
(17, 2155),
(8, 2155),
(4, 2155),
(28, 2156),
(22, 2156),
(35, 2156),
(41, 2157),
(7, 2157),
(42, 2157),
(31, 2158),
(26, 2158),
(13, 2158),
(10, 2159),
(24, 2159),
(3, 2159),
(6, 2160),
(24, 2160),
(13, 2160),
(47, 2161),
(6, 2161),
(13, 2161),
(17, 2162),
(4, 2162),
(15, 2162),
(42, 2163),
(36, 2163),
(1, 2163),
(45, 2164),
(11, 2164),
(44, 2164),
(36, 2165),
(48, 2165),
(22, 2165),
(11, 2166),
(18, 2166),
(1, 2166),
(33, 2167),
(3, 2167),
(16, 2167),
(5, 2168),
(26, 2168),
(5, 2168),
(43, 2169),
(27, 2169),
(12, 2169),
(24, 2170),
(48, 2170),
(32, 2170),
(45, 2171),
(9, 2171),
(20, 2171),
(24, 2172),
(26, 2172),
(32, 2172),
(24, 2173),
(10, 2173),
(3, 2173),
(23, 2174),
(5, 2174),
(40, 2174),
(8, 2175),
(11, 2175),
(29, 2175),
(30, 2176),
(33, 2176),
(49, 2176),
(49, 2177),
(30, 2177),
(37, 2177),
(15, 2178),
(46, 2178),
(25, 2178),
(21, 2179),
(41, 2179),
(29, 2179),
(38, 2180),
(25, 2180),
(46, 2180),
(1, 2181),
(21, 2181),
(47, 2181),
(23, 2182),
(32, 2182),
(44, 2182),
(3, 2183),
(5, 2183),
(50, 2183),
(19, 2184),
(35, 2184),
(3, 2184),
(3, 2185),
(27, 2185),
(17, 2185),
(20, 2186),
(20, 2186),
(38, 2186),
(12, 2187),
(15, 2187),
(22, 2187),
(25, 2188),
(12, 2188),
(38, 2188),
(6, 2189),
(38, 2189),
(35, 2189),
(36, 2190),
(40, 2190),
(45, 2190),
(16, 2191),
(34, 2191),
(20, 2191),
(12, 2192),
(12, 2192),
(21, 2192),
(10, 2193),
(23, 2193),
(12, 2193),
(14, 2194),
(43, 2194),
(21, 2194),
(36, 2195),
(32, 2195),
(1, 2195),
(5, 2196),
(43, 2196),
(31, 2196),
(38, 2197),
(31, 2197),
(37, 2197),
(9, 2198),
(9, 2198),
(9, 2198),
(44, 2199),
(26, 2199),
(29, 2199),
(2, 2200),
(24, 2200),
(22, 2200),
(14, 2201),
(5, 2201),
(3, 2201),
(49, 2202),
(31, 2202),
(2, 2202),
(27, 2203),
(29, 2203),
(5, 2203),
(38, 2204),
(22, 2204),
(18, 2204),
(48, 2205),
(36, 2205),
(20, 2205),
(17, 2206),
(12, 2206),
(13, 2206),
(4, 2207),
(40, 2207),
(15, 2207),
(34, 2208),
(13, 2208),
(30, 2208),
(4, 2209),
(17, 2209),
(31, 2209),
(42, 2210),
(5, 2210),
(50, 2210),
(5, 2211),
(45, 2211),
(35, 2211),
(34, 2212),
(18, 2212),
(27, 2212),
(2, 2213),
(33, 2213),
(31, 2213),
(7, 2214),
(44, 2214),
(20, 2214),
(20, 2215),
(29, 2215),
(37, 2215),
(14, 2216),
(34, 2216),
(11, 2216),
(29, 2217),
(49, 2217),
(31, 2217),
(2, 2218),
(43, 2218),
(30, 2218),
(44, 2219),
(48, 2219),
(36, 2219),
(38, 2220),
(30, 2220),
(1, 2220),
(34, 2221),
(41, 2221),
(1, 2221),
(45, 2222),
(12, 2222),
(4, 2222),
(27, 2223),
(48, 2223),
(32, 2223),
(44, 2224),
(35, 2224),
(1, 2224),
(29, 2225),
(8, 2225),
(12, 2225),
(25, 2226),
(4, 2226),
(42, 2226),
(20, 2227),
(25, 2227),
(36, 2227),
(47, 2228),
(50, 2228),
(34, 2228),
(42, 2229),
(26, 2229),
(28, 2229),
(49, 2230),
(7, 2230),
(13, 2230),
(35, 2231),
(42, 2231),
(32, 2231),
(14, 2232),
(21, 2232),
(30, 2232),
(41, 2233),
(9, 2233),
(46, 2233),
(15, 2234),
(36, 2234),
(46, 2234),
(20, 2235),
(19, 2235),
(43, 2235),
(20, 2236),
(46, 2236),
(21, 2236),
(27, 2237),
(43, 2237),
(47, 2237),
(38, 2238),
(15, 2238),
(45, 2238),
(28, 2239),
(18, 2239),
(33, 2239),
(36, 2240),
(5, 2240),
(27, 2240),
(32, 2241),
(41, 2241),
(33, 2241),
(39, 2242),
(28, 2242),
(23, 2242),
(21, 2243),
(42, 2243),
(11, 2243),
(30, 2244),
(18, 2244),
(26, 2244),
(46, 2245),
(9, 2245),
(35, 2245),
(22, 2246),
(25, 2246),
(21, 2246),
(33, 2247),
(31, 2247),
(23, 2247),
(15, 2248),
(47, 2248),
(31, 2248),
(2, 2249),
(42, 2249),
(27, 2249),
(16, 2250),
(9, 2250),
(40, 2250),
(44, 2251),
(37, 2251),
(32, 2251),
(41, 2252),
(46, 2252),
(34, 2252),
(4, 2253),
(48, 2253),
(13, 2253),
(25, 2254),
(42, 2254),
(5, 2254),
(43, 2255),
(40, 2255),
(20, 2255),
(15, 2256),
(24, 2256),
(17, 2256),
(39, 2257),
(28, 2257),
(3, 2257),
(19, 2258),
(23, 2258),
(21, 2258),
(49, 2259),
(29, 2259),
(35, 2259),
(11, 2260),
(44, 2260),
(26, 2260),
(15, 2261),
(11, 2261),
(36, 2261),
(43, 2262),
(16, 2262),
(11, 2262),
(13, 2263),
(12, 2263),
(11, 2263),
(43, 2264),
(2, 2264),
(14, 2264),
(1, 2265),
(8, 2265),
(43, 2265),
(33, 2266),
(45, 2266),
(45, 2266),
(33, 2267),
(46, 2267),
(32, 2267),
(44, 2268),
(18, 2268),
(33, 2268),
(18, 2269),
(21, 2269),
(11, 2269),
(4, 2270),
(36, 2270),
(1, 2270),
(19, 2271),
(31, 2271),
(27, 2271),
(47, 2272),
(6, 2272),
(41, 2272),
(31, 2273),
(1, 2273),
(32, 2273),
(5, 2274),
(41, 2274),
(22, 2274),
(39, 2275),
(49, 2275),
(50, 2275),
(37, 2276),
(41, 2276),
(42, 2276),
(2, 2277),
(30, 2277),
(3, 2277),
(40, 2278),
(42, 2278),
(22, 2278),
(26, 2279),
(38, 2279),
(36, 2279),
(30, 2280),
(24, 2280),
(48, 2280),
(46, 2281),
(46, 2281),
(7, 2281),
(46, 2282),
(49, 2282),
(25, 2282),
(24, 2283),
(7, 2283),
(38, 2283),
(12, 2284),
(44, 2284),
(7, 2284),
(30, 2285),
(2, 2285),
(48, 2285),
(1, 2286),
(4, 2286),
(31, 2286),
(15, 2287),
(49, 2287),
(28, 2287),
(20, 2288),
(28, 2288),
(36, 2288),
(47, 2289),
(8, 2289),
(7, 2289),
(8, 2290),
(9, 2290),
(40, 2290),
(1, 2291),
(10, 2291),
(36, 2291),
(5, 2292),
(24, 2292),
(13, 2292),
(4, 2293),
(5, 2293),
(34, 2293),
(19, 2294),
(24, 2294),
(35, 2294),
(23, 2295),
(33, 2295),
(29, 2295),
(1, 2296),
(16, 2296),
(18, 2296),
(49, 2297),
(29, 2297),
(40, 2297),
(32, 2298),
(13, 2298),
(32, 2298),
(41, 2299),
(3, 2299),
(41, 2299),
(11, 2300),
(23, 2300),
(34, 2300),
(12, 2301),
(16, 2301),
(16, 2301),
(31, 2302),
(34, 2302),
(34, 2302),
(45, 2303),
(35, 2303),
(11, 2303),
(34, 2304),
(38, 2304),
(4, 2304),
(34, 2305),
(22, 2305),
(3, 2305),
(20, 2306),
(35, 2306),
(22, 2306),
(41, 2307),
(4, 2307),
(48, 2307),
(34, 2308),
(35, 2308),
(8, 2308),
(30, 2309),
(8, 2309),
(2, 2309),
(43, 2310),
(47, 2310),
(37, 2310),
(2, 2311),
(49, 2311),
(38, 2311),
(12, 2312),
(50, 2312),
(11, 2312),
(3, 2313),
(49, 2313),
(40, 2313),
(5, 2314),
(6, 2314),
(25, 2314),
(21, 2315),
(13, 2315),
(24, 2315),
(7, 2316),
(9, 2316),
(44, 2316),
(49, 2317),
(24, 2317),
(14, 2317),
(9, 2318),
(40, 2318),
(34, 2318),
(47, 2319),
(33, 2319),
(8, 2319),
(8, 2320),
(27, 2320),
(7, 2320),
(16, 2321),
(32, 2321),
(17, 2321),
(15, 2322),
(42, 2322),
(30, 2322),
(17, 2323),
(11, 2323),
(19, 2323),
(20, 2324),
(41, 2324),
(46, 2324),
(13, 2325),
(38, 2325),
(7, 2325),
(5, 2326),
(5, 2326),
(24, 2326),
(32, 2327),
(39, 2327),
(34, 2327),
(7, 2328),
(23, 2328),
(34, 2328),
(18, 2329),
(9, 2329),
(49, 2329),
(21, 2330),
(49, 2330),
(17, 2330),
(44, 2331),
(34, 2331),
(38, 2331),
(46, 2332),
(19, 2332),
(32, 2332),
(20, 2333),
(1, 2333),
(3, 2333),
(26, 2334),
(14, 2334),
(16, 2334),
(43, 2335),
(26, 2335),
(45, 2335),
(3, 2336),
(28, 2336),
(5, 2336),
(2, 2337),
(29, 2337),
(16, 2337),
(23, 2338),
(17, 2338),
(34, 2338),
(9, 2339),
(13, 2339),
(47, 2339),
(22, 2340),
(17, 2340),
(7, 2340),
(37, 2341),
(7, 2341),
(15, 2341),
(45, 2342),
(17, 2342),
(27, 2342),
(7, 2343),
(17, 2343),
(4, 2343),
(17, 2344),
(21, 2344),
(1, 2344),
(35, 2345),
(31, 2345),
(45, 2345),
(21, 2346),
(46, 2346),
(11, 2346),
(11, 2347),
(25, 2347),
(4, 2347),
(43, 2348),
(41, 2348),
(15, 2348),
(2, 2349),
(40, 2349),
(17, 2349),
(35, 2350),
(29, 2350),
(43, 2350),
(36, 2351),
(35, 2351),
(17, 2351),
(4, 2352),
(4, 2352),
(46, 2352),
(16, 2353),
(27, 2353),
(20, 2353),
(42, 2354),
(44, 2354),
(12, 2354),
(6, 2355),
(26, 2355),
(6, 2355),
(40, 2356),
(17, 2356),
(38, 2356),
(3, 2357),
(47, 2357),
(14, 2357),
(5, 2358),
(47, 2358),
(7, 2358),
(19, 2359),
(5, 2359),
(30, 2359),
(29, 2360),
(10, 2360),
(50, 2360),
(10, 2361),
(1, 2361),
(36, 2361),
(24, 2362),
(16, 2362),
(32, 2362),
(42, 2363),
(50, 2363),
(19, 2363),
(38, 2364),
(12, 2364),
(34, 2364),
(4, 2365),
(13, 2365),
(22, 2365),
(12, 2366),
(6, 2366),
(19, 2366),
(1, 2367),
(41, 2367),
(38, 2367),
(19, 2368),
(42, 2368),
(41, 2368),
(4, 2369),
(30, 2369),
(34, 2369),
(38, 2370),
(9, 2370),
(22, 2370),
(5, 2371),
(29, 2371),
(49, 2371),
(27, 2372),
(1, 2372),
(39, 2372),
(27, 2373),
(44, 2373),
(39, 2373),
(28, 2374),
(18, 2374),
(30, 2374),
(48, 2375),
(31, 2375),
(35, 2375),
(50, 2376),
(40, 2376),
(1, 2376),
(25, 2377),
(23, 2377),
(34, 2377),
(14, 2378),
(13, 2378),
(26, 2378),
(28, 2379),
(45, 2379),
(8, 2379),
(35, 2380),
(19, 2380),
(26, 2380),
(42, 2381),
(44, 2381),
(33, 2381),
(36, 2382),
(7, 2382),
(9, 2382),
(29, 2383),
(18, 2383),
(29, 2383),
(33, 2384),
(38, 2384),
(15, 2384),
(42, 2385),
(18, 2385),
(40, 2385),
(16, 2386),
(14, 2386),
(39, 2386),
(8, 2387),
(44, 2387),
(44, 2387),
(39, 2388),
(20, 2388),
(1, 2388),
(28, 2389),
(24, 2389),
(47, 2389),
(41, 2390),
(4, 2390),
(17, 2390),
(15, 2391),
(2, 2391),
(41, 2391),
(44, 2392),
(20, 2392),
(8, 2392),
(46, 2393),
(4, 2393),
(36, 2393),
(38, 2394),
(29, 2394),
(12, 2394),
(1, 2395),
(25, 2395),
(2, 2395),
(7, 2396),
(24, 2396),
(33, 2396),
(6, 2397),
(29, 2397),
(23, 2397),
(30, 2398),
(21, 2398),
(35, 2398),
(48, 2399),
(45, 2399),
(4, 2399),
(1, 2400),
(43, 2400),
(49, 2400),
(1, 2401),
(27, 2401),
(17, 2401),
(35, 2402),
(9, 2402),
(46, 2402),
(29, 2403),
(46, 2403),
(34, 2403),
(38, 2404),
(31, 2404),
(41, 2404),
(14, 2405),
(45, 2405),
(44, 2405),
(39, 2406),
(42, 2406),
(15, 2406),
(24, 2407),
(16, 2407),
(34, 2407),
(43, 2408),
(12, 2408),
(26, 2408),
(50, 2409),
(48, 2409),
(28, 2409),
(20, 2410),
(35, 2410),
(13, 2410),
(47, 2411),
(24, 2411),
(50, 2411),
(14, 2412),
(29, 2412),
(40, 2412),
(38, 2413),
(7, 2413),
(42, 2413),
(30, 2414),
(19, 2414),
(9, 2414),
(49, 2415),
(39, 2415),
(24, 2415),
(40, 2416),
(23, 2416),
(48, 2416),
(7, 2417),
(44, 2417),
(21, 2417),
(29, 2418),
(35, 2418),
(11, 2418),
(13, 2419),
(45, 2419),
(40, 2419),
(26, 2420),
(1, 2420),
(44, 2420),
(18, 2421),
(34, 2421),
(14, 2421),
(8, 2422),
(33, 2422),
(32, 2422),
(46, 2423),
(9, 2423),
(48, 2423),
(16, 2424),
(1, 2424),
(4, 2424),
(35, 2425),
(37, 2425),
(45, 2425),
(16, 2426),
(33, 2426),
(14, 2426),
(39, 2427),
(34, 2427),
(19, 2427),
(21, 2428),
(42, 2428),
(16, 2428),
(25, 2429),
(14, 2429),
(31, 2429),
(2, 2430),
(23, 2430),
(1, 2430),
(27, 2431),
(5, 2431),
(4, 2431),
(21, 2432),
(14, 2432),
(28, 2432),
(38, 2433),
(48, 2433),
(23, 2433),
(39, 2434),
(4, 2434),
(30, 2434),
(37, 2435),
(19, 2435),
(43, 2435),
(22, 2436),
(22, 2436),
(10, 2436),
(12, 2437),
(24, 2437),
(44, 2437),
(26, 2438),
(3, 2438),
(5, 2438),
(44, 2439),
(41, 2439),
(5, 2439),
(47, 2440),
(33, 2440),
(43, 2440),
(36, 2441),
(23, 2441),
(8, 2441),
(32, 2442),
(19, 2442),
(14, 2442),
(26, 2443),
(41, 2443),
(39, 2443),
(4, 2444),
(22, 2444),
(33, 2444),
(47, 2445),
(8, 2445),
(32, 2445),
(37, 2446),
(10, 2446),
(43, 2446),
(3, 2447),
(1, 2447),
(16, 2447),
(41, 2448),
(32, 2448),
(42, 2448),
(27, 2449),
(22, 2449),
(36, 2449),
(3, 2450),
(16, 2450),
(36, 2450),
(4, 2451),
(12, 2451),
(47, 2451),
(43, 2452),
(42, 2452),
(17, 2452),
(44, 2453),
(48, 2453),
(20, 2453),
(45, 2454),
(21, 2454),
(45, 2454),
(7, 2455),
(10, 2455),
(13, 2455),
(36, 2456),
(24, 2456),
(16, 2456),
(50, 2457),
(9, 2457),
(14, 2457),
(34, 2458),
(43, 2458),
(25, 2458),
(31, 2459),
(32, 2459),
(18, 2459),
(11, 2460),
(22, 2460),
(33, 2460),
(32, 2461),
(12, 2461),
(6, 2461),
(18, 2462),
(17, 2462),
(37, 2462),
(10, 2463),
(49, 2463),
(4, 2463),
(15, 2464),
(21, 2464),
(34, 2464),
(25, 2465),
(37, 2465),
(46, 2465),
(21, 2466),
(28, 2466),
(40, 2466),
(24, 2467),
(39, 2467),
(14, 2467),
(20, 2468),
(6, 2468),
(7, 2468),
(46, 2469),
(20, 2469),
(9, 2469),
(1, 2470),
(50, 2470),
(35, 2470),
(36, 2471),
(8, 2471),
(18, 2471),
(23, 2472),
(23, 2472),
(20, 2472),
(19, 2473),
(41, 2473),
(4, 2473),
(35, 2474),
(10, 2474),
(49, 2474),
(45, 2475),
(45, 2475),
(5, 2475),
(14, 2476),
(13, 2476),
(4, 2476),
(5, 2477),
(33, 2477),
(19, 2477),
(26, 2478),
(7, 2478),
(16, 2478),
(16, 2479),
(10, 2479),
(37, 2479),
(11, 2480),
(7, 2480),
(25, 2480),
(33, 2481),
(4, 2481),
(33, 2481),
(26, 2482),
(34, 2482),
(16, 2482),
(43, 2483),
(3, 2483),
(36, 2483),
(36, 2484),
(35, 2484),
(32, 2484),
(41, 2485),
(1, 2485),
(7, 2485),
(45, 2486),
(23, 2486),
(23, 2486),
(35, 2487),
(30, 2487),
(26, 2487),
(27, 2488),
(1, 2488),
(24, 2488),
(47, 2489),
(4, 2489),
(43, 2489),
(40, 2490),
(14, 2490),
(37, 2490),
(1, 2491),
(13, 2491),
(1, 2491),
(4, 2492),
(49, 2492),
(29, 2492),
(2, 2493),
(17, 2493),
(15, 2493),
(18, 2494),
(2, 2494),
(39, 2494),
(30, 2495),
(32, 2495),
(9, 2495),
(7, 2496),
(43, 2496),
(35, 2496),
(37, 2497),
(20, 2497),
(34, 2497),
(48, 2498),
(42, 2498),
(43, 2498),
(7, 2499),
(21, 2499),
(35, 2499),
(24, 2500),
(34, 2500),
(24, 2500);

-- --------------------------------------------------------

--
-- Structure de la table `tag`
--

CREATE TABLE `tag` (
  `id` int NOT NULL,
  `name` varchar(64) NOT NULL
) ENGINE=InnoDB DEFAULT CHARSET=utf8mb3;

--
-- Déchargement des données de la table `tag`
--

INSERT INTO `tag` (`id`, `name`) VALUES
(1, 'nutritious'),
(2, 'unkempt'),
(3, 'married'),
(4, 'foamy'),
(5, 'accurate'),
(6, 'motionless'),
(7, 'tacky'),
(8, 'same'),
(9, 'fierce'),
(10, 'abortive'),
(11, 'zesty'),
(12, 'kaput'),
(13, 'assorted'),
(14, 'annoying'),
(15, 'reminiscent'),
(16, 'excited'),
(17, 'busy'),
(18, 'lewd'),
(19, 'puffy'),
(20, 'racial'),
(21, 'guiltless'),
(22, 'disgusting'),
(23, 'plain'),
(24, 'violent'),
(25, 'spiteful'),
(26, 'fixed'),
(27, 'electrical'),
(28, 'uninterested'),
(29, 'brainy'),
(30, 'thick'),
(31, 'pregnant'),
(32, 'supreme'),
(33, 'purring'),
(34, 'nervous'),
(35, 'truthful'),
(36, 'flawless'),
(37, 'wretched'),
(38, 'encouraging'),
(39, 'earsplitting'),
(40, 'stormy'),
(41, 'craven'),
(42, 'thoughtless'),
(43, 'wooden'),
(44, 'paltry'),
(45, 'aloof'),
(46, 'luxuriant'),
(47, 'cagey'),
(48, 'parched'),
(49, 'labored'),
(50, 'absorbing');

-- --------------------------------------------------------

--
-- Structure de la table `user`
--

CREATE TABLE `user` (
  `id` int NOT NULL,
  `username` varchar(64) DEFAULT NULL,
  `name_file` varchar(256) DEFAULT NULL,
  `password` varchar(128) DEFAULT NULL,
  `email` varchar(128) DEFAULT NULL,
  `level` int NOT NULL
) ENGINE=InnoDB DEFAULT CHARSET=utf8mb3;

--
-- Déchargement des données de la table `user`
--

INSERT INTO `user` (`id`, `username`, `name_file`, `password`, `email`, `level`) VALUES
(1, 'User0', NULL, '$2y$12$2RGhoJiTx66zhlUwwDOGFeyAwwQrx3rDsxtOpQyNQDAR52RzpZ7X.', 'user0@photomedia.fr', 0),
(2, 'User1', NULL, '$2y$12$1Y3rZ3ZovzPtY8GG9Dp43Ofz6cIRgIlUhN4d1ZtF9NfrXV2kXtPga', 'user1@photomedia.fr', 0),
(3, 'User2', NULL, '$2y$12$Rh68nzmjpJBZ.nbvP0UAAu.TcaD1P8Zl9P9xN/nxjUQWUnTdvzo26', 'user2@photomedia.fr', 0),
(4, 'User3', NULL, '$2y$12$TLfkmmpeO8MFl6AGaL2qE.P2ORmXaOXHcjO5Q/i0NrblrQV9KSqVK', 'user3@photomedia.fr', 0),
(5, 'User4', NULL, '$2y$12$e7B1.CsGGYe/7KmYuus1Euneh3QrmvNm4fXHgho3./YYA7YaFwmuW', 'user4@photomedia.fr', 0),
(6, 'User5', NULL, '$2y$12$NnMUKHSSxov2p2PMVKtB5uoSd/4HbsZSuTdngIGHc3xh1pTy4MdGS', 'user5@photomedia.fr', 0),
(7, 'User6', NULL, '$2y$12$MsBbVXpRipZgooXUwmi7FOh1JwzsWWBkixdzuKSgE8XxCUpxz4rxW', 'user6@photomedia.fr', 0),
(8, 'User7', NULL, '$2y$12$IwGCtFuHJSyyNbVT6ZGsJO1XshEkRPKdymq9Z.Jnmjd87.z4ne50O', 'user7@photomedia.fr', 0),
(9, 'User8', NULL, '$2y$12$N0hTn2jsZ/iSChbJP4KUbeXtEBFvMTBO4nk6lvXQMFN5SkAc.PSI2', 'user8@photomedia.fr', 0),
(10, 'User9', NULL, '$2y$12$7GTZbR9jqcoqQoa00qvlDubv7kDJrW1pr9jbPNmlhMahc1LwtPJJ2', 'user9@photomedia.fr', 0),
(11, 'User10', NULL, '$2y$12$sB3Hg1cbHbCJzxP.QfbZ6e4/hAE5wTIVeBAHRY6IdfIQYhUWSVTC6', 'user10@photomedia.fr', 0),
(12, 'User11', NULL, '$2y$12$nJP/MBnH6A9SAc8RYgChcuQgMfaCKi8LgqelYsYHOIOrlo07Vdmm2', 'user11@photomedia.fr', 0),
(13, 'User12', NULL, '$2y$12$D6EaImRNZQOQkuUo1LYKVefOOXEuSjbya23MsfpESt.lQQTIVxcPO', 'user12@photomedia.fr', 0),
(14, 'User13', NULL, '$2y$12$eoItHvH5gt/rGLOm0V0OXehl9oEJZo5ss5vVbbFX0985INENmY9bi', 'user13@photomedia.fr', 0),
(15, 'User14', NULL, '$2y$12$rw0NyHTDZ8xIFKh31NaUr.b1oRDJqKCiBOOaKA1khH1mA.W/k3Gsa', 'user14@photomedia.fr', 0),
(16, 'User15', NULL, '$2y$12$5wbXCawl8jWpdhVMQBEs4u3VIqVCzD22dpXYIoOQtZu8EF3bGuixe', 'user15@photomedia.fr', 0),
(17, 'User16', NULL, '$2y$12$Nm6/Rwp.GVa/r8COPtihmOfT3/ZWhdV7EEVELYJhZEvXeWY26SsUC', 'user16@photomedia.fr', 0),
(18, 'User17', NULL, '$2y$12$ZtQOWDWwanToe3VMthEI9e/AbGrTLzLIwgTo1oWTQTm21odgClXKO', 'user17@photomedia.fr', 0),
(19, 'User18', NULL, '$2y$12$/rtDlJ2aAcQSrYdPRJhWnOZ9sxMsxu1lDM70TK2mw9Lq4/E6HqZOe', 'user18@photomedia.fr', 0),
(20, 'User19', NULL, '$2y$12$PkDQ6I9cOqRy7PMTizlU/ubhxRxksOjOA.SWuMQ53FUEAmLUeRk7q', 'user19@photomedia.fr', 0),
(21, 'User20', NULL, '$2y$12$pNicdl5hpHi.7n4BrJq/QelqAi18nM.eLGmi1rjWV7Qxc3zO8T.u6', 'user20@photomedia.fr', 0),
(22, 'User21', NULL, '$2y$12$iyIqp6IQj59WJD5Uj/RpeO.1qolP6wTZacOIwvrlljd3tgVW4JZHC', 'user21@photomedia.fr', 0),
(23, 'User22', NULL, '$2y$12$TzuLnjq3PpWDzMWUZ1CbfuwWAo2cEE8tQNjt4zp7nuWIQBaarVnc.', 'user22@photomedia.fr', 0),
(24, 'User23', NULL, '$2y$12$X.gJViVSO1t8wNw3ylz8J.2miiCfoSBb6przcs7rKBpbKurvjXp5G', 'user23@photomedia.fr', 0),
(25, 'User24', NULL, '$2y$12$H/T6P2szqO0UVGu5Yb/SNOWo5CyJoAegwPXKsuXYTKchgGHcExn2S', 'user24@photomedia.fr', 0);

-- --------------------------------------------------------

--
-- Structure de la table `user_galery`
--

CREATE TABLE `user_galery` (
  `id_user` int DEFAULT NULL,
  `id_galery` int DEFAULT NULL,
  `role` varchar(32) DEFAULT NULL
) ENGINE=InnoDB DEFAULT CHARSET=utf8mb3;

--
-- Déchargement des données de la table `user_galery`
--

INSERT INTO `user_galery` (`id_user`, `id_galery`, `role`) VALUES
(1, 1, 'owner'),
(2, 2, 'owner'),
(3, 3, 'owner'),
(4, 4, 'owner'),
(5, 5, 'owner'),
(6, 6, 'owner'),
(7, 7, 'owner'),
(8, 8, 'owner'),
(9, 9, 'owner'),
(10, 10, 'owner'),
(11, 11, 'owner'),
(12, 12, 'owner'),
(13, 13, 'owner'),
(14, 14, 'owner'),
(15, 15, 'owner'),
(16, 16, 'owner'),
(17, 17, 'owner'),
(18, 18, 'owner'),
(19, 19, 'owner'),
(20, 20, 'owner'),
(21, 21, 'owner'),
(22, 22, 'owner'),
(23, 23, 'owner'),
(24, 24, 'owner'),
(25, 25, 'owner'),
(1, 26, 'owner'),
(2, 27, 'owner'),
(3, 28, 'owner'),
(4, 29, 'owner'),
(5, 30, 'owner'),
(6, 31, 'owner'),
(7, 32, 'owner'),
(8, 33, 'owner'),
(9, 34, 'owner'),
(10, 35, 'owner'),
(11, 36, 'owner'),
(12, 37, 'owner'),
(13, 38, 'owner'),
(14, 39, 'owner'),
(15, 40, 'owner'),
(16, 41, 'owner'),
(17, 42, 'owner'),
(18, 43, 'owner'),
(19, 44, 'owner'),
(20, 45, 'owner'),
(21, 46, 'owner'),
(22, 47, 'owner'),
(23, 48, 'owner'),
(24, 49, 'owner'),
(25, 50, 'owner');

-- --------------------------------------------------------

--
-- Structure de la table `user_organization`
--

CREATE TABLE `user_organization` (
  `id_user` int DEFAULT NULL,
  `id_organization` int DEFAULT NULL,
  `role` varchar(32) DEFAULT NULL
) ENGINE=InnoDB DEFAULT CHARSET=utf8mb3;

--
-- Index pour les tables déchargées
--

--
-- Index pour la table `comment`
--
ALTER TABLE `comment`
  ADD PRIMARY KEY (`id`),
  ADD KEY `id_picture` (`id_picture`),
  ADD KEY `id_user` (`id_user`);

--
-- Index pour la table `galery`
--
ALTER TABLE `galery`
  ADD PRIMARY KEY (`id`);

--
-- Index pour la table `galery_tag`
--
ALTER TABLE `galery_tag`
  ADD KEY `id_tag` (`id_tag`),
  ADD KEY `id_galery` (`id_galery`);

--
-- Index pour la table `organization`
--
ALTER TABLE `organization`
  ADD PRIMARY KEY (`id`);

--
-- Index pour la table `picture`
--
ALTER TABLE `picture`
  ADD PRIMARY KEY (`id`),
  ADD KEY `id_galery` (`id_galery`);

--
-- Index pour la table `picture_tag`
--
ALTER TABLE `picture_tag`
  ADD KEY `id_tag` (`id_tag`),
  ADD KEY `id_picture` (`id_picture`);

--
-- Index pour la table `tag`
--
ALTER TABLE `tag`
  ADD PRIMARY KEY (`id`);

--
-- Index pour la table `user`
--
ALTER TABLE `user`
  ADD PRIMARY KEY (`id`);

--
-- Index pour la table `user_galery`
--
ALTER TABLE `user_galery`
  ADD KEY `id_user` (`id_user`),
  ADD KEY `id_galery` (`id_galery`);

--
-- Index pour la table `user_organization`
--
ALTER TABLE `user_organization`
  ADD KEY `fk_id_user` (`id_user`),
  ADD KEY `fk_id_orga` (`id_organization`);

--
-- AUTO_INCREMENT pour les tables déchargées
--

--
-- AUTO_INCREMENT pour la table `comment`
--
ALTER TABLE `comment`
  MODIFY `id` int NOT NULL AUTO_INCREMENT;

--
-- AUTO_INCREMENT pour la table `galery`
--
ALTER TABLE `galery`
  MODIFY `id` int NOT NULL AUTO_INCREMENT, AUTO_INCREMENT=51;

--
-- AUTO_INCREMENT pour la table `organization`
--
ALTER TABLE `organization`
  MODIFY `id` int NOT NULL AUTO_INCREMENT;

--
-- AUTO_INCREMENT pour la table `picture`
--
ALTER TABLE `picture`
  MODIFY `id` int NOT NULL AUTO_INCREMENT, AUTO_INCREMENT=2501;

--
-- AUTO_INCREMENT pour la table `tag`
--
ALTER TABLE `tag`
  MODIFY `id` int NOT NULL AUTO_INCREMENT, AUTO_INCREMENT=51;

--
-- AUTO_INCREMENT pour la table `user`
--
ALTER TABLE `user`
  MODIFY `id` int NOT NULL AUTO_INCREMENT, AUTO_INCREMENT=26;

--
-- Contraintes pour les tables déchargées
--

--
-- Contraintes pour la table `comment`
--
ALTER TABLE `comment`
  ADD CONSTRAINT `Comment_ibfk_1` FOREIGN KEY (`id_user`) REFERENCES `user` (`id`),
  ADD CONSTRAINT `Comment_ibfk_2` FOREIGN KEY (`id_picture`) REFERENCES `picture` (`id`);

--
-- Contraintes pour la table `galery_tag`
--
ALTER TABLE `galery_tag`
  ADD CONSTRAINT `Galery_Tag_ibfk_1` FOREIGN KEY (`id_galery`) REFERENCES `galery` (`id`),
  ADD CONSTRAINT `Galery_Tag_ibfk_2` FOREIGN KEY (`id_tag`) REFERENCES `tag` (`id`);

--
-- Contraintes pour la table `picture`
--
ALTER TABLE `picture`
  ADD CONSTRAINT `Picture_ibfk_1` FOREIGN KEY (`id_galery`) REFERENCES `galery` (`id`);

--
-- Contraintes pour la table `picture_tag`
--
ALTER TABLE `picture_tag`
  ADD CONSTRAINT `Picture_Tag_ibfk_1` FOREIGN KEY (`id_picture`) REFERENCES `picture` (`id`),
  ADD CONSTRAINT `Picture_Tag_ibfk_2` FOREIGN KEY (`id_tag`) REFERENCES `tag` (`id`);

--
-- Contraintes pour la table `user_galery`
--
ALTER TABLE `user_galery`
  ADD CONSTRAINT `User_Galery_ibfk_1` FOREIGN KEY (`id_galery`) REFERENCES `galery` (`id`),
  ADD CONSTRAINT `User_Galery_ibfk_2` FOREIGN KEY (`id_user`) REFERENCES `user` (`id`);

--
-- Contraintes pour la table `user_organization`
--
ALTER TABLE `user_organization`
  ADD CONSTRAINT `fk_id_orga` FOREIGN KEY (`id_organization`) REFERENCES `organization` (`id`),
  ADD CONSTRAINT `fk_id_user` FOREIGN KEY (`id_user`) REFERENCES `user` (`id`);
COMMIT;

/*!40101 SET CHARACTER_SET_CLIENT=@OLD_CHARACTER_SET_CLIENT */;
/*!40101 SET CHARACTER_SET_RESULTS=@OLD_CHARACTER_SET_RESULTS */;
/*!40101 SET COLLATION_CONNECTION=@OLD_COLLATION_CONNECTION */;
